scenario,strategy,replicate,generation,population_size,number_phenotyped,phenotyping_fraction,replications,phenotyping_cost_units,training_population_size,prediction_accuracy,number_of_selected_parents,population_mean_gv_before,population_variance_gv_before,selected_parent_mean_gv,selection_differential,next_generation_mean_gv,next_generation_variance_gv,realized_genetic_gain,selection_seconds,cycle_seconds,run_seed,scenario_heritability,scenario_number_to_phenotype,scenario_number_of_parents,scenario_number_of_generations,initial_batch_size,uncertainty_batch_size,selected_by_uncertainty,initial_model_accuracy,final_model_accuracy,model_score_batch_size,model_score
h2_0.20_budget_200_parents_20,random_sampling,1,1,1000,200,0.2,1,200,200,0.40380771013593353,20,-0.13314627914244168,0.9430240904123077,1.4663030187608908,1.5994492979033323,1.4405995895364758,0.9611245699266789,1.5737458686789174,,,30001,0.2,200,20,8,,,,,,,
h2_0.20_budget_200_parents_20,random_sampling,1,2,1000,200,0.2,1,200,200,0.6863807123113465,20,1.4405995895364758,0.9611245699266789,2.7084974819014263,1.2678978923649504,2.761393094479049,0.34781417357231487,1.3207935049425732,,,30001,0.2,200,20,8,,,,,,,
h2_0.20_budget_200_parents_20,random_sampling,1,3,1000,200,0.2,1,200,200,0.5541558269373694,20,2.761393094479049,0.34781417357231487,3.7826795688347556,1.0212864743557066,3.7822292753213533,0.2532698900083822,1.0208361808423043,,,30001,0.2,200,20,8,,,,,,,
h2_0.20_budget_200_parents_20,random_sampling,1,4,1000,200,0.2,1,200,200,0.5092412641145186,20,3.7822292753213533,0.2532698900083822,4.375236319480004,0.593007044158651,4.371646912503208,0.14137746078229313,0.5894176371818549,,,30001,0.2,200,20,8,,,,,,,
h2_0.20_budget_200_parents_20,random_sampling,1,5,1000,200,0.2,1,200,200,0.27639621486072524,20,4.371646912503208,0.14137746078229313,4.328597237738414,-0.043049674764794155,4.3124312168758205,0.1439886696491887,-0.05921569562738771,,,30001,0.2,200,20,8,,,,,,,
h2_0.20_budget_200_parents_20,random_sampling,1,6,1000,200,0.2,1,200,200,0.29882316253674673,20,4.3124312168758205,0.1439886696491887,4.551659768720063,0.23922855184424208,4.531322433112549,0.08479696829960363,0.21889121623672825,,,30001,0.2,200,20,8,,,,,,,
h2_0.20_budget_200_parents_20,random_sampling,1,7,1000,200,0.2,1,200,200,0.15540434249790497,20,4.531322433112549,0.08479696829960363,4.6364393389237755,0.10511690581122668,4.663031694055547,0.03027682084592982,0.13170926094299862,,,30001,0.2,200,20,8,,,,,,,
h2_0.20_budget_200_parents_20,random_sampling,1,8,1000,200,0.2,1,200,200,-0.11009411679102742,20,4.663031694055547,0.03027682084592982,4.702886643583858,0.03985494952831026,4.705750681176475,0.02236157213246548,0.04271898712092792,,,30001,0.2,200,20,8,,,,,,,
h2_0.20_budget_200_parents_20,fixed_sampling,1,1,1000,200,0.2,1,200,200,0.24112136817954055,20,-0.13314627914244168,0.9430240904123077,0.29364552468937183,0.4267918038318135,0.26727965127401004,1.27265637494438,0.4004259304164517,,,30001,0.2,200,20,8,,,,,,,
h2_0.20_budget_200_parents_20,fixed_sampling,1,2,1000,200,0.2,1,200,200,0.6871493363534035,20,0.26727965127401004,1.27265637494438,1.3283397550743026,1.0610601038002925,1.3132871501557848,0.8337148910621808,1.0460074988817747,,,30001,0.2,200,20,8,,,,,,,
h2_0.20_budget_200_parents_20,fixed_sampling,1,3,1000,200,0.2,1,200,200,0.6563833923487651,20,1.3132871501557848,0.8337148910621808,2.552502841728743,1.2392156915729584,2.6004267478211776,0.46855578327899383,1.2871395976653928,,,30001,0.2,200,20,8,,,,,,,
h2_0.20_budget_200_parents_20,fixed_sampling,1,4,1000,200,0.2,1,200,200,0.5120381144398878,20,2.6004267478211776,0.46855578327899383,3.2370237713594157,0.6365970235382381,3.2546754392264314,0.27136207629716247,0.6542486914052539,,,30001,0.2,200,20,8,,,,,,,
h2_0.20_budget_200_parents_20,fixed_sampling,1,5,1000,200,0.2,1,200,200,0.5153499094215903,20,3.2546754392264314,0.27136207629716247,3.7245520480953673,0.4698766088689359,3.687189393846198,0.16786857391796442,0.4325139546197665,,,30001,0.2,200,20,8,,,,,,,
h2_0.20_budget_200_parents_20,fixed_sampling,1,6,1000,200,0.2,1,200,200,0.04236248263923452,20,3.687189393846198,0.16786857391796442,3.7368489901787245,0.04965959633252659,3.7602336374527887,0.13573554555120704,0.07304424360659079,,,30001,0.2,200,20,8,,,,,,,
h2_0.20_budget_200_parents_20,fixed_sampling,1,7,1000,200,0.2,1,200,200,0.47120973251708215,20,3.7602336374527887,0.13573554555120704,4.145112528366033,0.3848788909132441,4.126786082660315,0.07448776710328125,0.3665524452075264,,,30001,0.2,200,20,8,,,,,,,
h2_0.20_budget_200_parents_20,fixed_sampling,1,8,1000,200,0.2,1,200,200,0.5208903156361746,20,4.126786082660315,0.07448776710328125,4.552064199974393,0.42527811731407805,4.547527565507566,0.022676866956040393,0.42074148284725066,,,30001,0.2,200,20,8,,,,,,,
h2_0.20_budget_200_parents_20,diversity_sampling,1,1,1000,200,0.2,1,200,200,0.3249793095182585,20,-0.13314627914244168,0.9430240904123077,1.6489739677191095,1.7821202468615511,1.6288521082997605,0.47294987314693515,1.761998387442202,,,30001,0.2,200,20,8,,,,,,,
h2_0.20_budget_200_parents_20,diversity_sampling,1,2,1000,200,0.2,1,200,200,0.39095487691459835,20,1.6288521082997605,0.47294987314693515,2.098140423639073,0.4692883153393126,2.133516582090534,0.5225368494019018,0.5046644737907737,,,30001,0.2,200,20,8,,,,,,,
h2_0.20_budget_200_parents_20,diversity_sampling,1,3,1000,200,0.2,1,200,200,0.5695924107055785,20,2.133516582090534,0.5225368494019018,2.9010167466240477,0.7675001645335136,2.917452409345808,0.4095782515356454,0.7839358272552737,,,30001,0.2,200,20,8,,,,,,,
h2_0.20_budget_200_parents_20,diversity_sampling,1,4,1000,200,0.2,1,200,200,0.5556032765575386,20,2.917452409345808,0.4095782515356454,3.603015660344237,0.6855632509984293,3.579875864328934,0.21231694024657963,0.6624234549831263,,,30001,0.2,200,20,8,,,,,,,
h2_0.20_budget_200_parents_20,diversity_sampling,1,5,1000,200,0.2,1,200,200,0.330235173661741,20,3.579875864328934,0.21231694024657963,4.300430065925865,0.7205542015969311,4.325910167405667,0.23063570659176522,0.7460343030767325,,,30001,0.2,200,20,8,,,,,,,
h2_0.20_budget_200_parents_20,diversity_sampling,1,6,1000,200,0.2,1,200,200,0.2454666406348887,20,4.325910167405667,0.23063570659176522,4.63357132920756,0.3076611618018932,4.658708613098118,0.1287471104667922,0.3327984456924513,,,30001,0.2,200,20,8,,,,,,,
h2_0.20_budget_200_parents_20,diversity_sampling,1,7,1000,200,0.2,1,200,200,0.1406652746664228,20,4.658708613098118,0.1287471104667922,4.899673253154477,0.24096464005635898,4.923396215989315,0.10595742445299172,0.26468760289119686,,,30001,0.2,200,20,8,,,,,,,
h2_0.20_budget_200_parents_20,diversity_sampling,1,8,1000,200,0.2,1,200,200,0.4341943850794243,20,4.923396215989315,0.10595742445299172,5.225907634115493,0.3025114181261781,5.21454241172116,0.05304881776648692,0.2911461957318453,,,30001,0.2,200,20,8,,,,,,,
h2_0.20_budget_200_parents_20,active_learning_pev,1,1,1000,200,0.2,1,200,200,0.4285728322313971,20,-0.13314627914244165,0.9430240904123077,1.3123958088282297,1.4455420879706713,1.1850906867130029,0.6772240385877029,1.3182369658554445,0.6636550260009244,0.7940490409964696,30001,0.2,200,20,8,50.0,150.0,True,0.30008793366917375,0.4285728322313971,,
h2_0.20_budget_200_parents_20,active_learning_pev,1,2,1000,200,0.2,1,200,200,0.57417296386097,20,1.1850906867130029,0.6772240385877029,1.1257994972832153,-0.059291189429787616,2.3600055791264603,0.3568853918356925,1.1749148924134574,0.47527366402209736,0.6334325099887792,30001,0.2,200,20,8,50.0,150.0,True,0.5164809209818485,0.57417296386097,,
h2_0.20_budget_200_parents_20,active_learning_pev,1,3,1000,200,0.2,1,200,200,0.42868767974798966,20,2.3600055791264603,0.3568853918356925,0.4322748401892822,-1.927730738937178,2.7924612028160065,0.3049920690938783,0.43245562368954626,0.3409896820085123,0.46303122100653127,30001,0.2,200,20,8,50.0,150.0,True,0.15673077252766462,0.42868767974798966,,
h2_0.20_budget_200_parents_20,active_learning_pev,1,4,1000,200,0.2,1,200,200,0.15645566437482783,20,2.7924612028160065,0.3049920690938783,0.3168163046502569,-2.4756448981657497,3.081894766304042,0.3091460330067843,0.2894335634880356,0.3403550799994264,0.4264469019835815,30001,0.2,200,20,8,50.0,150.0,True,-0.006629373838456207,0.15645566437482783,,
h2_0.20_budget_200_parents_20,active_learning_pev,1,5,1000,200,0.2,1,200,200,0.44033876987257714,20,3.081894766304042,0.3091460330067843,0.3127973404809968,-2.769097425823045,3.3974823843725663,0.4111325618125752,0.3155876180685242,0.35365947100217454,0.4454096010013018,30001,0.2,200,20,8,50.0,150.0,True,0.4408691241264462,0.44033876987257714,,
h2_0.20_budget_200_parents_20,active_learning_pev,1,6,1000,200,0.2,1,200,200,0.6835466042407128,20,3.3974823843725663,0.4111325618125752,1.0027592211549807,-2.3947231632175856,4.407930136270527,0.13696361815814415,1.0104477518979604,0.290460960008204,0.3778805900074076,30001,0.2,200,20,8,50.0,150.0,True,0.33721900961832435,0.6835466042407128,,
h2_0.20_budget_200_parents_20,active_learning_pev,1,7,1000,200,0.2,1,200,200,0.38799992297849456,20,4.407930136270527,0.13696361815814415,0.44338192563648055,-3.9645482106340464,4.850229013331547,0.04792548156087772,0.44229887706102033,0.2637216889997944,0.35200777198770083,30001,0.2,200,20,8,50.0,150.0,True,0.1964546053619036,0.38799992297849456,,
h2_0.20_budget_200_parents_20,active_learning_pev,1,8,1000,200,0.2,1,200,200,0.24404033633152444,20,4.850229013331547,0.04792548156087772,0.06486175534464493,-4.785367257986902,4.913940599348416,0.028658666698953447,0.06371158601686933,0.2632858639990445,0.37898035801481456,30001,0.2,200,20,8,50.0,150.0,True,0.27048686316031323,0.24404033633152444,,
h2_0.20_budget_200_parents_20,highest_gebv,1,1,1000,200,0.2,1,200,200,0.3227939905067222,20,-0.13314627914244165,0.9430240904123077,0.9975861559982266,1.1307324351406682,0.8403482785432859,0.7351219292115386,0.9734945576857275,0.32737990497844294,0.4519349229813088,30001,0.2,200,20,8,50.0,,False,0.30008793366917375,0.3227939905067222,150.0,predicted_gebv
h2_0.20_budget_200_parents_20,highest_gebv,1,2,1000,200,0.2,1,200,200,0.662347631485531,20,0.8403482785432859,0.7351219292115386,0.6254814983976201,-0.21486678014566574,1.4294416997808062,0.36182285054481594,0.5890934212375203,0.2257320240023546,0.33287667398690246,30001,0.2,200,20,8,50.0,,False,0.2817282291168364,0.662347631485531,150.0,predicted_gebv
h2_0.20_budget_200_parents_20,highest_gebv,1,3,1000,200,0.2,1,200,200,0.03987197915826161,20,1.4294416997808062,0.36182285054481594,-0.16799334946549957,-1.5974350492463056,1.2789964264737281,0.36576126368306855,-0.15044527330707802,0.13270691499928944,0.22602511500008404,30001,0.2,200,20,8,50.0,,False,0.19230983356933587,0.03987197915826161,150.0,predicted_gebv
h2_0.20_budget_200_parents_20,highest_gebv,1,4,1000,200,0.2,1,200,200,0.2586497273073009,20,1.2789964264737281,0.36576126368306855,0.5513564133266505,-0.7276400131470776,1.831439783708796,0.24973242609362928,0.5524433572350678,0.07295609399443492,0.16307335000601597,30001,0.2,200,20,8,50.0,,False,0.39387053029604313,0.2586497273073009,150.0,predicted_gebv
h2_0.20_budget_200_parents_20,highest_gebv,1,5,1000,200,0.2,1,200,200,0.4480746241539867,20,1.831439783708796,0.24973242609362928,1.1308520417935344,-0.7005877419152615,2.868286557780959,0.23547498678114648,1.0368467740721632,0.06180418698932044,0.1367693229985889,30001,0.2,200,20,8,50.0,,False,0.27095597746190175,0.4480746241539867,150.0,predicted_gebv
h2_0.20_budget_200_parents_20,highest_gebv,1,6,1000,200,0.2,1,200,200,0.21079361662947066,20,2.868286557780959,0.23547498678114648,0.2482253120573925,-2.6200612457235666,3.09520444919336,0.058131955672191225,0.22691789141240104,0.05415462498785928,0.1801435289962683,30001,0.2,200,20,8,50.0,,False,0.2153119993874319,0.21079361662947066,150.0,predicted_gebv
h2_0.20_budget_200_parents_20,highest_gebv,1,7,1000,200,0.2,1,200,200,0.24403386813073166,20,3.09520444919336,0.058131955672191225,0.21570863893227815,-2.879495810261082,3.285807663199513,0.036950884187627674,0.19060321400615265,0.04792097699828446,0.131772410008125,30001,0.2,200,20,8,50.0,,False,0.22558891386632346,0.24403386813073166,150.0,predicted_gebv
h2_0.20_budget_200_parents_20,highest_gebv,1,8,1000,200,0.2,1,200,200,0.6640990278664706,20,3.285807663199513,0.036950884187627674,0.3654437480356811,-2.920363915163832,3.6442413621993346,0.014857833628779613,0.3584336989998218,0.038575576996663585,0.11699977298849262,30001,0.2,200,20,8,50.0,,False,0.41226758091051896,0.6640990278664706,150.0,predicted_gebv
h2_0.20_budget_200_parents_20,random_sampling,2,1,1000,200,0.2,1,200,200,0.2993750945507926,20,-0.13314627914244168,0.9430240904123077,0.49523259322835067,0.6283788723707924,0.541548129851834,0.780062998280247,0.6746944089942757,,,30002,0.2,200,20,8,,,,,,,
h2_0.20_budget_200_parents_20,random_sampling,2,2,1000,200,0.2,1,200,200,0.37389763399523446,20,0.541548129851834,0.780062998280247,1.3974242330789683,0.8558761032271344,1.3926564015513168,0.6462233557160697,0.8511082716994828,,,30002,0.2,200,20,8,,,,,,,
h2_0.20_budget_200_parents_20,random_sampling,2,3,1000,200,0.2,1,200,200,0.4757443201319848,20,1.3926564015513168,0.6462233557160697,2.3565698709503735,0.9639134693990568,2.3378280050333275,0.3062888560759503,0.9451716034820108,,,30002,0.2,200,20,8,,,,,,,
h2_0.20_budget_200_parents_20,random_sampling,2,4,1000,200,0.2,1,200,200,0.3826677221742462,20,2.3378280050333275,0.3062888560759503,2.4416134742309032,0.1037854691975757,2.4467796515344067,0.2376481623974857,0.10895164650107914,,,30002,0.2,200,20,8,,,,,,,
h2_0.20_budget_200_parents_20,random_sampling,2,5,1000,200,0.2,1,200,200,0.4802321843795522,20,2.4467796515344067,0.2376481623974857,2.9608775126655287,0.514097861131122,2.9778970745474167,0.051670407231073336,0.53111742301301,,,30002,0.2,200,20,8,,,,,,,
h2_0.20_budget_200_parents_20,random_sampling,2,6,1000,200,0.2,1,200,200,0.21176300030122652,20,2.9778970745474167,0.051670407231073336,3.0269815570760867,0.04908448252867004,3.031967750408743,0.017553287121876874,0.0540706758613263,,,30002,0.2,200,20,8,,,,,,,
h2_0.20_budget_200_parents_20,random_sampling,2,7,1000,200,0.2,1,200,200,0.17511955360835357,20,3.031967750408743,0.017553287121876874,3.053858382361456,0.02189063195271279,3.0482860953475606,0.021768549037931312,0.016318344938817564,,,30002,0.2,200,20,8,,,,,,,
h2_0.20_budget_200_parents_20,random_sampling,2,8,1000,200,0.2,1,200,200,0.3222378662612699,20,3.0482860953475606,0.021768549037931312,3.1362435650236176,0.087957469676057,3.1451977881500035,0.01589631977167854,0.09691169280244294,,,30002,0.2,200,20,8,,,,,,,
h2_0.20_budget_200_parents_20,fixed_sampling,2,1,1000,200,0.2,1,200,200,0.30120486433865484,20,-0.13314627914244168,0.9430240904123077,0.5179596991326832,0.651105978275125,0.49117768165129744,0.8878205521164704,0.6243239607937391,,,30002,0.2,200,20,8,,,,,,,
h2_0.20_budget_200_parents_20,fixed_sampling,2,2,1000,200,0.2,1,200,200,0.5281217831017654,20,0.49117768165129744,0.8878205521164704,1.3576030719826937,0.8664253903313963,1.3568928468562313,0.6094415768638878,0.865715165204934,,,30002,0.2,200,20,8,,,,,,,
h2_0.20_budget_200_parents_20,fixed_sampling,2,3,1000,200,0.2,1,200,200,0.21342523740891853,20,1.3568928468562313,0.6094415768638878,1.500337588925531,0.1434447420692997,1.5509492647452376,0.5399511187610967,0.1940564178890063,,,30002,0.2,200,20,8,,,,,,,
h2_0.20_budget_200_parents_20,fixed_sampling,2,4,1000,200,0.2,1,200,200,0.5586884368114816,20,1.5509492647452376,0.5399511187610967,2.4937146318779453,0.9427653671327076,2.5027715875387253,0.29774931175956004,0.9518223227934877,,,30002,0.2,200,20,8,,,,,,,
h2_0.20_budget_200_parents_20,fixed_sampling,2,5,1000,200,0.2,1,200,200,0.44130093640908463,20,2.5027715875387253,0.29774931175956004,2.886624947145938,0.3838533596072127,2.872857045827033,0.16931979610227768,0.37008545828830774,,,30002,0.2,200,20,8,,,,,,,
h2_0.20_budget_200_parents_20,fixed_sampling,2,6,1000,200,0.2,1,200,200,0.5447160223160638,20,2.872857045827033,0.16931979610227768,3.4420931658935454,0.5692361200665124,3.44249863305514,0.08913958469200524,0.5696415872281069,,,30002,0.2,200,20,8,,,,,,,
h2_0.20_budget_200_parents_20,fixed_sampling,2,7,1000,200,0.2,1,200,200,0.2776857179493982,20,3.44249863305514,0.08913958469200524,3.6269984649411033,0.18449983188596342,3.6355562869369393,0.08190467205594311,0.1930576538817994,,,30002,0.2,200,20,8,,,,,,,
h2_0.20_budget_200_parents_20,fixed_sampling,2,8,1000,200,0.2,1,200,200,-0.04306269067097189,20,3.6355562869369393,0.08190467205594311,3.714472893161627,0.07891660622468777,3.6957596278166256,0.09686595666261391,0.06020334087968626,,,30002,0.2,200,20,8,,,,,,,
h2_0.20_budget_200_parents_20,diversity_sampling,2,1,1000,200,0.2,1,200,200,0.3851738658868209,20,-0.13314627914244168,0.9430240904123077,1.0781865528221348,1.2113328319645764,1.1082782339732904,0.8147562163722275,1.241424513115732,,,30002,0.2,200,20,8,,,,,,,
h2_0.20_budget_200_parents_20,diversity_sampling,2,2,1000,200,0.2,1,200,200,0.4806974846823445,20,1.1082782339732904,0.8147562163722275,1.9108103062594697,0.8025320722861793,1.8674803704315306,0.6242247412668681,0.7592021364582402,,,30002,0.2,200,20,8,,,,,,,
h2_0.20_budget_200_parents_20,diversity_sampling,2,3,1000,200,0.2,1,200,200,0.46557342319561157,20,1.8674803704315306,0.6242247412668681,2.9981472211193774,1.1306668506878468,3.0369743809960137,0.7710849376785583,1.169494010564483,,,30002,0.2,200,20,8,,,,,,,
h2_0.20_budget_200_parents_20,diversity_sampling,2,4,1000,200,0.2,1,200,200,0.42249087915064776,20,3.0369743809960137,0.7710849376785583,3.5588648459257928,0.5218904649297791,3.5348566993405575,0.6345290278240846,0.4978823183445438,,,30002,0.2,200,20,8,,,,,,,
h2_0.20_budget_200_parents_20,diversity_sampling,2,5,1000,200,0.2,1,200,200,0.5281235875001005,20,3.5348566993405575,0.6345290278240846,4.694268014196431,1.1594113148558733,4.713244495160322,0.31118565923203306,1.1783877958197646,,,30002,0.2,200,20,8,,,,,,,
h2_0.20_budget_200_parents_20,diversity_sampling,2,6,1000,200,0.2,1,200,200,0.45866746462860286,20,4.713244495160322,0.31118565923203306,5.200068526198391,0.48682403103806937,5.170909589869615,0.20053656782609897,0.4576650947092933,,,30002,0.2,200,20,8,,,,,,,
h2_0.20_budget_200_parents_20,diversity_sampling,2,7,1000,200,0.2,1,200,200,0.29468443845364456,20,5.170909589869615,0.20053656782609897,5.553283505936927,0.3823739160673121,5.5061636745925275,0.24686543249922938,0.3352540847229122,,,30002,0.2,200,20,8,,,,,,,
h2_0.20_budget_200_parents_20,diversity_sampling,2,8,1000,200,0.2,1,200,200,0.2815696765388449,20,5.5061636745925275,0.24686543249922938,5.726702138374105,0.22053846378157704,5.677398546521494,0.12632977407081605,0.17123487192896647,,,30002,0.2,200,20,8,,,,,,,
h2_0.20_budget_200_parents_20,active_learning_pev,2,1,1000,200,0.2,1,200,200,0.3536283807362311,20,-0.13314627914244165,0.9430240904123077,0.5096116585009419,0.6427579376433836,0.2771030202826663,0.9046771323421479,0.41024929942510796,0.6004545479954686,0.7523011460143607,30002,0.2,200,20,8,50.0,150.0,True,0.31290187248491047,0.3536283807362311,,
h2_0.20_budget_200_parents_20,active_learning_pev,2,2,1000,200,0.2,1,200,200,0.6154940962726455,20,0.2771030202826663,0.9046771323421479,1.313192824432733,1.0360898041500668,1.525730823499031,0.6081614122060353,1.2486278032163647,0.4701450630091131,0.6206126179895364,30002,0.2,200,20,8,50.0,150.0,True,0.49036082823195104,0.6154940962726455,,
h2_0.20_budget_200_parents_20,active_learning_pev,2,3,1000,200,0.2,1,200,200,0.45736710131203245,20,1.525730823499031,0.6081614122060353,1.0972631604472958,-0.4284676630517352,2.6720623218372603,0.5137948735814624,1.1463314983382293,0.40547833099844866,0.49257982600829564,30002,0.2,200,20,8,50.0,150.0,True,0.09956850983878113,0.45736710131203245,,
h2_0.20_budget_200_parents_20,active_learning_pev,2,4,1000,200,0.2,1,200,200,0.31594293444665444,20,2.6720623218372603,0.5137948735814624,0.5769333024367496,-2.0951290194005106,3.209296450356835,0.34250487925629625,0.5372341285195747,0.3231264780042693,0.418604481004877,30002,0.2,200,20,8,50.0,150.0,True,0.2646453508959166,0.31594293444665444,,
h2_0.20_budget_200_parents_20,active_learning_pev,2,5,1000,200,0.2,1,200,200,0.2849876249581793,20,3.209296450356835,0.34250487925629625,0.3088411904669762,-2.900455259889859,3.4665555084052766,0.43514580465133773,0.2572590580484415,0.2949134180089459,0.37871063701459207,30002,0.2,200,20,8,50.0,150.0,True,0.12136185230383881,0.2849876249581793,,
h2_0.20_budget_200_parents_20,active_learning_pev,2,6,1000,200,0.2,1,200,200,0.4309053022828475,20,3.4665555084052766,0.43514580465133773,0.8603424240071945,-2.606213084398082,4.340406545042865,0.31267959574650245,0.8738510366375882,0.2895065619959496,0.3797564179985784,30002,0.2,200,20,8,50.0,150.0,True,0.43462450694732085,0.4309053022828475,,
h2_0.20_budget_200_parents_20,active_learning_pev,2,7,1000,200,0.2,1,200,200,0.5695876289689251,20,4.340406545042865,0.31267959574650245,0.5349467652336966,-3.8054597798091683,4.855152155490023,0.1850984471569317,0.5147456104471582,0.2788432650268078,0.3642683819925878,30002,0.2,200,20,8,50.0,150.0,True,0.11351781937671285,0.5695876289689251,,
h2_0.20_budget_200_parents_20,active_learning_pev,2,8,1000,200,0.2,1,200,200,0.5809055273376125,20,4.855152155490023,0.1850984471569317,0.5714960052501014,-4.2836561502399215,5.406153283974324,0.11117900249922416,0.5510011284843008,0.25078554201172665,0.3390609629859682,30002,0.2,200,20,8,50.0,150.0,True,0.4624738076118074,0.5809055273376125,,
h2_0.20_budget_200_parents_20,highest_gebv,2,1,1000,200,0.2,1,200,200,0.3993129415306111,20,-0.13314627914244165,0.9430240904123077,1.1825770251278909,1.3157233042703325,1.057094757655207,0.6971311889495992,1.1902410367976486,0.34510711999610066,0.48627135300193913,30002,0.2,200,20,8,50.0,,False,0.31290187248491047,0.3993129415306111,150.0,predicted_gebv
h2_0.20_budget_200_parents_20,highest_gebv,2,2,1000,200,0.2,1,200,200,0.418595509137361,20,1.057094757655207,0.6971311889495992,0.9135778644181334,-0.14351689323707362,1.929927684536742,0.8677040450667606,0.8728329268815349,0.2504185800207779,0.38413556301384233,30002,0.2,200,20,8,50.0,,False,0.2986873250705909,0.418595509137361,150.0,predicted_gebv
h2_0.20_budget_200_parents_20,highest_gebv,2,3,1000,200,0.2,1,200,200,0.5406623260069623,20,1.929927684536742,0.8677040450667606,1.2774495370915562,-0.6524781474451857,3.2054449663289497,0.2543618281763831,1.2755172817922078,0.1765183119860012,0.272598209005082,30002,0.2,200,20,8,50.0,,False,0.4224314394497517,0.5406623260069623,150.0,predicted_gebv
h2_0.20_budget_200_parents_20,highest_gebv,2,4,1000,200,0.2,1,200,200,0.3635939170178376,20,3.2054449663289497,0.2543618281763831,0.2968807053957401,-2.9085642609332094,3.493838974546114,0.18480110879995734,0.2883940082171641,0.1431836569972802,0.21663311301381327,30002,0.2,200,20,8,50.0,,False,0.2095406463383887,0.3635939170178376,150.0,predicted_gebv
h2_0.20_budget_200_parents_20,highest_gebv,2,5,1000,200,0.2,1,200,200,0.5660903751365322,20,3.493838974546114,0.18480110879995734,0.5483466877098384,-2.9454922868362754,4.057050282638064,0.05232757606816259,0.5632113080919505,0.05682235999847762,0.1357228310080245,30002,0.2,200,20,8,50.0,,False,0.40633352119754707,0.5660903751365322,150.0,predicted_gebv
h2_0.20_budget_200_parents_20,highest_gebv,2,6,1000,200,0.2,1,200,200,-0.01016702396241924,20,4.057050282638064,0.05232757606816259,0.036426158608127875,-4.020624124029936,4.0879730825556395,0.008109274630263147,0.030922799917575183,0.053387038002256304,0.12336509002489038,30002,0.2,200,20,8,50.0,,False,0.23198347142744954,-0.01016702396241924,150.0,predicted_gebv
h2_0.20_budget_200_parents_20,highest_gebv,2,7,1000,200,0.2,1,200,200,-0.07303187628533159,20,4.0879730825556395,0.008109274630263147,-0.06811198524051998,-4.15608506779616,4.01986109731512,0.013499346082455536,-0.06811198524051942,0.044242248026421294,0.16809715100680478,30002,0.2,200,20,8,50.0,,False,-0.15484704990941417,-0.07303187628533159,150.0,predicted_gebv
h2_0.20_budget_200_parents_20,highest_gebv,2,8,1000,200,0.2,1,200,200,0.13644282494827303,20,4.01986109731512,0.013499346082455536,0.05835680639496545,-3.9615042909201548,4.088255274410019,0.010415004580973608,0.06839417709489926,0.035386028001084924,0.11427455701050349,30002,0.2,200,20,8,50.0,,False,-0.27897003267127163,0.13644282494827303,150.0,predicted_gebv
h2_0.20_budget_200_parents_20,random_sampling,3,1,1000,200,0.2,1,200,200,0.3507116954839225,20,-0.13314627914244168,0.9430240904123077,0.4407303929350988,0.5738766720775405,0.4989907265847203,0.6474951922419206,0.632137005727162,,,30003,0.2,200,20,8,,,,,,,
h2_0.20_budget_200_parents_20,random_sampling,3,2,1000,200,0.2,1,200,200,0.27366064148756886,20,0.4989907265847203,0.6474951922419206,0.8708193107501109,0.37182858416539055,0.8885706430950764,0.5619151525835391,0.38957991651035606,,,30003,0.2,200,20,8,,,,,,,
h2_0.20_budget_200_parents_20,random_sampling,3,3,1000,200,0.2,1,200,200,0.37558035395550077,20,0.8885706430950764,0.5619151525835391,1.2879117198794492,0.3993410767843728,1.293789415814173,0.6096706140760819,0.40521877271909656,,,30003,0.2,200,20,8,,,,,,,
h2_0.20_budget_200_parents_20,random_sampling,3,4,1000,200,0.2,1,200,200,0.5895260115107102,20,1.293789415814173,0.6096706140760819,2.429679072817624,1.1358896570034511,2.427185934627297,0.42271032413874987,1.133396518813124,,,30003,0.2,200,20,8,,,,,,,
h2_0.20_budget_200_parents_20,random_sampling,3,5,1000,200,0.2,1,200,200,0.5747272669927219,20,2.427185934627297,0.42271032413874987,3.073628195630258,0.646442261002961,3.059484804330187,0.11639217984423811,0.6322988697028902,,,30003,0.2,200,20,8,,,,,,,
h2_0.20_budget_200_parents_20,random_sampling,3,6,1000,200,0.2,1,200,200,0.3600901469759995,20,3.059484804330187,0.11639217984423811,3.2211699928114497,0.16168518848126245,3.234804722098632,0.09417821783119125,0.1753199177684448,,,30003,0.2,200,20,8,,,,,,,
h2_0.20_budget_200_parents_20,random_sampling,3,7,1000,200,0.2,1,200,200,0.4327926163792541,20,3.234804722098632,0.09417821783119125,3.4384570388363747,0.20365231673774264,3.440820897348896,0.038532266825099595,0.20601617525026406,,,30003,0.2,200,20,8,,,,,,,
h2_0.20_budget_200_parents_20,random_sampling,3,8,1000,200,0.2,1,200,200,0.29264799361122235,20,3.440820897348896,0.038532266825099595,3.510103986757969,0.06928308940907302,3.5150901236264636,0.010273171623025785,0.07426922627756749,,,30003,0.2,200,20,8,,,,,,,
h2_0.20_budget_200_parents_20,fixed_sampling,3,1,1000,200,0.2,1,200,200,0.40253424264173715,20,-0.13314627914244168,0.9430240904123077,0.9178564930845957,1.0510027722270374,0.9272672210812891,0.9704867076361104,1.0604135002237307,,,30003,0.2,200,20,8,,,,,,,
h2_0.20_budget_200_parents_20,fixed_sampling,3,2,1000,200,0.2,1,200,200,0.6721906870354049,20,0.9272672210812891,0.9704867076361104,2.157704777030156,1.230437555948867,2.143574279234509,0.053679173269473815,1.2163070581532198,,,30003,0.2,200,20,8,,,,,,,
h2_0.20_budget_200_parents_20,fixed_sampling,3,3,1000,200,0.2,1,200,200,0.242427518169794,20,2.143574279234509,0.053679173269473815,2.175129471533819,0.03155519229931025,2.1629106185091986,0.04521664286396431,0.019336339274689696,,,30003,0.2,200,20,8,,,,,,,
h2_0.20_budget_200_parents_20,fixed_sampling,3,4,1000,200,0.2,1,200,200,0.3692203603141406,20,2.1629106185091986,0.04521664286396431,2.38318430313093,0.22027368462173147,2.3942502206171787,0.022563417890117198,0.2313396021079801,,,30003,0.2,200,20,8,,,,,,,
h2_0.20_budget_200_parents_20,fixed_sampling,3,5,1000,200,0.2,1,200,200,0.06337254247933388,20,2.3942502206171787,0.022563417890117198,2.4490150590615842,0.054764838444405495,2.4553739602719813,0.019840751194331364,0.061123739654802556,,,30003,0.2,200,20,8,,,,,,,
h2_0.20_budget_200_parents_20,fixed_sampling,3,6,1000,200,0.2,1,200,200,0.0017388914200101293,20,2.4553739602719813,0.019840751194331364,2.482780118799892,0.02740615852791084,2.477425507499616,0.008257152826812981,0.022051547227634583,,,30003,0.2,200,20,8,,,,,,,
h2_0.20_budget_200_parents_20,fixed_sampling,3,7,1000,200,0.2,1,200,200,0.33233093117373397,20,2.477425507499616,0.008257152826812981,2.5832543769501437,0.10582886945052783,2.5866670070184936,0.006524405514554749,0.10924149951887774,,,30003,0.2,200,20,8,,,,,,,
h2_0.20_budget_200_parents_20,fixed_sampling,3,8,1000,200,0.2,1,200,200,-0.2324447846997504,20,2.5866670070184936,0.006524405514554749,2.5832543769501437,-0.003412630068349909,2.5877446796716566,0.006438377488823213,0.0010776726531629421,,,30003,0.2,200,20,8,,,,,,,
h2_0.20_budget_200_parents_20,diversity_sampling,3,1,1000,200,0.2,1,200,200,0.30000495484264594,20,-0.13314627914244168,0.9430240904123077,0.7677671035602117,0.9009133827026534,0.802177298692275,0.8401558466828487,0.9353235778347168,,,30003,0.2,200,20,8,,,,,,,
h2_0.20_budget_200_parents_20,diversity_sampling,3,2,1000,200,0.2,1,200,200,0.2685841106871939,20,0.802177298692275,0.8401558466828487,1.1928822739655927,0.3907049752733176,1.2160258381190996,0.704905758881984,0.41384853942682454,,,30003,0.2,200,20,8,,,,,,,
h2_0.20_budget_200_parents_20,diversity_sampling,3,3,1000,200,0.2,1,200,200,0.549126425591382,20,1.2160258381190996,0.704905758881984,1.8924416621162332,0.6764158239971336,1.9106367176911851,0.29300705091320356,0.6946108795720856,,,30003,0.2,200,20,8,,,,,,,
h2_0.20_budget_200_parents_20,diversity_sampling,3,4,1000,200,0.2,1,200,200,0.31589292278246245,20,1.9106367176911851,0.29300705091320356,2.3367832778814512,0.4261465601902661,2.3495885637904936,0.23258031600087328,0.4389518460993085,,,30003,0.2,200,20,8,,,,,,,
h2_0.20_budget_200_parents_20,diversity_sampling,3,5,1000,200,0.2,1,200,200,0.4856811841559724,20,2.3495885637904936,0.23258031600087328,2.9295847937224035,0.5799962299319099,2.93836639239742,0.16105254866416602,0.5887778286069265,,,30003,0.2,200,20,8,,,,,,,
h2_0.20_budget_200_parents_20,diversity_sampling,3,6,1000,200,0.2,1,200,200,0.25199667233566064,20,2.93836639239742,0.16105254866416602,3.0888264431454067,0.15046005074798652,3.091295591312158,0.09724894201997579,0.15292919891473788,,,30003,0.2,200,20,8,,,,,,,
h2_0.20_budget_200_parents_20,diversity_sampling,3,7,1000,200,0.2,1,200,200,-0.14205891918530192,20,3.091295591312158,0.09724894201997579,3.0244115205132114,-0.06688407079894665,3.0246242915924646,0.06916200932004102,-0.06667129971969343,,,30003,0.2,200,20,8,,,,,,,
h2_0.20_budget_200_parents_20,diversity_sampling,3,8,1000,200,0.2,1,200,200,0.1904289392042383,20,3.0246242915924646,0.06916200932004102,3.182008561087947,0.15738426949548234,3.1878473193101815,0.08755149881741542,0.1632230277177169,,,30003,0.2,200,20,8,,,,,,,
h2_0.20_budget_200_parents_20,active_learning_pev,3,1,1000,200,0.2,1,200,200,0.461062411862823,20,-0.13314627914244165,0.9430240904123077,1.5842952008010698,1.7174414799435114,1.4760675560792795,0.7074179982062588,1.6092138352217211,0.5959419499849901,0.7413189710059669,30003,0.2,200,20,8,50.0,150.0,True,0.27951956676895356,0.461062411862823,,
h2_0.20_budget_200_parents_20,active_learning_pev,3,2,1000,200,0.2,1,200,200,0.3434370286785796,20,1.4760675560792795,0.7074179982062588,0.5851739712976867,-0.8908935847815929,2.0719287961836366,0.2601642743220691,0.595861240104357,0.4836434690223541,0.5846371010120492,30003,0.2,200,20,8,50.0,150.0,True,0.2461714038874791,0.3434370286785796,,
h2_0.20_budget_200_parents_20,active_learning_pev,3,3,1000,200,0.2,1,200,200,0.5401933521434651,20,2.0719287961836366,0.2601642743220691,0.7506060019666905,-1.321322794216946,2.8208739935444163,0.1685155031875829,0.7489451973607797,0.3639139739971142,0.4584586340060923,30003,0.2,200,20,8,50.0,150.0,True,0.11891902718539027,0.5401933521434651,,
h2_0.20_budget_200_parents_20,active_learning_pev,3,4,1000,200,0.2,1,200,200,0.20679579767025547,20,2.8208739935444163,0.1685155031875829,0.16438395281344823,-2.656490040730968,3.021533966255624,0.15909377814471407,0.20065997271120795,0.29251710200333036,0.3781659720116295,30003,0.2,200,20,8,50.0,150.0,True,-0.11580370661093815,0.20679579767025547,,
h2_0.20_budget_200_parents_20,active_learning_pev,3,5,1000,200,0.2,1,200,200,0.2236654773642005,20,3.021533966255624,0.15909377814471407,0.31908381474873015,-2.702450151506894,3.359494705114952,0.115906846553784,0.33796073885932776,0.2535914829932153,0.35374914499698207,30003,0.2,200,20,8,50.0,150.0,True,0.11956115882780326,0.2236654773642005,,
h2_0.20_budget_200_parents_20,active_learning_pev,3,6,1000,200,0.2,1,200,200,0.3946956074222352,20,3.359494705114952,0.115906846553784,0.2988626566880496,-3.0606320484269025,3.6626951248733257,0.05937668085377227,0.30320041975837375,0.1939328239823226,0.26980802000616677,30003,0.2,200,20,8,50.0,150.0,True,0.41334169160645845,0.3946956074222352,,
h2_0.20_budget_200_parents_20,active_learning_pev,3,7,1000,200,0.2,1,200,200,0.1699731222389424,20,3.6626951248733257,0.05937668085377227,0.06057874819854766,-3.602116376674778,3.7154668188459072,0.025476969200896402,0.052771693972581524,0.26449703000253066,0.3499318760004826,30003,0.2,200,20,8,50.0,150.0,True,-0.014125935934673931,0.1699731222389424,,
h2_0.20_budget_200_parents_20,active_learning_pev,3,8,1000,200,0.2,1,200,200,0.2882919016937921,20,3.7154668188459072,0.025476969200896402,0.14023365783177194,-3.5752331610141352,3.8584612371037657,0.02643447384261227,0.1429944182578584,0.1954178019950632,0.27888601398444735,30003,0.2,200,20,8,50.0,150.0,True,0.22320078682033204,0.2882919016937921,,
h2_0.20_budget_200_parents_20,highest_gebv,3,1,1000,200,0.2,1,200,200,0.36291529365331193,20,-0.13314627914244165,0.9430240904123077,1.6526435131704318,1.7857897923128734,1.4710403724119694,0.6172725459380415,1.604186651554411,0.31494216501596384,0.4882493629993405,30003,0.2,200,20,8,50.0,,False,0.27951956676895356,0.36291529365331193,150.0,predicted_gebv
h2_0.20_budget_200_parents_20,highest_gebv,3,2,1000,200,0.2,1,200,200,0.5732629259700339,20,1.4710403724119694,0.6172725459380415,1.0292845510202986,-0.4417558213916708,2.54979279790955,0.26199583476241917,1.0787524254975807,0.24903925199760124,0.3649706410069484,30003,0.2,200,20,8,50.0,,False,0.22483273825702518,0.5732629259700339,150.0,predicted_gebv
h2_0.20_budget_200_parents_20,highest_gebv,3,3,1000,200,0.2,1,200,200,0.2441502175944233,20,2.54979279790955,0.26199583476241917,0.2326039103005253,-2.3171888876090247,2.77226469736511,0.12079046691814163,0.2224718994555599,0.15009994298452511,0.23616631599725224,30003,0.2,200,20,8,50.0,,False,0.26382677818975053,0.2441502175944233,150.0,predicted_gebv
h2_0.20_budget_200_parents_20,highest_gebv,3,4,1000,200,0.2,1,200,200,0.15819822688674784,20,2.77226469736511,0.12079046691814163,0.2103330566607891,-2.5619316407043207,2.985961061189549,0.0399057951784894,0.21369636382443913,0.0883318429987412,0.18441377399722114,30003,0.2,200,20,8,50.0,,False,0.10408728212757082,0.15819822688674784,150.0,predicted_gebv
h2_0.20_budget_200_parents_20,highest_gebv,3,5,1000,200,0.2,1,200,200,0.4078383973614587,20,2.985961061189549,0.0399057951784894,0.19467839143040358,-2.7912826697591453,3.174298480045285,0.023969827168980072,0.18833741885573607,0.0641310389910359,0.15563782601384446,30003,0.2,200,20,8,50.0,,False,0.3413374684291814,0.4078383973614587,150.0,predicted_gebv
h2_0.20_budget_200_parents_20,highest_gebv,3,6,1000,200,0.2,1,200,200,0.3492296929005059,20,3.174298480045285,0.023969827168980072,0.06429603360818895,-3.1100024464370963,3.2375852143692967,0.021439720449774633,0.06328673432401155,0.040728645981289446,0.12054840399650857,30003,0.2,200,20,8,50.0,,False,0.29666208456584847,0.3492296929005059,150.0,predicted_gebv
h2_0.20_budget_200_parents_20,highest_gebv,3,7,1000,200,0.2,1,200,200,-0.13348935290403893,20,3.2375852143692967,0.021439720449774633,-0.09027426388444507,-3.3278594782537416,3.1501712038676413,0.004593708837579255,-0.08741401050165543,0.03768660398782231,0.11326808299054392,30003,0.2,200,20,8,50.0,,False,-0.26777063580572913,-0.13348935290403893,150.0,predicted_gebv
h2_0.20_budget_200_parents_20,highest_gebv,3,8,1000,200,0.2,1,200,200,0.16871505482027024,20,3.1501712038676413,0.004593708837579255,-0.0007913887560587528,-3.1509625926237,3.1504724591728492,0.004629683932094967,0.0003012553052079703,0.04092747101094574,0.11630320100812241,30003,0.2,200,20,8,50.0,,False,0.1082735887446584,0.16871505482027024,150.0,predicted_gebv
h2_0.40_budget_200_parents_20,random_sampling,1,1,1000,200,0.2,1,200,200,0.49513462730429747,20,-0.13314627914244168,0.9430240904123077,1.3337802602427917,1.4669265393852333,1.3436534422616884,0.6588659105451126,1.47679972140413,,,31001,0.4,200,20,8,,,,,,,
h2_0.40_budget_200_parents_20,random_sampling,1,2,1000,200,0.2,1,200,200,0.6149949359428052,20,1.3436534422616884,0.6588659105451126,2.496279790025649,1.1526263477639604,2.508937629624058,0.12749572655763108,1.1652841873623698,,,31001,0.4,200,20,8,,,,,,,
h2_0.40_budget_200_parents_20,random_sampling,1,3,1000,200,0.2,1,200,200,0.14678988857179162,20,2.508937629624058,0.12749572655763108,3.0149132589041767,0.5059756292801185,3.0053498805556216,0.23881095241016792,0.4964122509315634,,,31001,0.4,200,20,8,,,,,,,
h2_0.40_budget_200_parents_20,random_sampling,1,4,1000,200,0.2,1,200,200,0.6321996116340666,20,3.0053498805556216,0.23881095241016792,3.4483889408835124,0.44303906032789087,3.4274934223492286,0.09427790284041276,0.422143541793607,,,31001,0.4,200,20,8,,,,,,,
h2_0.40_budget_200_parents_20,random_sampling,1,5,1000,200,0.2,1,200,200,0.035157155664733826,20,3.4274934223492286,0.09427790284041276,3.4804579726738,0.05296455032457148,3.474121628643907,0.057738486935986155,0.04662820629467834,,,31001,0.4,200,20,8,,,,,,,
h2_0.40_budget_200_parents_20,random_sampling,1,6,1000,200,0.2,1,200,200,0.3177676136225097,20,3.474121628643907,0.057738486935986155,3.7953023702973727,0.3211807416534658,3.8140485893136034,0.04732486288193274,0.3399269606696964,,,31001,0.4,200,20,8,,,,,,,
h2_0.40_budget_200_parents_20,random_sampling,1,7,1000,200,0.2,1,200,200,0.3349339029683087,20,3.8140485893136034,0.04732486288193274,3.9257182455783166,0.11166965626471326,3.9280508238370175,0.04160915755156693,0.11400223452341418,,,31001,0.4,200,20,8,,,,,,,
h2_0.40_budget_200_parents_20,random_sampling,1,8,1000,200,0.2,1,200,200,0.509076885467424,20,3.9280508238370175,0.04160915755156693,4.0583153472553075,0.13026452341828998,4.063072314143449,0.011250462362840233,0.1350214903064315,,,31001,0.4,200,20,8,,,,,,,
h2_0.40_budget_200_parents_20,fixed_sampling,1,1,1000,200,0.2,1,200,200,0.5215729993583088,20,-0.13314627914244168,0.9430240904123077,1.212405432031473,1.3455517111739146,1.1486386587844841,0.621925283200664,1.2817849379269257,,,31001,0.4,200,20,8,,,,,,,
h2_0.40_budget_200_parents_20,fixed_sampling,1,2,1000,200,0.2,1,200,200,0.4868810423497413,20,1.1486386587844841,0.621925283200664,1.912688781953075,0.7640501231685908,1.9082587140308616,0.5028362704933341,0.7596200552463774,,,31001,0.4,200,20,8,,,,,,,
h2_0.40_budget_200_parents_20,fixed_sampling,1,3,1000,200,0.2,1,200,200,0.5723457044181884,20,1.9082587140308616,0.5028362704933341,2.726101730636459,0.8178430166055977,2.773852078844871,0.4046865662720818,0.8655933648140093,,,31001,0.4,200,20,8,,,,,,,
h2_0.40_budget_200_parents_20,fixed_sampling,1,4,1000,200,0.2,1,200,200,0.5654294088056775,20,2.773852078844871,0.4046865662720818,3.5969539216716164,0.8231018428267456,3.5524003067905903,0.30378579326615673,0.7785482279457194,,,31001,0.4,200,20,8,,,,,,,
h2_0.40_budget_200_parents_20,fixed_sampling,1,5,1000,200,0.2,1,200,200,0.544130959716279,20,3.5524003067905903,0.30378579326615673,4.0873463611585,0.5349460543679094,4.071470748302414,0.202205901194509,0.5190704415118241,,,31001,0.4,200,20,8,,,,,,,
h2_0.40_budget_200_parents_20,fixed_sampling,1,6,1000,200,0.2,1,200,200,0.5173488355149783,20,4.071470748302414,0.202205901194509,4.463369105754834,0.39189835745241997,4.455516578363047,0.09886215352358,0.3840458300606322,,,31001,0.4,200,20,8,,,,,,,
h2_0.40_budget_200_parents_20,fixed_sampling,1,7,1000,200,0.2,1,200,200,0.17871771210238968,20,4.455516578363047,0.09886215352358,4.438874882344368,-0.016641696018679042,4.445969337267367,0.12413072473671104,-0.009547241095679837,,,31001,0.4,200,20,8,,,,,,,
h2_0.40_budget_200_parents_20,fixed_sampling,1,8,1000,200,0.2,1,200,200,0.5963644220977306,20,4.445969337267367,0.12413072473671104,4.8860972856150955,0.4401279483477287,4.892099523622119,0.03149415672896715,0.4461301863547522,,,31001,0.4,200,20,8,,,,,,,
h2_0.40_budget_200_parents_20,diversity_sampling,1,1,1000,200,0.2,1,200,200,0.4859737906312298,20,-0.13314627914244168,0.9430240904123077,1.0316095967914696,1.1647558759339112,0.965689565560394,0.6622701957773421,1.0988358447028357,,,31001,0.4,200,20,8,,,,,,,
h2_0.40_budget_200_parents_20,diversity_sampling,1,2,1000,200,0.2,1,200,200,0.609226615581004,20,0.965689565560394,0.6622701957773421,2.553357272572206,1.587667707011812,2.490846043932639,0.5792666702268444,1.5251564783722453,,,31001,0.4,200,20,8,,,,,,,
h2_0.40_budget_200_parents_20,diversity_sampling,1,3,1000,200,0.2,1,200,200,0.6870884378837252,20,2.490846043932639,0.5792666702268444,3.701116219779135,1.210270175846496,3.6840148732664346,0.3116542492141497,1.1931688293337954,,,31001,0.4,200,20,8,,,,,,,
h2_0.40_budget_200_parents_20,diversity_sampling,1,4,1000,200,0.2,1,200,200,0.3419610115354857,20,3.6840148732664346,0.3116542492141497,3.9838194907633264,0.2998046174968918,3.9985475605912875,0.2945780668243274,0.31453268732485284,,,31001,0.4,200,20,8,,,,,,,
h2_0.40_budget_200_parents_20,diversity_sampling,1,5,1000,200,0.2,1,200,200,0.6171632115407544,20,3.9985475605912875,0.2945780668243274,4.928588286190207,0.9300407255989196,4.94054963282472,0.164701476870734,0.9420020722334321,,,31001,0.4,200,20,8,,,,,,,
h2_0.40_budget_200_parents_20,diversity_sampling,1,6,1000,200,0.2,1,200,200,0.6438742371583235,20,4.94054963282472,0.164701476870734,5.579311004668698,0.6387613718439784,5.591893405323964,0.07456702962910496,0.6513437724992448,,,31001,0.4,200,20,8,,,,,,,
h2_0.40_budget_200_parents_20,diversity_sampling,1,7,1000,200,0.2,1,200,200,0.4875130524279445,20,5.591893405323964,0.07456702962910496,5.79870723015172,0.2068138248277558,5.810054346840689,0.02428406049085713,0.21816094151672427,,,31001,0.4,200,20,8,,,,,,,
h2_0.40_budget_200_parents_20,diversity_sampling,1,8,1000,200,0.2,1,200,200,0.22140523301356863,20,5.810054346840689,0.02428406049085713,5.837399948530078,0.027345601689389376,5.83324269841982,0.004473293019458744,0.02318835157913135,,,31001,0.4,200,20,8,,,,,,,
h2_0.40_budget_200_parents_20,active_learning_pev,1,1,1000,200,0.2,1,200,200,0.49866811218106466,20,-0.13314627914244165,0.9430240904123077,1.3886386359865437,1.5217849151289853,1.239487917234817,0.994289531531254,1.3726341963772586,0.579809902003035,0.7175341230176855,31001,0.4,200,20,8,50.0,150.0,True,0.36986618871153815,0.49866811218106466,,
h2_0.40_budget_200_parents_20,active_learning_pev,1,2,1000,200,0.2,1,200,200,0.6545116841232046,20,1.239487917234817,0.994289531531254,1.2943405893341775,0.05485267209936051,2.54580592669701,0.4695752008955136,1.306318009462193,0.4513199669891037,0.5453924849862233,31001,0.4,200,20,8,50.0,150.0,True,0.4107845127703511,0.6545116841232046,,
h2_0.40_budget_200_parents_20,active_learning_pev,1,3,1000,200,0.2,1,200,200,0.4831003394179506,20,2.54580592669701,0.4695752008955136,0.7206608916375925,-1.8251450350594174,3.2831516032069183,0.38131680198612594,0.7373456765099085,0.30218109098495916,0.43671695500961505,31001,0.4,200,20,8,50.0,150.0,True,0.09258717503408684,0.4831003394179506,,
h2_0.40_budget_200_parents_20,active_learning_pev,1,4,1000,200,0.2,1,200,200,0.6048596149749648,20,3.2831516032069183,0.38131680198612594,0.7067187638096982,-2.5764328393972202,3.98125415560133,0.15334112716940937,0.6981025523944115,0.3936511479842011,0.48868692401447333,31001,0.4,200,20,8,50.0,150.0,True,0.41367253021337147,0.6048596149749648,,
h2_0.40_budget_200_parents_20,active_learning_pev,1,5,1000,200,0.2,1,200,200,0.4760160863871036,20,3.98125415560133,0.15334112716940937,0.5277153179669184,-3.4535388376344116,4.509085856950993,0.08311511688225423,0.5278317013496627,0.2519407079962548,0.37646825797855854,31001,0.4,200,20,8,50.0,150.0,True,0.08027267114582864,0.4760160863871036,,
h2_0.40_budget_200_parents_20,active_learning_pev,1,6,1000,200,0.2,1,200,200,0.39520832079385776,20,4.509085856950993,0.08311511688225423,0.08005655622879695,-4.4290293007221955,4.5847331233397535,0.0672173561534038,0.07564726638876085,0.27350696601206437,0.3652553000138141,31001,0.4,200,20,8,50.0,150.0,True,0.10173886053143157,0.39520832079385776,,
h2_0.40_budget_200_parents_20,active_learning_pev,1,7,1000,200,0.2,1,200,200,0.30940955097096473,20,4.5847331233397535,0.0672173561534038,0.1727379437100776,-4.411995179629676,4.756495304053284,0.05317269720602848,0.17176218071353055,0.2939661600103136,0.3811199880146887,31001,0.4,200,20,8,50.0,150.0,True,0.022097585087540048,0.30940955097096473,,
h2_0.40_budget_200_parents_20,active_learning_pev,1,8,1000,200,0.2,1,200,200,0.43128226521945634,20,4.756495304053284,0.05317269720602848,0.08705458801884156,-4.669440716034442,4.849230296569575,0.012961713727527968,0.09273499251629058,0.22954579099314287,0.30975105200195685,31001,0.4,200,20,8,50.0,150.0,True,0.2826492444896604,0.43128226521945634,,
h2_0.40_budget_200_parents_20,highest_gebv,1,1,1000,200,0.2,1,200,200,0.5193805050481294,20,-0.13314627914244165,0.9430240904123077,1.4840225467174908,1.6171688258599324,1.3345130562777376,0.7605962965385342,1.4676593354201792,0.3282974260218907,0.4685247360030189,31001,0.4,200,20,8,50.0,,False,0.36986618871153815,0.5193805050481294,150.0,predicted_gebv
h2_0.40_budget_200_parents_20,highest_gebv,1,2,1000,200,0.2,1,200,200,0.47623804163236505,20,1.3345130562777376,0.7605962965385342,1.3080230946129283,-0.026489961664809325,2.61303678933625,0.6037416120029311,1.2785237330585122,0.2622785689891316,0.3776013349997811,31001,0.4,200,20,8,50.0,,False,0.3945682476990279,0.47623804163236505,150.0,predicted_gebv
h2_0.40_budget_200_parents_20,highest_gebv,1,3,1000,200,0.2,1,200,200,0.5846230952805045,20,2.61303678933625,0.6037416120029311,1.4732603550433563,-1.1397764342928935,4.093982993010561,0.4747036147159487,1.4809462036743115,0.19378269099979661,0.3300102070206776,31001,0.4,200,20,8,50.0,,False,0.4734412377197413,0.5846230952805045,150.0,predicted_gebv
h2_0.40_budget_200_parents_20,highest_gebv,1,4,1000,200,0.2,1,200,200,0.5465258988935642,20,4.093982993010561,0.4747036147159487,1.330932542671092,-2.7630504503394695,5.372665421916203,0.4174879754855202,1.2786824289056415,0.14752400098950602,0.2288047609908972,31001,0.4,200,20,8,50.0,,False,0.5811938498460718,0.5465258988935642,150.0,predicted_gebv
h2_0.40_budget_200_parents_20,highest_gebv,1,5,1000,200,0.2,1,200,200,0.543762756634404,20,5.372665421916203,0.4174879754855202,0.732388744739482,-4.640276677176721,6.124652483728993,0.3376846697900874,0.7519870618127902,0.08964004198787734,0.16327767301118,31001,0.4,200,20,8,50.0,,False,0.17023843195261162,0.543762756634404,150.0,predicted_gebv
h2_0.40_budget_200_parents_20,highest_gebv,1,6,1000,200,0.2,1,200,200,0.6470384387760879,20,6.124652483728993,0.3376846697900874,1.0680852720372631,-5.05656721169173,7.184860819801877,0.04666123900751958,1.0602083360728836,0.07680240701301955,0.1588330969971139,31001,0.4,200,20,8,50.0,,False,0.4821344062429788,0.6470384387760879,150.0,predicted_gebv
h2_0.40_budget_200_parents_20,highest_gebv,1,7,1000,200,0.2,1,200,200,0.009875060021925225,20,7.184860819801877,0.04666123900751958,-0.01927460881568421,-7.204135428617561,7.156701138180984,0.02541495613731641,-0.028159681620892663,0.05915796497720294,0.13691123999888077,31001,0.4,200,20,8,50.0,,False,0.06395407019449988,0.009875060021925225,150.0,predicted_gebv
h2_0.40_budget_200_parents_20,highest_gebv,1,8,1000,200,0.2,1,200,200,0.23408953663315518,20,7.156701138180984,0.02541495613731641,0.08543438321521327,-7.07126675496577,7.2477868757919675,0.015944750770839015,0.09108573761098349,0.04542393598239869,0.12489600299159065,31001,0.4,200,20,8,50.0,,False,-0.12428785977707536,0.23408953663315518,150.0,predicted_gebv
h2_0.40_budget_200_parents_20,random_sampling,2,1,1000,200,0.2,1,200,200,0.4347236606953375,20,-0.13314627914244168,0.9430240904123077,0.23147713773405734,0.364623416876499,0.29351160097011164,1.0258686019744527,0.42665788011255334,,,31002,0.4,200,20,8,,,,,,,
h2_0.40_budget_200_parents_20,random_sampling,2,2,1000,200,0.2,1,200,200,0.7283661436584697,20,0.29351160097011164,1.0258686019744527,2.0905132569444964,1.7970016559743849,2.117131451005666,0.3722780376788905,1.8236198500355543,,,31002,0.4,200,20,8,,,,,,,
h2_0.40_budget_200_parents_20,random_sampling,2,3,1000,200,0.2,1,200,200,0.48749130902387694,20,2.117131451005666,0.3722780376788905,2.672535625397299,0.5554041743916334,2.699202294893844,0.18514400591253322,0.5820708438881783,,,31002,0.4,200,20,8,,,,,,,
h2_0.40_budget_200_parents_20,random_sampling,2,4,1000,200,0.2,1,200,200,0.39500849221884543,20,2.699202294893844,0.18514400591253322,3.0244625082504077,0.32526021335656363,3.0332648297310705,0.17731502872615376,0.33406253483722637,,,31002,0.4,200,20,8,,,,,,,
h2_0.40_budget_200_parents_20,random_sampling,2,5,1000,200,0.2,1,200,200,0.3464472314437722,20,3.0332648297310705,0.17731502872615376,3.3167118336933274,0.28344700396225697,3.3148641308879103,0.10509860835449447,0.28159930115683984,,,31002,0.4,200,20,8,,,,,,,
h2_0.40_budget_200_parents_20,random_sampling,2,6,1000,200,0.2,1,200,200,0.5663034784018331,20,3.3148641308879103,0.10509860835449447,3.7221548607773656,0.40729072988945525,3.7126670301532902,0.06824636336238553,0.39780289926537993,,,31002,0.4,200,20,8,,,,,,,
h2_0.40_budget_200_parents_20,random_sampling,2,7,1000,200,0.2,1,200,200,0.5622123371064308,20,3.7126670301532902,0.06824636336238553,3.96342682002953,0.2507597898762399,3.967051825955128,0.0032034693674767457,0.2543847958018377,,,31002,0.4,200,20,8,,,,,,,
h2_0.40_budget_200_parents_20,random_sampling,2,8,1000,200,0.2,1,200,200,-0.3547478394598977,20,3.967051825955128,0.0032034693674767457,3.926597543123239,-0.04045428283188901,3.9259163411595073,0.001450154499566411,-0.04113548479562068,,,31002,0.4,200,20,8,,,,,,,
h2_0.40_budget_200_parents_20,fixed_sampling,2,1,1000,200,0.2,1,200,200,0.45185276581426714,20,-0.13314627914244168,0.9430240904123077,0.8172674630858222,0.9504137422282639,0.8114853771996243,0.6557931397696231,0.944631656342066,,,31002,0.4,200,20,8,,,,,,,
h2_0.40_budget_200_parents_20,fixed_sampling,2,2,1000,200,0.2,1,200,200,0.5015749930998794,20,0.8114853771996243,0.6557931397696231,1.7437779755758542,0.9322925983762299,1.7666195887536313,0.7633268091410835,0.955134211554007,,,31002,0.4,200,20,8,,,,,,,
h2_0.40_budget_200_parents_20,fixed_sampling,2,3,1000,200,0.2,1,200,200,0.6955171648309562,20,1.7666195887536313,0.7633268091410835,3.124442711227472,1.3578231224738408,3.0691462716593874,0.2768933362905971,1.302526682905756,,,31002,0.4,200,20,8,,,,,,,
h2_0.40_budget_200_parents_20,fixed_sampling,2,4,1000,200,0.2,1,200,200,0.4712575614780379,20,3.0691462716593874,0.2768933362905971,3.6852684555681408,0.6161221839087534,3.6529232243075866,0.1956080428752674,0.5837769526481993,,,31002,0.4,200,20,8,,,,,,,
h2_0.40_budget_200_parents_20,fixed_sampling,2,5,1000,200,0.2,1,200,200,0.5352238793044811,20,3.6529232243075866,0.1956080428752674,3.9672676573485646,0.3143444330409779,3.9830976655339825,0.05867518749348142,0.33017444122639583,,,31002,0.4,200,20,8,,,,,,,
h2_0.40_budget_200_parents_20,fixed_sampling,2,6,1000,200,0.2,1,200,200,0.41883663077094035,20,3.9830976655339825,0.05867518749348142,4.187409875189448,0.20431220965546526,4.201688716478972,0.020747985559402035,0.21859105094498954,,,31002,0.4,200,20,8,,,,,,,
h2_0.40_budget_200_parents_20,fixed_sampling,2,7,1000,200,0.2,1,200,200,0.0869816270031725,20,4.201688716478972,0.020747985559402035,4.174725954063521,-0.026962762415450925,4.174797632525865,0.00473986208250726,-0.026891083953106687,,,31002,0.4,200,20,8,,,,,,,
h2_0.40_budget_200_parents_20,fixed_sampling,2,8,1000,200,0.2,1,200,200,-0.2673767596624772,20,4.174797632525865,0.00473986208250726,4.206248660747226,0.03145102822136092,4.196694851227689,0.009837299499600428,0.021897218701823817,,,31002,0.4,200,20,8,,,,,,,
h2_0.40_budget_200_parents_20,diversity_sampling,2,1,1000,200,0.2,1,200,200,0.44981923976949845,20,-0.13314627914244168,0.9430240904123077,0.7749887267569916,0.9081350058994333,0.7989123664229933,0.5473663352539389,0.932058645565435,,,31002,0.4,200,20,8,,,,,,,
h2_0.40_budget_200_parents_20,diversity_sampling,2,2,1000,200,0.2,1,200,200,0.6587364225621346,20,0.7989123664229933,0.5473663352539389,2.001116824400787,1.2022044579777935,2.0132241120007732,0.39610639284064963,1.2143117455777799,,,31002,0.4,200,20,8,,,,,,,
h2_0.40_budget_200_parents_20,diversity_sampling,2,3,1000,200,0.2,1,200,200,0.6173008725359033,20,2.0132241120007732,0.39610639284064963,3.0358606119876117,1.0226364999868385,3.0137481995033975,0.3029275237768827,1.0005240875026242,,,31002,0.4,200,20,8,,,,,,,
h2_0.40_budget_200_parents_20,diversity_sampling,2,4,1000,200,0.2,1,200,200,0.42775232924985107,20,3.0137481995033975,0.3029275237768827,3.686124596314511,0.6723763968111136,3.674206811620901,0.1978350455650404,0.6604586121175036,,,31002,0.4,200,20,8,,,,,,,
h2_0.40_budget_200_parents_20,diversity_sampling,2,5,1000,200,0.2,1,200,200,0.33012198759166306,20,3.674206811620901,0.1978350455650404,3.891848208609659,0.21764139698875784,3.8640563338048124,0.12387536101587018,0.18984952218391138,,,31002,0.4,200,20,8,,,,,,,
h2_0.40_budget_200_parents_20,diversity_sampling,2,6,1000,200,0.2,1,200,200,0.43435881958231315,20,3.8640563338048124,0.12387536101587018,4.02725601557603,0.16319968177121735,4.026385417352659,0.047566474206769925,0.16232908354784703,,,31002,0.4,200,20,8,,,,,,,
h2_0.40_budget_200_parents_20,diversity_sampling,2,7,1000,200,0.2,1,200,200,0.3052465625848899,20,4.026385417352659,0.047566474206769925,4.294464483276304,0.2680790659236445,4.298587313930246,0.06102460147564804,0.2722018965775863,,,31002,0.4,200,20,8,,,,,,,
h2_0.40_budget_200_parents_20,diversity_sampling,2,8,1000,200,0.2,1,200,200,0.2488206911800015,20,4.298587313930246,0.06102460147564804,4.4731403894567245,0.1745530755264788,4.474149642930318,0.029494827498044673,0.17556232900007185,,,31002,0.4,200,20,8,,,,,,,
h2_0.40_budget_200_parents_20,active_learning_pev,2,1,1000,200,0.2,1,200,200,0.4701074412692377,20,-0.13314627914244165,0.9430240904123077,1.898824867156413,2.031971146298855,1.773893944815732,0.4918742719423285,1.9070402239581736,0.6713416109851096,0.8092539150093216,31002,0.4,200,20,8,50.0,150.0,True,0.32565461758736874,0.4701074412692377,,
h2_0.40_budget_200_parents_20,active_learning_pev,2,2,1000,200,0.2,1,200,200,0.5917663625342804,20,1.773893944815732,0.4918742719423285,0.8109754485200371,-0.9629184962956949,2.6634802258046593,0.42303045070726225,0.8895862809889272,0.4799911250011064,0.5834817610157188,31002,0.4,200,20,8,50.0,150.0,True,0.3377197690531619,0.5917663625342804,,
h2_0.40_budget_200_parents_20,active_learning_pev,2,3,1000,200,0.2,1,200,200,0.7108499297711564,20,2.6634802258046593,0.42303045070726225,1.3471292718285512,-1.316350953976108,3.977288689690538,0.2438648758001081,1.313808463885879,0.3487623450055253,0.47260418700170703,31002,0.4,200,20,8,50.0,150.0,True,0.5609163126404706,0.7108499297711564,,
h2_0.40_budget_200_parents_20,active_learning_pev,2,4,1000,200,0.2,1,200,200,0.6998315914068416,20,3.977288689690538,0.2438648758001081,0.4123521313373185,-3.5649365583532195,4.3920045387378,0.12137355067734261,0.414715849047262,0.36417262197937816,0.4541070699924603,31002,0.4,200,20,8,50.0,150.0,True,0.5148715665635988,0.6998315914068416,,
h2_0.40_budget_200_parents_20,active_learning_pev,2,5,1000,200,0.2,1,200,200,0.5921061288975368,20,4.3920045387378,0.12137355067734261,0.41137422394655426,-3.980630314791246,4.810761163366667,0.032773264619636,0.418756624628867,0.27236749601433985,0.3530084520170931,31002,0.4,200,20,8,50.0,150.0,True,0.6209931785509564,0.5921061288975368,,
h2_0.40_budget_200_parents_20,active_learning_pev,2,6,1000,200,0.2,1,200,200,0.4041103333833703,20,4.810761163366667,0.032773264619636,0.003461215232528079,-4.807299948134139,4.8098702247604725,0.025324565230023775,-0.0008909386061946023,0.2155010360002052,0.34091524698305875,31002,0.4,200,20,8,50.0,150.0,True,0.33237854174079606,0.4041103333833703,,
h2_0.40_budget_200_parents_20,active_learning_pev,2,7,1000,200,0.2,1,200,200,0.21800973894866083,20,4.8098702247604725,0.025324565230023775,0.08448643967633758,-4.725383785084135,4.9102063353872865,0.03392669672659135,0.10033611062681391,0.1992027449887246,0.29391973800375126,31002,0.4,200,20,8,50.0,150.0,True,-0.12092549353681956,0.21800973894866083,,
h2_0.40_budget_200_parents_20,active_learning_pev,2,8,1000,200,0.2,1,200,200,0.6511150947933823,20,4.9102063353872865,0.03392669672659135,0.16511249084435903,-4.745093844542928,5.0755571881766555,0.013152220271101744,0.165350852789369,0.18380986599368043,0.2698926540033426,31002,0.4,200,20,8,50.0,150.0,True,0.42225998724454517,0.6511150947933823,,
h2_0.40_budget_200_parents_20,highest_gebv,2,1,1000,200,0.2,1,200,200,0.4447000992094169,20,-0.13314627914244165,0.9430240904123077,1.6520881188168421,1.7852343979592837,1.5066967950737629,0.7037820918913469,1.6398430742162045,0.33914145798189566,0.46501502199680544,31002,0.4,200,20,8,50.0,,False,0.32565461758736874,0.4447000992094169,150.0,predicted_gebv
h2_0.40_budget_200_parents_20,highest_gebv,2,2,1000,200,0.2,1,200,200,0.635053684062757,20,1.5066967950737629,0.7037820918913469,1.138709280888955,-0.3679875141848079,2.6762355746276234,0.3237221962935099,1.1695387795538605,0.25717235798947513,0.364212785003474,31002,0.4,200,20,8,50.0,,False,0.5995516383748196,0.635053684062757,150.0,predicted_gebv
h2_0.40_budget_200_parents_20,highest_gebv,2,3,1000,200,0.2,1,200,200,0.6157845623282086,20,2.6762355746276234,0.3237221962935099,1.0735830066823056,-1.6026525679453179,3.7575434971759356,0.24099579930567816,1.0813079225483122,0.1823468310176395,0.26950435602338985,31002,0.4,200,20,8,50.0,,False,0.35829494893673614,0.6157845623282086,150.0,predicted_gebv
h2_0.40_budget_200_parents_20,highest_gebv,2,4,1000,200,0.2,1,200,200,0.43151461678914016,20,3.7575434971759356,0.24099579930567816,0.3653138421800719,-3.3922296549958637,4.10674503170493,0.184677483061908,0.3492015345289947,0.15960312500828877,0.24787638397538103,31002,0.4,200,20,8,50.0,,False,0.3223213312963634,0.43151461678914016,150.0,predicted_gebv
h2_0.40_budget_200_parents_20,highest_gebv,2,5,1000,200,0.2,1,200,200,0.40313022911053514,20,4.10674503170493,0.184677483061908,0.2544193285936732,-3.852325703111257,4.364330193187232,0.06530823521859618,0.2575851614823019,0.10652449799817987,0.18282430499675684,31002,0.4,200,20,8,50.0,,False,0.2566187023183256,0.40313022911053514,150.0,predicted_gebv
h2_0.40_budget_200_parents_20,highest_gebv,2,6,1000,200,0.2,1,200,200,0.06298190111711242,20,4.364330193187232,0.06530823521859618,0.047315066665865935,-4.317015126521366,4.410820359338051,0.03591921510032604,0.0464901661508188,0.052913233026629314,0.1448356149776373,31002,0.4,200,20,8,50.0,,False,-0.10079695919172285,0.06298190111711242,150.0,predicted_gebv
h2_0.40_budget_200_parents_20,highest_gebv,2,7,1000,200,0.2,1,200,200,0.3536623399148785,20,4.410820359338051,0.03591921510032604,0.063352419400615,-4.347467939937436,4.474912908318249,0.006949184181691594,0.06409254898019778,0.04561714400188066,0.12711599699105136,31002,0.4,200,20,8,50.0,,False,0.17775463770376462,0.3536623399148785,150.0,predicted_gebv
h2_0.40_budget_200_parents_20,highest_gebv,2,8,1000,200,0.2,1,200,200,0.4150937851264149,20,4.474912908318249,0.006949184181691594,0.02494776162422309,-4.4499651466940255,4.498763065939673,0.002696900339706618,0.02385015762142384,0.0400167650077492,0.11894011500407942,31002,0.4,200,20,8,50.0,,False,0.32178555607455434,0.4150937851264149,150.0,predicted_gebv
h2_0.40_budget_200_parents_20,random_sampling,3,1,1000,200,0.2,1,200,200,0.39596549080753357,20,-0.13314627914244168,0.9430240904123077,1.2366871257051968,1.3698334048476384,1.2698867692928104,0.7038115079801671,1.403033048435252,,,31003,0.4,200,20,8,,,,,,,
h2_0.40_budget_200_parents_20,random_sampling,3,2,1000,200,0.2,1,200,200,0.6041864698751633,20,1.2698867692928104,0.7038115079801671,2.3913412669904917,1.1214544976976812,2.4332993393408895,0.3964056222516516,1.163412570048079,,,31003,0.4,200,20,8,,,,,,,
h2_0.40_budget_200_parents_20,random_sampling,3,3,1000,200,0.2,1,200,200,0.5652852028206026,20,2.4332993393408895,0.3964056222516516,3.033276010951187,0.5999766716102974,3.0365520324508415,0.3307902953427615,0.603252693109952,,,31003,0.4,200,20,8,,,,,,,
h2_0.40_budget_200_parents_20,random_sampling,3,4,1000,200,0.2,1,200,200,0.48961278935541763,20,3.0365520324508415,0.3307902953427615,3.777963786379678,0.7414117539288365,3.7628867600658036,0.18113576470996232,0.7263347276149621,,,31003,0.4,200,20,8,,,,,,,
h2_0.40_budget_200_parents_20,random_sampling,3,5,1000,200,0.2,1,200,200,0.4687369442253373,20,3.7628867600658036,0.18113576470996232,4.0186918030994265,0.25580504303362295,4.031851843185198,0.15413651741524748,0.26896508311939415,,,31003,0.4,200,20,8,,,,,,,
h2_0.40_budget_200_parents_20,random_sampling,3,6,1000,200,0.2,1,200,200,0.2881031130462079,20,4.031851843185198,0.15413651741524748,4.538080650041783,0.5062288068565852,4.5511638965735255,0.06170358460967486,0.5193120533883278,,,31003,0.4,200,20,8,,,,,,,
h2_0.40_budget_200_parents_20,random_sampling,3,7,1000,200,0.2,1,200,200,0.3577549719156121,20,4.5511638965735255,0.06170358460967486,4.623052843602443,0.0718889470289179,4.635036665686352,0.027897903313224368,0.08387276911282626,,,31003,0.4,200,20,8,,,,,,,
h2_0.40_budget_200_parents_20,random_sampling,3,8,1000,200,0.2,1,200,200,0.47691455539884725,20,4.635036665686352,0.027897903313224368,4.7949973119542015,0.15996064626784978,4.7874088024937205,0.011073699867915246,0.15237213680736872,,,31003,0.4,200,20,8,,,,,,,
h2_0.40_budget_200_parents_20,fixed_sampling,3,1,1000,200,0.2,1,200,200,0.4221474592018958,20,-0.13314627914244168,0.9430240904123077,1.4636368442173588,1.5967831233598004,1.4211664544505045,0.6198638332683875,1.554312733592946,,,31003,0.4,200,20,8,,,,,,,
h2_0.40_budget_200_parents_20,fixed_sampling,3,2,1000,200,0.2,1,200,200,0.5716953829277764,20,1.4211664544505045,0.6198638332683875,2.5167636475155692,1.0955971930650648,2.523458760355998,0.4859551171805289,1.1022923059054934,,,31003,0.4,200,20,8,,,,,,,
h2_0.40_budget_200_parents_20,fixed_sampling,3,3,1000,200,0.2,1,200,200,0.6767532220406488,20,2.523458760355998,0.4859551171805289,3.654031262429609,1.130572502073611,3.678529497136051,0.264565075534702,1.1550707367800532,,,31003,0.4,200,20,8,,,,,,,
h2_0.40_budget_200_parents_20,fixed_sampling,3,4,1000,200,0.2,1,200,200,0.5087772617232578,20,3.678529497136051,0.264565075534702,4.0542805149782835,0.3757510178422323,4.053037645634249,0.12514334372870747,0.3745081484981978,,,31003,0.4,200,20,8,,,,,,,
h2_0.40_budget_200_parents_20,fixed_sampling,3,5,1000,200,0.2,1,200,200,0.3113502607864721,20,4.053037645634249,0.12514334372870747,4.3914158584204595,0.3383782127862105,4.375381540331041,0.14052745390898724,0.32234389469679225,,,31003,0.4,200,20,8,,,,,,,
h2_0.40_budget_200_parents_20,fixed_sampling,3,6,1000,200,0.2,1,200,200,0.38408286837174166,20,4.375381540331041,0.14052745390898724,4.74294904519969,0.3675675048686484,4.753949204570905,0.05125372821548509,0.37856766423986343,,,31003,0.4,200,20,8,,,,,,,
h2_0.40_budget_200_parents_20,fixed_sampling,3,7,1000,200,0.2,1,200,200,0.43006659716925155,20,4.753949204570905,0.05125372821548509,5.036150834444327,0.28220162987342245,5.04240719461857,0.01831834000413313,0.28845799004766537,,,31003,0.4,200,20,8,,,,,,,
h2_0.40_budget_200_parents_20,fixed_sampling,3,8,1000,200,0.2,1,200,200,0.37391907452214346,20,5.04240719461857,0.01831834000413313,5.172592947588357,0.13018575296978696,5.179651625848971,0.005961779733182117,0.13724443123040064,,,31003,0.4,200,20,8,,,,,,,
h2_0.40_budget_200_parents_20,diversity_sampling,3,1,1000,200,0.2,1,200,200,0.48629791211605333,20,-0.13314627914244168,0.9430240904123077,1.4380645289703322,1.5712108081127738,1.4743298247716081,0.6628235191672817,1.6074761039140497,,,31003,0.4,200,20,8,,,,,,,
h2_0.40_budget_200_parents_20,diversity_sampling,3,2,1000,200,0.2,1,200,200,0.6205649348069441,20,1.4743298247716081,0.6628235191672817,2.1800447959962095,0.7057149712246014,2.126056347854527,0.523597177193606,0.651726523082919,,,31003,0.4,200,20,8,,,,,,,
h2_0.40_budget_200_parents_20,diversity_sampling,3,3,1000,200,0.2,1,200,200,0.6330865129046651,20,2.126056347854527,0.523597177193606,3.331436818817012,1.205380470962485,3.3184617999473502,0.43232053623848155,1.1924054520928231,,,31003,0.4,200,20,8,,,,,,,
h2_0.40_budget_200_parents_20,diversity_sampling,3,4,1000,200,0.2,1,200,200,0.5957623857511124,20,3.3184617999473502,0.43232053623848155,4.598295466441248,1.2798336664938974,4.625888518307058,0.39166903981081513,1.3074267183597081,,,31003,0.4,200,20,8,,,,,,,
h2_0.40_budget_200_parents_20,diversity_sampling,3,5,1000,200,0.2,1,200,200,0.42295833608450595,20,4.625888518307058,0.39166903981081513,5.0209607768201705,0.3950722585131121,5.006222774291956,0.3877161953229662,0.3803342559848977,,,31003,0.4,200,20,8,,,,,,,
h2_0.40_budget_200_parents_20,diversity_sampling,3,6,1000,200,0.2,1,200,200,0.47915000106581157,20,5.006222774291956,0.3877161953229662,5.676756274628909,0.670533500336953,5.644372826282773,0.2563112267529088,0.6381500519908165,,,31003,0.4,200,20,8,,,,,,,
h2_0.40_budget_200_parents_20,diversity_sampling,3,7,1000,200,0.2,1,200,200,0.5709666019814646,20,5.644372826282773,0.2563112267529088,6.163419031538773,0.5190462052560001,6.1407401986905805,0.12604720926591093,0.4963673724078079,,,31003,0.4,200,20,8,,,,,,,
h2_0.40_budget_200_parents_20,diversity_sampling,3,8,1000,200,0.2,1,200,200,0.47859768739873626,20,6.1407401986905805,0.12604720926591093,6.615545732359532,0.4748055336689516,6.628354840405389,0.14512202352812198,0.4876146417148082,,,31003,0.4,200,20,8,,,,,,,
h2_0.40_budget_200_parents_20,active_learning_pev,3,1,1000,200,0.2,1,200,200,0.4802095660957204,20,-0.13314627914244165,0.9430240904123077,1.9163501442017403,2.049496423344182,1.826430422903749,0.3954803954945242,1.9595767020461905,0.5183196550060529,0.6633396450197324,31003,0.4,200,20,8,50.0,150.0,True,0.3093737373643339,0.4802095660957204,,
h2_0.40_budget_200_parents_20,active_learning_pev,3,2,1000,200,0.2,1,200,200,0.4914775206932119,20,1.826430422903749,0.3954803954945242,0.4292917466194125,-1.3971386762843365,2.243545485844397,0.5294226958822821,0.41711506294064793,0.4451571939862333,0.6198801830178127,31003,0.4,200,20,8,50.0,150.0,True,0.363839200107872,0.4914775206932119,,
h2_0.40_budget_200_parents_20,active_learning_pev,3,3,1000,200,0.2,1,200,200,0.5262088072261323,20,2.243545485844397,0.5294226958822821,1.137195341917295,-1.1063501439271017,3.3706495509871854,0.5824208722318487,1.1271040651427886,0.3777148349909112,0.46839790101512335,31003,0.4,200,20,8,50.0,150.0,True,0.2512719762774351,0.5262088072261323,,
h2_0.40_budget_200_parents_20,active_learning_pev,3,4,1000,200,0.2,1,200,200,0.6103251015961744,20,3.3706495509871854,0.5824208722318487,0.7510122174204712,-2.6196373335667142,4.112343392624088,0.21649205662860063,0.7416938416369026,0.4014484210056253,0.5428817609790713,31003,0.4,200,20,8,50.0,150.0,True,0.49415991828298894,0.6103251015961744,,
h2_0.40_budget_200_parents_20,active_learning_pev,3,5,1000,200,0.2,1,200,200,0.44936495717960523,20,4.112343392624088,0.21649205662860063,0.4762638040366481,-3.6360795885874397,4.575859754735035,0.19682227261653798,0.4635163621109468,0.37110284401569515,0.4711296219902579,31003,0.4,200,20,8,50.0,150.0,True,0.2606537616142198,0.44936495717960523,,
h2_0.40_budget_200_parents_20,active_learning_pev,3,6,1000,200,0.2,1,200,200,0.5093920984002025,20,4.575859754735035,0.19682227261653798,0.6638576601844042,-3.9120020945506306,5.249667418783027,0.11886895072415161,0.6738076640479918,0.309166204999201,0.38644026100519113,31003,0.4,200,20,8,50.0,150.0,True,0.41029717397032434,0.5093920984002025,,
h2_0.40_budget_200_parents_20,active_learning_pev,3,7,1000,200,0.2,1,200,200,0.32898749371651886,20,5.249667418783027,0.11886895072415161,0.36130534705948036,-4.888362071723546,5.576410615874908,0.07769790661950077,0.32674319709188104,0.26100686998688616,0.3397852130001411,31003,0.4,200,20,8,50.0,150.0,True,0.14620217300591345,0.32898749371651886,,
h2_0.40_budget_200_parents_20,active_learning_pev,3,8,1000,200,0.2,1,200,200,0.3208243991740688,20,5.576410615874908,0.07769790661950077,0.05063913351864875,-5.525771482356259,5.635357841784496,0.07186228741137766,0.058947225909588674,0.2680094259849284,0.3505353019863833,31003,0.4,200,20,8,50.0,150.0,True,0.36071387431309027,0.3208243991740688,,
h2_0.40_budget_200_parents_20,highest_gebv,3,1,1000,200,0.2,1,200,200,0.46832048327477416,20,-0.13314627914244165,0.9430240904123077,1.886119330434243,2.0192656095766846,1.7360294251769244,0.5045304795565079,1.869175704319366,0.3222041559929494,0.4641877739923075,31003,0.4,200,20,8,50.0,,False,0.3093737373643339,0.46832048327477416,150.0,predicted_gebv
h2_0.40_budget_200_parents_20,highest_gebv,3,2,1000,200,0.2,1,200,200,0.323836064404206,20,1.7360294251769244,0.5045304795565079,0.577184658218248,-1.1588447669586763,2.288170678421216,0.40614665055433785,0.5521412532442918,0.2624762099876534,0.36516425298759714,31003,0.4,200,20,8,50.0,,False,0.2482654590210696,0.323836064404206,150.0,predicted_gebv
h2_0.40_budget_200_parents_20,highest_gebv,3,3,1000,200,0.2,1,200,200,0.49488769165872004,20,2.288170678421216,0.40614665055433785,1.2719668892401184,-1.0162037891810978,3.559866482526207,0.2670268230177652,1.2716958041049908,0.19042873999569565,0.27790781200747006,31003,0.4,200,20,8,50.0,,False,0.2618558286088752,0.49488769165872004,150.0,predicted_gebv
h2_0.40_budget_200_parents_20,highest_gebv,3,4,1000,200,0.2,1,200,200,0.43254153419812824,20,3.559866482526207,0.2670268230177652,0.5977580983016652,-2.9621083842245417,4.192001442934708,0.1812587628378441,0.6321349604085009,0.12364074800279923,0.2167413670103997,31003,0.4,200,20,8,50.0,,False,0.4376095510418031,0.43254153419812824,150.0,predicted_gebv
h2_0.40_budget_200_parents_20,highest_gebv,3,5,1000,200,0.2,1,200,200,0.5685260131215075,20,4.192001442934708,0.1812587628378441,0.5309798836198654,-3.6610215593148423,4.724250496514393,0.0313700234117841,0.5322490535796849,0.07867578999139369,0.1469819399935659,31003,0.4,200,20,8,50.0,,False,0.6183847787699672,0.5685260131215075,150.0,predicted_gebv
h2_0.40_budget_200_parents_20,highest_gebv,3,6,1000,200,0.2,1,200,200,0.18268794662377874,20,4.724250496514393,0.0313700234117841,0.004962885984014243,-4.719287610530379,4.726126475365335,0.008580786333036373,0.0018759788509425945,0.04403685001307167,0.1122658149979543,31003,0.4,200,20,8,50.0,,False,0.05542760855182916,0.18268794662377874,150.0,predicted_gebv
h2_0.40_budget_200_parents_20,highest_gebv,3,7,1000,200,0.2,1,200,200,-0.1859117138226346,20,4.726126475365335,0.008580786333036373,-0.04440397183726229,-4.770530447202598,4.681722503528073,7.896505557767887e-31,-0.04440397183726219,0.05210388998966664,0.18074788601370528,31003,0.4,200,20,8,50.0,,False,0.1644492326513071,-0.1859117138226346,150.0,predicted_gebv
h2_0.40_budget_200_parents_20,highest_gebv,3,8,1000,200,0.2,1,200,200,0.0,20,4.681722503528073,7.896505557767887e-31,0.0,-4.681722503528073,4.681722503528073,7.896505557767887e-31,0.0,0.03787098699831404,0.11525156701100059,31003,0.4,200,20,8,50.0,,False,0.0,0.0,150.0,predicted_gebv
h2_0.70_budget_200_parents_20,random_sampling,1,1,1000,200,0.2,1,200,200,0.6072929379530592,20,-0.13314627914244168,0.9430240904123077,1.5208788351938314,1.654025114336273,1.5447029728129116,0.600637637928289,1.6778492519553532,,,32001,0.7,200,20,8,,,,,,,
h2_0.70_budget_200_parents_20,random_sampling,1,2,1000,200,0.2,1,200,200,0.6126544880479351,20,1.5447029728129116,0.600637637928289,2.591817415856051,1.0471144430431396,2.5496287981802666,0.3311438840624583,1.004925825367355,,,32001,0.7,200,20,8,,,,,,,
h2_0.70_budget_200_parents_20,random_sampling,1,3,1000,200,0.2,1,200,200,0.6059886935594272,20,2.5496287981802666,0.3311438840624583,3.23466138366248,0.6850325854822135,3.2304839201800735,0.21739091996510707,0.6808551219998069,,,32001,0.7,200,20,8,,,,,,,
h2_0.70_budget_200_parents_20,random_sampling,1,4,1000,200,0.2,1,200,200,0.42913720782685355,20,3.2304839201800735,0.21739091996510707,3.7386293226697935,0.5081454024897201,3.7459122122710613,0.17172531170735422,0.5154282920909878,,,32001,0.7,200,20,8,,,,,,,
h2_0.70_budget_200_parents_20,random_sampling,1,5,1000,200,0.2,1,200,200,0.6580681674570616,20,3.7459122122710613,0.17172531170735422,4.452457046517639,0.7065448342465781,4.450225140503109,0.14218455576116712,0.7043129282320479,,,32001,0.7,200,20,8,,,,,,,
h2_0.70_budget_200_parents_20,random_sampling,1,6,1000,200,0.2,1,200,200,0.5445937647425082,20,4.450225140503109,0.14218455576116712,4.909387708121593,0.45916256761848384,4.912075346483824,0.09630660051343617,0.46185020598071436,,,32001,0.7,200,20,8,,,,,,,
h2_0.70_budget_200_parents_20,random_sampling,1,7,1000,200,0.2,1,200,200,0.4413578171720921,20,4.912075346483824,0.09630660051343617,5.193287920409413,0.28121257392558974,5.221128752190578,0.08801053409838706,0.309053405706754,,,32001,0.7,200,20,8,,,,,,,
h2_0.70_budget_200_parents_20,random_sampling,1,8,1000,200,0.2,1,200,200,0.6358602135617558,20,5.221128752190578,0.08801053409838706,5.569328675542869,0.34819992335229166,5.575523151234752,0.016070517937237797,0.3543943990441747,,,32001,0.7,200,20,8,,,,,,,
h2_0.70_budget_200_parents_20,fixed_sampling,1,1,1000,200,0.2,1,200,200,0.6164687221738233,20,-0.13314627914244168,0.9430240904123077,1.1452386562817878,1.2783849354242294,1.145011651193853,0.8083762397886366,1.2781579303362947,,,32001,0.7,200,20,8,,,,,,,
h2_0.70_budget_200_parents_20,fixed_sampling,1,2,1000,200,0.2,1,200,200,0.6779878554674862,20,1.145011651193853,0.8083762397886366,2.6003855126756723,1.4553738614818192,2.583282118491532,0.39697771617122174,1.4382704672976792,,,32001,0.7,200,20,8,,,,,,,
h2_0.70_budget_200_parents_20,fixed_sampling,1,3,1000,200,0.2,1,200,200,0.5715978089985294,20,2.583282118491532,0.39697771617122174,3.2306675011589987,0.6473853826674665,3.2344040220415837,0.45465745149187464,0.6511219035500515,,,32001,0.7,200,20,8,,,,,,,
h2_0.70_budget_200_parents_20,fixed_sampling,1,4,1000,200,0.2,1,200,200,0.6362054354473344,20,3.2344040220415837,0.45465745149187464,4.293985501553145,1.0595814795115612,4.323322248592527,0.28519844212277057,1.0889182265509434,,,32001,0.7,200,20,8,,,,,,,
h2_0.70_budget_200_parents_20,fixed_sampling,1,5,1000,200,0.2,1,200,200,0.5786215416269799,20,4.323322248592527,0.28519844212277057,5.020443953320002,0.6971217047274747,4.998836509211583,0.21871888719203822,0.6755142606190558,,,32001,0.7,200,20,8,,,,,,,
h2_0.70_budget_200_parents_20,fixed_sampling,1,6,1000,200,0.2,1,200,200,0.5379167979121006,20,4.998836509211583,0.21871888719203822,5.589452505108028,0.590615995896445,5.564362602697834,0.22374535869970755,0.5655260934862509,,,32001,0.7,200,20,8,,,,,,,
h2_0.70_budget_200_parents_20,fixed_sampling,1,7,1000,200,0.2,1,200,200,0.6044104575373332,20,5.564362602697834,0.22374535869970755,5.9900104354345975,0.42564783273676365,5.992428145548323,0.24194180663381748,0.42806554285048914,,,32001,0.7,200,20,8,,,,,,,
h2_0.70_budget_200_parents_20,fixed_sampling,1,8,1000,200,0.2,1,200,200,0.7500760287149775,20,5.992428145548323,0.24194180663381748,6.4929817857657195,0.5005536402173965,6.4880749569658995,0.058993475675876116,0.4956468114175765,,,32001,0.7,200,20,8,,,,,,,
h2_0.70_budget_200_parents_20,diversity_sampling,1,1,1000,200,0.2,1,200,200,0.6484709763154731,20,-0.13314627914244168,0.9430240904123077,1.2560190607423514,1.389165339884793,1.25119627768301,0.6107854647196498,1.3843425568254515,,,32001,0.7,200,20,8,,,,,,,
h2_0.70_budget_200_parents_20,diversity_sampling,1,2,1000,200,0.2,1,200,200,0.6860990741915262,20,1.25119627768301,0.6107854647196498,2.6196448252207056,1.3684485475376957,2.6789277339536604,0.5174914786848978,1.4277314562706505,,,32001,0.7,200,20,8,,,,,,,
h2_0.70_budget_200_parents_20,diversity_sampling,1,3,1000,200,0.2,1,200,200,0.5243418649809701,20,2.6789277339536604,0.5174914786848978,3.5570915597443276,0.8781638257906672,3.5705658560004983,0.3921183464054062,0.8916381220468379,,,32001,0.7,200,20,8,,,,,,,
h2_0.70_budget_200_parents_20,diversity_sampling,1,4,1000,200,0.2,1,200,200,0.6311001156007048,20,3.5705658560004983,0.3921183464054062,4.501359596104838,0.93079374010434,4.488034500363994,0.27277302519812174,0.9174686443634954,,,32001,0.7,200,20,8,,,,,,,
h2_0.70_budget_200_parents_20,diversity_sampling,1,5,1000,200,0.2,1,200,200,0.6331320845209395,20,4.488034500363994,0.27277302519812174,5.406263998048371,0.9182294976843774,5.408890712461056,0.2627958543157528,0.9208562120970623,,,32001,0.7,200,20,8,,,,,,,
h2_0.70_budget_200_parents_20,diversity_sampling,1,6,1000,200,0.2,1,200,200,0.6152256417040529,20,5.408890712461056,0.2627958543157528,6.056594035405025,0.6477033229439693,6.092412108474789,0.2457880819386106,0.6835213960137327,,,32001,0.7,200,20,8,,,,,,,
h2_0.70_budget_200_parents_20,diversity_sampling,1,7,1000,200,0.2,1,200,200,0.5364219553650666,20,6.092412108474789,0.2457880819386106,6.66746283830959,0.5750507298348015,6.671610938233575,0.08909190820104601,0.579198829758786,,,32001,0.7,200,20,8,,,,,,,
h2_0.70_budget_200_parents_20,diversity_sampling,1,8,1000,200,0.2,1,200,200,0.5359329170731834,20,6.671610938233575,0.08909190820104601,7.308989905676613,0.6373789674430386,7.31639264723403,0.0635416169500278,0.6447817090004557,,,32001,0.7,200,20,8,,,,,,,
h2_0.70_budget_200_parents_20,active_learning_pev,1,1,1000,200,0.2,1,200,200,0.5677506050453187,20,-0.13314627914244165,0.9430240904123077,1.983534256067713,2.1166805352101545,1.8171086975987345,0.4427130696075082,1.950254976741176,0.5304835069982801,0.7764392769895494,32001,0.7,200,20,8,50.0,150.0,True,0.40201149435951594,0.5677506050453187,,
h2_0.70_budget_200_parents_20,active_learning_pev,1,2,1000,200,0.2,1,200,200,0.5679782406028444,20,1.8171086975987345,0.4427130696075082,1.0759601726705004,-0.7411485249282341,2.898953657073767,0.5306709748126486,1.0818449594750326,0.43686238399823196,0.5385170240188017,32001,0.7,200,20,8,50.0,150.0,True,0.32840833505251776,0.5679782406028444,,
h2_0.70_budget_200_parents_20,active_learning_pev,1,3,1000,200,0.2,1,200,200,0.5668718108521448,20,2.898953657073767,0.5306709748126486,0.8096677646179241,-2.089285892455843,3.7215881338052594,0.33577058064633375,0.8226344767314924,0.3607890460116323,0.450642534007784,32001,0.7,200,20,8,50.0,150.0,True,0.4060542965883665,0.5668718108521448,,
h2_0.70_budget_200_parents_20,active_learning_pev,1,4,1000,200,0.2,1,200,200,0.6315027425577555,20,3.7215881338052594,0.33577058064633375,1.0584827449767096,-2.6631053888285496,4.772375743857138,0.11006500490487726,1.0507876100518785,0.2904065329930745,0.427619844005676,32001,0.7,200,20,8,50.0,150.0,True,0.39463746495822744,0.6315027425577555,,
h2_0.70_budget_200_parents_20,active_learning_pev,1,5,1000,200,0.2,1,200,200,0.5122526216016154,20,4.772375743857138,0.11006500490487726,0.2980184406142825,-4.474357303242855,5.082024343849575,0.0485546411583554,0.3096485999924372,0.29397638799855486,0.38532403801218607,32001,0.7,200,20,8,50.0,150.0,True,0.2013694260419714,0.5122526216016154,,
h2_0.70_budget_200_parents_20,active_learning_pev,1,6,1000,200,0.2,1,200,200,0.3541337411658542,20,5.082024343849575,0.0485546411583554,0.1372055748733345,-4.944818768976241,5.214275167145515,0.030426910303911175,0.13225082329593985,0.229850082017947,0.3100435799860861,32001,0.7,200,20,8,50.0,150.0,True,0.22247320538879473,0.3541337411658542,,
h2_0.70_budget_200_parents_20,active_learning_pev,1,7,1000,200,0.2,1,200,200,0.3657658405669676,20,5.214275167145515,0.030426910303911175,0.2221963253111839,-4.992078841834331,5.422708239247038,0.02738587460133656,0.2084330721015233,0.2106517780048307,0.29382578399963677,32001,0.7,200,20,8,50.0,150.0,True,0.001710626059889817,0.3657658405669676,,
h2_0.70_budget_200_parents_20,active_learning_pev,1,8,1000,200,0.2,1,200,200,0.08752317869663874,20,5.422708239247038,0.02738587460133656,0.02238286981513323,-5.400325369431905,5.446473545209242,0.014498710840124225,0.023765305962204053,0.1979045220068656,0.3153522780048661,32001,0.7,200,20,8,50.0,150.0,True,0.05676728951777099,0.08752317869663874,,
h2_0.70_budget_200_parents_20,highest_gebv,1,1,1000,200,0.2,1,200,200,0.568758312889005,20,-0.13314627914244165,0.9430240904123077,2.0573215499822206,2.190467829124662,1.9538681677823164,0.472152648603898,2.087014446924758,0.3250038280093577,0.45980826299637556,32001,0.7,200,20,8,50.0,,False,0.40201149435951594,0.568758312889005,150.0,predicted_gebv
h2_0.70_budget_200_parents_20,highest_gebv,1,2,1000,200,0.2,1,200,200,0.5606136524833542,20,1.9538681677823164,0.472152648603898,1.306694947503284,-0.6471732202790323,3.2879924571975234,0.494721822999604,1.334124289415207,0.24517332602408715,0.34120762001839466,32001,0.7,200,20,8,50.0,,False,0.34869453013990126,0.5606136524833542,150.0,predicted_gebv
h2_0.70_budget_200_parents_20,highest_gebv,1,3,1000,200,0.2,1,200,200,0.7117938779987284,20,3.2879924571975234,0.494721822999604,1.4690510091690654,-1.818941448028458,4.763025892632754,0.37771233819810673,1.4750334354352308,0.2282313749892637,0.3279064450180158,32001,0.7,200,20,8,50.0,,False,0.2987973655867851,0.7117938779987284,150.0,predicted_gebv
h2_0.70_budget_200_parents_20,highest_gebv,1,4,1000,200,0.2,1,200,200,0.58104494464775,20,4.763025892632754,0.37771233819810673,1.3401227852906255,-3.4229031073421288,6.0990119524180155,0.11336064347664299,1.3359860597852613,0.18385345800197683,0.2791852630034555,32001,0.7,200,20,8,50.0,,False,0.41356529541519244,0.58104494464775,150.0,predicted_gebv
h2_0.70_budget_200_parents_20,highest_gebv,1,5,1000,200,0.2,1,200,200,0.45546760227294303,20,6.0990119524180155,0.11336064347664299,0.33386577782958676,-5.765146174588429,6.444134309971372,0.02287157518407056,0.34512235755335663,0.13907853100681677,0.22066208798787557,32001,0.7,200,20,8,50.0,,False,0.5200904626109136,0.45546760227294303,150.0,predicted_gebv
h2_0.70_budget_200_parents_20,highest_gebv,1,6,1000,200,0.2,1,200,200,0.5336270918748536,20,6.444134309971372,0.02287157518407056,0.13650170398739175,-6.30763260598398,6.58620611468633,0.004602941559642403,0.14207180471495828,0.09783593300380744,0.1805871459946502,32001,0.7,200,20,8,50.0,,False,0.27042855041211117,0.5336270918748536,150.0,predicted_gebv
h2_0.70_budget_200_parents_20,highest_gebv,1,7,1000,200,0.2,1,200,200,-0.00330565586861771,20,6.58620611468633,0.004602941559642403,0.000956662870837662,-6.585249451815493,6.585597754179588,0.0003929842818811432,-0.0006083605067424003,0.06177949300035834,0.19028890298795886,32001,0.7,200,20,8,50.0,,False,-0.04224224401989419,-0.00330565586861771,150.0,predicted_gebv
h2_0.70_budget_200_parents_20,highest_gebv,1,8,1000,200,0.2,1,200,200,0.3749957372613857,20,6.585597754179588,0.0003929842818811432,0.0057348844943190345,-6.579862869685269,6.592246641131511,0.0002244514166541853,0.006648886951922783,0.048010786005761474,0.13687966801808216,32001,0.7,200,20,8,50.0,,False,0.2535166050168811,0.3749957372613857,150.0,predicted_gebv
h2_0.70_budget_200_parents_20,random_sampling,2,1,1000,200,0.2,1,200,200,0.5970715187128505,20,-0.13314627914244168,0.9430240904123077,1.3879376142239805,1.5210838933664221,1.3758949823760211,0.5276460716618314,1.5090412615184627,,,32002,0.7,200,20,8,,,,,,,
h2_0.70_budget_200_parents_20,random_sampling,2,2,1000,200,0.2,1,200,200,0.4826513573939883,20,1.3758949823760211,0.5276460716618314,2.3323050310611455,0.9564100486851244,2.3568589015481387,0.4048173971697153,0.9809639191721176,,,32002,0.7,200,20,8,,,,,,,
h2_0.70_budget_200_parents_20,random_sampling,2,3,1000,200,0.2,1,200,200,0.6577038531540939,20,2.3568589015481387,0.4048173971697153,3.4332951026413485,1.0764362010932098,3.430001694643289,0.2845835112446565,1.0731427930951503,,,32002,0.7,200,20,8,,,,,,,
h2_0.70_budget_200_parents_20,random_sampling,2,4,1000,200,0.2,1,200,200,0.6503293028038594,20,3.430001694643289,0.2845835112446565,4.092954884102648,0.6629531894593588,4.07172802975871,0.12825240756676987,0.6417263351154214,,,32002,0.7,200,20,8,,,,,,,
h2_0.70_budget_200_parents_20,random_sampling,2,5,1000,200,0.2,1,200,200,0.5537276556033637,20,4.07172802975871,0.12825240756676987,4.586548586278202,0.5148205565194912,4.583534083440433,0.05633976041172847,0.5118060536817222,,,32002,0.7,200,20,8,,,,,,,
h2_0.70_budget_200_parents_20,random_sampling,2,6,1000,200,0.2,1,200,200,0.43932308818641436,20,4.583534083440433,0.05633976041172847,4.923993023825838,0.34045894038540503,4.9267705991504,0.02854558961108928,0.34323651570996727,,,32002,0.7,200,20,8,,,,,,,
h2_0.70_budget_200_parents_20,random_sampling,2,7,1000,200,0.2,1,200,200,0.44721322461551155,20,4.9267705991504,0.02854558961108928,5.074917307464244,0.14814670831384458,5.074026646034079,0.008999390141138212,0.14725604688367877,,,32002,0.7,200,20,8,,,,,,,
h2_0.70_budget_200_parents_20,random_sampling,2,8,1000,200,0.2,1,200,200,-0.06089456545808901,20,5.074026646034079,0.008999390141138212,5.010972978295372,-0.06305366773870702,5.011749003631132,0.004515966299593017,-0.06227764240294675,,,32002,0.7,200,20,8,,,,,,,
h2_0.70_budget_200_parents_20,fixed_sampling,2,1,1000,200,0.2,1,200,200,0.6142194936245339,20,-0.13314627914244168,0.9430240904123077,1.552349019846159,1.6854952989886005,1.5190525568239512,0.5421935016450914,1.6521988359663928,,,32002,0.7,200,20,8,,,,,,,
h2_0.70_budget_200_parents_20,fixed_sampling,2,2,1000,200,0.2,1,200,200,0.2094682993948929,20,1.5190525568239512,0.5421935016450914,1.985572656163686,0.4665200993397347,1.97300701976824,0.49878223925402676,0.45395446294428865,,,32002,0.7,200,20,8,,,,,,,
h2_0.70_budget_200_parents_20,fixed_sampling,2,3,1000,200,0.2,1,200,200,0.7346035827863044,20,1.97300701976824,0.49878223925402676,3.018633575808231,1.0456265560399913,2.9919682017480986,0.3548559055693889,1.0189611819798587,,,32002,0.7,200,20,8,,,,,,,
h2_0.70_budget_200_parents_20,fixed_sampling,2,4,1000,200,0.2,1,200,200,0.7160286211874096,20,2.9919682017480986,0.3548559055693889,3.8355044728850833,0.8435362711369847,3.815170009577986,0.15221294148672077,0.8232018078298875,,,32002,0.7,200,20,8,,,,,,,
h2_0.70_budget_200_parents_20,fixed_sampling,2,5,1000,200,0.2,1,200,200,0.48706675442364705,20,3.815170009577986,0.15221294148672077,4.298865979147728,0.48369596956974226,4.2921851654136,0.15180603839784718,0.47701515583561394,,,32002,0.7,200,20,8,,,,,,,
h2_0.70_budget_200_parents_20,fixed_sampling,2,6,1000,200,0.2,1,200,200,0.5819290886055536,20,4.2921851654136,0.15180603839784718,4.850413868639422,0.5582287032258222,4.862546084470572,0.062437050028838155,0.5703609190569718,,,32002,0.7,200,20,8,,,,,,,
h2_0.70_budget_200_parents_20,fixed_sampling,2,7,1000,200,0.2,1,200,200,0.5596847589629113,20,4.862546084470572,0.062437050028838155,5.09747199569909,0.23492591122851803,5.097391726345799,0.01054817469338314,0.23484564187522672,,,32002,0.7,200,20,8,,,,,,,
h2_0.70_budget_200_parents_20,fixed_sampling,2,8,1000,200,0.2,1,200,200,0.44561550502606834,20,5.097391726345799,0.01054817469338314,5.166990362078702,0.0695986357329037,5.169023152888332,0.004567017363507093,0.07163142654253374,,,32002,0.7,200,20,8,,,,,,,
h2_0.70_budget_200_parents_20,diversity_sampling,2,1,1000,200,0.2,1,200,200,0.5937342253320926,20,-0.13314627914244168,0.9430240904123077,1.2421567376874532,1.3753030168298948,1.3451545588734863,0.8733059697212805,1.478300838015928,,,32002,0.7,200,20,8,,,,,,,
h2_0.70_budget_200_parents_20,diversity_sampling,2,2,1000,200,0.2,1,200,200,0.7656468103335811,20,1.3451545588734863,0.8733059697212805,2.715895793995985,1.3707412351224988,2.6559762142759813,0.40966106124225354,1.310821655402495,,,32002,0.7,200,20,8,,,,,,,
h2_0.70_budget_200_parents_20,diversity_sampling,2,3,1000,200,0.2,1,200,200,0.6867472232479136,20,2.6559762142759813,0.40966106124225354,3.997732840921685,1.3417566266457035,3.9686975844570873,0.3566991412301399,1.312721370181106,,,32002,0.7,200,20,8,,,,,,,
h2_0.70_budget_200_parents_20,diversity_sampling,2,4,1000,200,0.2,1,200,200,0.6697986444837923,20,3.9686975844570873,0.3566991412301399,5.11011911834462,1.141421533887533,5.12584595733869,0.13837454852850334,1.1571483728816028,,,32002,0.7,200,20,8,,,,,,,
h2_0.70_budget_200_parents_20,diversity_sampling,2,5,1000,200,0.2,1,200,200,0.4663902171517871,20,5.12584595733869,0.13837454852850334,5.564369292955323,0.43852333561663315,5.577651401955026,0.10794016258059881,0.451805444616336,,,32002,0.7,200,20,8,,,,,,,
h2_0.70_budget_200_parents_20,diversity_sampling,2,6,1000,200,0.2,1,200,200,0.4015467871236507,20,5.577651401955026,0.10794016258059881,5.714980214284338,0.1373288123293115,5.721592649195814,0.11288956818001629,0.14394124724078772,,,32002,0.7,200,20,8,,,,,,,
h2_0.70_budget_200_parents_20,diversity_sampling,2,7,1000,200,0.2,1,200,200,0.7274862695567339,20,5.721592649195814,0.11288956818001629,6.208405629650258,0.4868129804544443,6.1990141895940445,0.06892056212342892,0.4774215403982307,,,32002,0.7,200,20,8,,,,,,,
h2_0.70_budget_200_parents_20,diversity_sampling,2,8,1000,200,0.2,1,200,200,0.3989587554052352,20,6.1990141895940445,0.06892056212342892,6.469781147623251,0.27076695802920625,6.45940238657525,0.02813423700307828,0.2603881969812054,,,32002,0.7,200,20,8,,,,,,,
h2_0.70_budget_200_parents_20,active_learning_pev,2,1,1000,200,0.2,1,200,200,0.5281988453974409,20,-0.13314627914244165,0.9430240904123077,1.779582671714833,1.9127289508572747,1.6224193031598677,0.7192907139528565,1.7555655823023093,0.5660790250112768,0.7015042249986436,32002,0.7,200,20,8,50.0,150.0,True,0.3931970128219808,0.5281988453974409,,
h2_0.70_budget_200_parents_20,active_learning_pev,2,2,1000,200,0.2,1,200,200,0.7754528852806198,20,1.6224193031598677,0.7192907139528565,0.9601384803091403,-0.6622808228507274,2.5768826709551442,0.4876475326582793,0.9544633677952765,0.4603719119913876,0.6231019159895368,32002,0.7,200,20,8,50.0,150.0,True,0.6141680486809833,0.7754528852806198,,
h2_0.70_budget_200_parents_20,active_learning_pev,2,3,1000,200,0.2,1,200,200,0.7158402534282121,20,2.5768826709551442,0.4876475326582793,1.2800935675355696,-1.2967891034195747,3.85323183868785,0.2740510114698356,1.2763491677327057,0.3866531679814216,0.4702074080123566,32002,0.7,200,20,8,50.0,150.0,True,0.4630494126513588,0.7158402534282121,,
h2_0.70_budget_200_parents_20,active_learning_pev,2,4,1000,200,0.2,1,200,200,0.5408510424510521,20,3.85323183868785,0.2740510114698356,0.7249892781692877,-3.1282425605185624,4.536462635345859,0.2422141845371597,0.6832307966580089,0.4028387830185238,0.493300851987442,32002,0.7,200,20,8,50.0,150.0,True,0.42234246791888574,0.5408510424510521,,
h2_0.70_budget_200_parents_20,active_learning_pev,2,5,1000,200,0.2,1,200,200,0.5507019960885254,20,4.536462635345859,0.2422141845371597,0.5051311268103003,-4.031331508535558,5.062607038669434,0.13866605797964995,0.5261444033235749,0.39459522400284186,0.4863295239920262,32002,0.7,200,20,8,50.0,150.0,True,0.31929291154370376,0.5507019960885254,,
h2_0.70_budget_200_parents_20,active_learning_pev,2,6,1000,200,0.2,1,200,200,0.6068075171967485,20,5.062607038669434,0.13866605797964995,0.43887886594489844,-4.623728172724535,5.535531148033328,0.0823913630840788,0.47292410936389384,0.34926952701061964,0.4371417670045048,32002,0.7,200,20,8,50.0,150.0,True,0.20456533295159582,0.6068075171967485,,
h2_0.70_budget_200_parents_20,active_learning_pev,2,7,1000,200,0.2,1,200,200,0.5416874089112516,20,5.535531148033328,0.0823913630840788,0.25708932160584735,-5.27844182642748,5.783463975664527,0.028937291286769216,0.24793282763119961,0.32601896501728334,0.42017188799218275,32002,0.7,200,20,8,50.0,150.0,True,0.5103941530491718,0.5416874089112516,,
h2_0.70_budget_200_parents_20,active_learning_pev,2,8,1000,200,0.2,1,200,200,0.471279607779096,20,5.783463975664527,0.028937291286769216,0.32078605027474927,-5.462677925389778,6.112884178756931,0.012602634951111327,0.32942020309240405,0.2242850280017592,0.3057205770164728,32002,0.7,200,20,8,50.0,150.0,True,0.3378853123589964,0.471279607779096,,
h2_0.70_budget_200_parents_20,highest_gebv,2,1,1000,200,0.2,1,200,200,0.6058412517327518,20,-0.13314627914244165,0.9430240904123077,2.0199492651351627,2.1530955442776043,1.901245455389538,0.45785290503781306,2.0343917345319795,0.33398566098185256,0.4775236679997761,32002,0.7,200,20,8,50.0,,False,0.3931970128219808,0.6058412517327518,150.0,predicted_gebv
h2_0.70_budget_200_parents_20,highest_gebv,2,2,1000,200,0.2,1,200,200,0.5799083510520604,20,1.901245455389538,0.45785290503781306,1.0274681119407947,-0.8737773434487432,2.905685260684605,0.37838011302491414,1.0044398052950672,0.2431988049938809,0.35035504697589204,32002,0.7,200,20,8,50.0,,False,0.40781321007998284,0.5799083510520604,150.0,predicted_gebv
h2_0.70_budget_200_parents_20,highest_gebv,2,3,1000,200,0.2,1,200,200,0.6372286181439736,20,2.905685260684605,0.37838011302491414,1.211397508202722,-1.6942877524818831,4.116712460097146,0.30217774791138896,1.2110271994125408,0.21020767398294993,0.31154342999798246,32002,0.7,200,20,8,50.0,,False,0.3478286749038134,0.6372286181439736,150.0,predicted_gebv
h2_0.70_budget_200_parents_20,highest_gebv,2,4,1000,200,0.2,1,200,200,0.5764533594738381,20,4.116712460097146,0.30217774791138896,0.8213654896417332,-3.295346970455413,4.944103016621572,0.21159168916735735,0.827390556524426,0.1980611520120874,0.2756563840084709,32002,0.7,200,20,8,50.0,,False,0.38626118379898927,0.5764533594738381,150.0,predicted_gebv
h2_0.70_budget_200_parents_20,highest_gebv,2,5,1000,200,0.2,1,200,200,0.496320314273219,20,4.944103016621572,0.21159168916735735,0.7445002075788916,-4.1996028090426805,5.688419822271457,0.2267174945937789,0.744316805649885,0.12132715398911387,0.2108152380096726,32002,0.7,200,20,8,50.0,,False,0.37051006297798267,0.496320314273219,150.0,predicted_gebv
h2_0.70_budget_200_parents_20,highest_gebv,2,6,1000,200,0.2,1,200,200,0.6453867238611648,20,5.688419822271457,0.2267174945937789,0.3726296304052494,-5.315790191866207,6.067510875591246,0.07483759867116115,0.3790910533197893,0.08773886499693617,0.16996929698507302,32002,0.7,200,20,8,50.0,,False,0.3532162504650403,0.6453867238611648,150.0,predicted_gebv
h2_0.70_budget_200_parents_20,highest_gebv,2,7,1000,200,0.2,1,200,200,0.44265437417341535,20,6.067510875591246,0.07483759867116115,0.33507924950535595,-5.73243162608589,6.387290092236959,0.03524256429295183,0.3197792166457125,0.06709944701287895,0.14527664001798257,32002,0.7,200,20,8,50.0,,False,0.22690502113582356,0.44265437417341535,150.0,predicted_gebv
h2_0.70_budget_200_parents_20,highest_gebv,2,8,1000,200,0.2,1,200,200,0.41036755668628383,20,6.387290092236959,0.03524256429295183,0.24206560588686918,-6.14522448635009,6.621093509301274,0.0074953176377664235,0.2338034170643155,0.06491221199394204,0.15046727401204407,32002,0.7,200,20,8,50.0,,False,0.38402266149691666,0.41036755668628383,150.0,predicted_gebv
h2_0.70_budget_200_parents_20,random_sampling,3,1,1000,200,0.2,1,200,200,0.6052948469455008,20,-0.13314627914244168,0.9430240904123077,1.2964988191402271,1.4296450982826687,1.3027771497215974,0.7042245548667235,1.435923428864039,,,32003,0.7,200,20,8,,,,,,,
h2_0.70_budget_200_parents_20,random_sampling,3,2,1000,200,0.2,1,200,200,0.5819196548473118,20,1.3027771497215974,0.7042245548667235,2.170999308193489,0.8682221584718917,2.2215572808481285,0.5444940283124053,0.9187801311265311,,,32003,0.7,200,20,8,,,,,,,
h2_0.70_budget_200_parents_20,random_sampling,3,3,1000,200,0.2,1,200,200,0.592419149852289,20,2.2215572808481285,0.5444940283124053,3.3789934051142336,1.157436124266105,3.3723488623958935,0.41889627431515747,1.150791581547765,,,32003,0.7,200,20,8,,,,,,,
h2_0.70_budget_200_parents_20,random_sampling,3,4,1000,200,0.2,1,200,200,0.5739705898589871,20,3.3723488623958935,0.41889627431515747,4.2786282834400025,0.906279421044109,4.234316235607418,0.5314035211698271,0.8619673732115243,,,32003,0.7,200,20,8,,,,,,,
h2_0.70_budget_200_parents_20,random_sampling,3,5,1000,200,0.2,1,200,200,0.6285488761347899,20,4.234316235607418,0.5314035211698271,5.273561754636499,1.0392455190290812,5.263396945073746,0.3291840291928536,1.029080709466328,,,32003,0.7,200,20,8,,,,,,,
h2_0.70_budget_200_parents_20,random_sampling,3,6,1000,200,0.2,1,200,200,0.6995570683596322,20,5.263396945073746,0.3291840291928536,6.283538391806204,1.0201414467324588,6.287805791261935,0.1018014220503668,1.024408846188189,,,32003,0.7,200,20,8,,,,,,,
h2_0.70_budget_200_parents_20,random_sampling,3,7,1000,200,0.2,1,200,200,0.4362090319500839,20,6.287805791261935,0.1018014220503668,6.752150901602371,0.46434511034043613,6.768557901165181,0.06766829333947404,0.48075210990324635,,,32003,0.7,200,20,8,,,,,,,
h2_0.70_budget_200_parents_20,random_sampling,3,8,1000,200,0.2,1,200,200,0.5488636404871566,20,6.768557901165181,0.06766829333947404,7.135770371526392,0.36721247036121074,7.124665495536229,0.08017862273491769,0.3561075943710481,,,32003,0.7,200,20,8,,,,,,,
h2_0.70_budget_200_parents_20,fixed_sampling,3,1,1000,200,0.2,1,200,200,0.6043411440802373,20,-0.13314627914244168,0.9430240904123077,1.3094113241349736,1.4425576032774152,1.3130420165326866,0.7566797710438138,1.4461882956751282,,,32003,0.7,200,20,8,,,,,,,
h2_0.70_budget_200_parents_20,fixed_sampling,3,2,1000,200,0.2,1,200,200,0.6298692877923744,20,1.3130420165326866,0.7566797710438138,2.250559623302535,0.9375176067698483,2.3112388939234845,0.5375883753246675,0.9981968773907979,,,32003,0.7,200,20,8,,,,,,,
h2_0.70_budget_200_parents_20,fixed_sampling,3,3,1000,200,0.2,1,200,200,0.6494547176501889,20,2.3112388939234845,0.5375883753246675,3.524448571347006,1.2132096774235217,3.4915906972221062,0.5176077850050335,1.1803518032986218,,,32003,0.7,200,20,8,,,,,,,
h2_0.70_budget_200_parents_20,fixed_sampling,3,4,1000,200,0.2,1,200,200,0.7167478206066673,20,3.4915906972221062,0.5176077850050335,4.7109836163824035,1.2193929191602972,4.715889186000358,0.3049190254616133,1.2242984887782518,,,32003,0.7,200,20,8,,,,,,,
h2_0.70_budget_200_parents_20,fixed_sampling,3,5,1000,200,0.2,1,200,200,0.6516301898781981,20,4.715889186000358,0.3049190254616133,5.245776706941981,0.5298875209416227,5.245683412269134,0.09447421646521967,0.529794226268776,,,32003,0.7,200,20,8,,,,,,,
h2_0.70_budget_200_parents_20,fixed_sampling,3,6,1000,200,0.2,1,200,200,0.37919782326863544,20,5.245683412269134,0.09447421646521967,5.58289382169113,0.33721040942199565,5.584503694109526,0.0486549743690095,0.33882028184039203,,,32003,0.7,200,20,8,,,,,,,
h2_0.70_budget_200_parents_20,fixed_sampling,3,7,1000,200,0.2,1,200,200,0.37526576939219874,20,5.584503694109526,0.0486549743690095,6.034625126900335,0.45012143279080874,6.030571738171339,0.03266936270211414,0.4460680440618132,,,32003,0.7,200,20,8,,,,,,,
h2_0.70_budget_200_parents_20,fixed_sampling,3,8,1000,200,0.2,1,200,200,0.27116849611565585,20,6.030571738171339,0.03266936270211414,6.142713174982298,0.11214143681095834,6.138374160453689,0.03062371748893213,0.10780242228234993,,,32003,0.7,200,20,8,,,,,,,
h2_0.70_budget_200_parents_20,diversity_sampling,3,1,1000,200,0.2,1,200,200,0.598724066081677,20,-0.13314627914244168,0.9430240904123077,0.9674019120128928,1.1005481911553345,0.9355644607039576,0.9920947832060266,1.0687107398463993,,,32003,0.7,200,20,8,,,,,,,
h2_0.70_budget_200_parents_20,diversity_sampling,3,2,1000,200,0.2,1,200,200,0.6571149681839483,20,0.9355644607039576,0.9920947832060266,2.767404196849092,1.8318397361451346,2.8205252799477454,0.7659341374703807,1.8849608192437879,,,32003,0.7,200,20,8,,,,,,,
h2_0.70_budget_200_parents_20,diversity_sampling,3,3,1000,200,0.2,1,200,200,0.773767235767914,20,2.8205252799477454,0.7659341374703807,4.307897115628394,1.4873718356806482,4.303234850378044,0.37714425969468346,1.4827095704302988,,,32003,0.7,200,20,8,,,,,,,
h2_0.70_budget_200_parents_20,diversity_sampling,3,4,1000,200,0.2,1,200,200,0.7007774869720422,20,4.303234850378044,0.37714425969468346,5.258501742558073,0.9552668921800285,5.248567544641774,0.16840524517466637,0.9453326942637297,,,32003,0.7,200,20,8,,,,,,,
h2_0.70_budget_200_parents_20,diversity_sampling,3,5,1000,200,0.2,1,200,200,0.5352587147383375,20,5.248567544641774,0.16840524517466637,5.692214967419481,0.4436474227777074,5.701120779650743,0.14970005490876592,0.4525532350089687,,,32003,0.7,200,20,8,,,,,,,
h2_0.70_budget_200_parents_20,diversity_sampling,3,6,1000,200,0.2,1,200,200,0.6846403976393423,20,5.701120779650743,0.14970005490876592,6.073640087900305,0.37251930824956236,6.067725601951246,0.03230447944809332,0.36660482230050384,,,32003,0.7,200,20,8,,,,,,,
h2_0.70_budget_200_parents_20,diversity_sampling,3,7,1000,200,0.2,1,200,200,0.3764059174551703,20,6.067725601951246,0.03230447944809332,6.217501226897212,0.1497756249459652,6.2131197919322405,0.009870046664725574,0.14539418998099407,,,32003,0.7,200,20,8,,,,,,,
h2_0.70_budget_200_parents_20,diversity_sampling,3,8,1000,200,0.2,1,200,200,-0.15499282027348407,20,6.2131197919322405,0.009870046664725574,6.203642834886216,-0.009476957046024914,6.199369625730844,0.011403711064431487,-0.013750166201396574,,,32003,0.7,200,20,8,,,,,,,
h2_0.70_budget_200_parents_20,active_learning_pev,3,1,1000,200,0.2,1,200,200,0.5898841005146915,20,-0.13314627914244165,0.9430240904123077,1.8011039153670674,1.934250194509509,1.647167750188906,0.670582305425723,1.7803140293313475,0.5448777800193056,0.6726306210039183,32003,0.7,200,20,8,50.0,150.0,True,0.4724294640793691,0.5898841005146915,,
h2_0.70_budget_200_parents_20,active_learning_pev,3,2,1000,200,0.2,1,200,200,0.7240240419197642,20,1.647167750188906,0.670582305425723,1.1037596434399093,-0.5434081067489966,2.7063246181464704,0.6147662238604685,1.0591568679575645,0.484496285993373,0.5912513220100664,32003,0.7,200,20,8,50.0,150.0,True,0.5155416858891206,0.7240240419197642,,
h2_0.70_budget_200_parents_20,active_learning_pev,3,3,1000,200,0.2,1,200,200,0.7071766348012273,20,2.7063246181464704,0.6147662238604685,1.1374517285579548,-1.5688728895885156,3.851759603275234,0.48749652011326783,1.1454349851287637,0.4025560109876096,0.48908392200246453,32003,0.7,200,20,8,50.0,150.0,True,0.5248241256092884,0.7071766348012273,,
h2_0.70_budget_200_parents_20,active_learning_pev,3,4,1000,200,0.2,1,200,200,0.7778672977716732,20,3.851759603275234,0.48749652011326783,1.3433160092881433,-2.508443593987091,5.200090209987705,0.3219249349521298,1.3483306067124707,0.3699716280098073,0.4499821359931957,32003,0.7,200,20,8,50.0,150.0,True,0.6197920878930434,0.7778672977716732,,
h2_0.70_budget_200_parents_20,active_learning_pev,3,5,1000,200,0.2,1,200,200,0.6940698505291337,20,5.200090209987705,0.3219249349521298,0.9162350502096237,-4.283855159778081,6.119039480164827,0.15292189835515996,0.918949270177122,0.2892244220129214,0.3728263369994238,32003,0.7,200,20,8,50.0,150.0,True,0.3349391566421702,0.6940698505291337,,
h2_0.70_budget_200_parents_20,active_learning_pev,3,6,1000,200,0.2,1,200,200,0.4785920487114858,20,6.119039480164827,0.15292189835515996,0.3416502903591161,-5.777389189805711,6.447301306785464,0.100314103697953,0.3282618266206372,0.2874129159899894,0.37449803997878917,32003,0.7,200,20,8,50.0,150.0,True,0.16992946605409504,0.4785920487114858,,
h2_0.70_budget_200_parents_20,active_learning_pev,3,7,1000,200,0.2,1,200,200,0.4654818147461818,20,6.447301306785464,0.100314103697953,0.39151617691005547,-6.055785129875408,6.840238903045729,0.04456836545311306,0.39293759626026503,0.27535861000069417,0.36016986702452414,32003,0.7,200,20,8,50.0,150.0,True,0.3978291634361637,0.4654818147461818,,
h2_0.70_budget_200_parents_20,active_learning_pev,3,8,1000,200,0.2,1,200,200,0.4529263963775622,20,6.840238903045729,0.04456836545311306,0.27741274767930524,-6.562826155366424,7.113628490587333,0.01950959695096666,0.2733895875416037,0.20860696397721767,0.29171474199392833,32003,0.7,200,20,8,50.0,150.0,True,0.4057672375091635,0.4529263963775622,,
h2_0.70_budget_200_parents_20,highest_gebv,3,1,1000,200,0.2,1,200,200,0.5411890292808395,20,-0.13314627914244165,0.9430240904123077,2.043563566003436,2.1767098451458775,1.8563150886320794,0.47268408182912985,1.989461367774521,0.3324305239948444,0.4531208979897201,32003,0.7,200,20,8,50.0,,False,0.4724294640793691,0.5411890292808395,150.0,predicted_gebv
h2_0.70_budget_200_parents_20,highest_gebv,3,2,1000,200,0.2,1,200,200,0.49957743783140973,20,1.8563150886320794,0.47268408182912985,1.3762734082100763,-0.4800416804220031,3.2357532235447115,0.3067222190996967,1.3794381349126321,0.23684849200071767,0.3473264320055023,32003,0.7,200,20,8,50.0,,False,0.40947633060877203,0.49957743783140973,150.0,predicted_gebv
h2_0.70_budget_200_parents_20,highest_gebv,3,3,1000,200,0.2,1,200,200,0.6688007259485396,20,3.2357532235447115,0.3067222190996967,0.7184453283980895,-2.517307895146622,3.932036384305707,0.19330356647462735,0.6962831607609954,0.17603488900931552,0.2745879730209708,32003,0.7,200,20,8,50.0,,False,0.33011077644092013,0.6688007259485396,150.0,predicted_gebv
h2_0.70_budget_200_parents_20,highest_gebv,3,4,1000,200,0.2,1,200,200,0.5777593251734615,20,3.932036384305707,0.19330356647462735,0.7268349255193814,-3.2052014587863256,4.6543618936928395,0.0564633550832813,0.7223255093871326,0.15155995299573988,0.23573669901816174,32003,0.7,200,20,8,50.0,,False,0.4079360984485672,0.5777593251734615,150.0,predicted_gebv
h2_0.70_budget_200_parents_20,highest_gebv,3,5,1000,200,0.2,1,200,200,0.44348075762824546,20,4.6543618936928395,0.0564633550832813,0.19049518556720269,-4.463866708125637,4.836298294422859,0.020738008590391894,0.18193640073001927,0.09173247098806314,0.16130216600140557,32003,0.7,200,20,8,50.0,,False,0.2912864592125042,0.44348075762824546,150.0,predicted_gebv
h2_0.70_budget_200_parents_20,highest_gebv,3,6,1000,200,0.2,1,200,200,0.31908049123688087,20,4.836298294422859,0.020738008590391894,0.1623516313887428,-4.6739466630341155,4.996910600074988,0.00972246339431787,0.16061230565212892,0.0705287059827242,0.15608491498278454,32003,0.7,200,20,8,50.0,,False,0.27210050410770414,0.31908049123688087,150.0,predicted_gebv
h2_0.70_budget_200_parents_20,highest_gebv,3,7,1000,200,0.2,1,200,200,0.28387729068925466,20,4.996910600074988,0.00972246339431787,0.004578205639477984,-4.992332394435509,4.999354055273919,0.0020014781060079356,0.00244345519893141,0.045990602986421436,0.12561350100440904,32003,0.7,200,20,8,50.0,,False,0.2656961992929022,0.28387729068925466,150.0,predicted_gebv
h2_0.70_budget_200_parents_20,highest_gebv,3,8,1000,200,0.2,1,200,200,0.017579594233007735,20,4.999354055273919,0.0020014781060079356,0.02208788326047404,-4.9772661720134455,5.020928516857525,0.0016804139491031548,0.021574461583606208,0.04363584300153889,0.11713591901934706,32003,0.7,200,20,8,50.0,,False,-0.36107330297072343,0.017579594233007735,150.0,predicted_gebv
