scenario,strategy,replicate,generation,population_size,number_phenotyped,phenotyping_fraction,replications,phenotyping_cost_units,training_population_size,prediction_accuracy,number_of_selected_parents,population_mean_gv_before,population_variance_gv_before,selected_parent_mean_gv,selection_differential,next_generation_mean_gv,next_generation_variance_gv,realized_genetic_gain,selection_seconds,cycle_seconds,run_seed,scenario_heritability,scenario_number_to_phenotype,scenario_number_of_parents,scenario_number_of_generations,oracle_trial_strategy,initial_batch_size,uncertainty_batch_size,selected_by_uncertainty,initial_model_accuracy,final_model_accuracy,model_score_batch_size,model_score
h2_0.20_budget_200_parents_20,random_sampling,1,1,1000,200,0.2,1,200,200,0.35409404259739874,20,-0.13314627914244168,0.9430240904123077,1.1944677407437418,1.3276140198861834,1.125889478740039,1.139690702123699,1.2590357578824807,,,30001,0.2,200,20,8,random_sampling,,,,,,,
h2_0.20_budget_200_parents_20,fixed_sampling,1,1,1000,200,0.2,1,200,200,0.24112136817954055,20,-0.13314627914244168,0.9430240904123077,0.29364552468937183,0.4267918038318135,0.305665781506505,1.2987265227852087,0.4388120606489466,,,30001,0.2,200,20,8,fixed_sampling,,,,,,,
h2_0.20_budget_200_parents_20,diversity_sampling,1,1,1000,200,0.2,1,200,200,0.3249793095182585,20,-0.13314627914244168,0.9430240904123077,1.6489739677191095,1.7821202468615511,1.596156833914308,0.49003872399595816,1.7293031130567496,,,30001,0.2,200,20,8,diversity_sampling,,,,,,,
h2_0.20_budget_200_parents_20,active_learning_pev,1,1,1000,200,0.2,1,200,200,0.4285728322313971,20,-0.13314627914244165,0.9430240904123077,1.3123958088282297,1.4455420879706713,1.1689188806755941,0.6889682618983641,1.3020651598180357,0.4875038600002881,0.5776640519907232,30001,0.2,200,20,8,active_learning_pev,50.0,150.0,True,0.30008793366917375,0.4285728322313971,,
h2_0.20_budget_200_parents_20,highest_gebv,1,1,1000,200,0.2,1,200,200,0.3227939905067222,20,-0.13314627914244165,0.9430240904123077,0.9975861559982266,1.1307324351406682,0.8260264699899141,0.78939444882717,0.9591727491323558,0.28332853998290375,0.3645909299957566,30001,0.2,200,20,8,highest_gebv,50.0,,False,0.30008793366917375,0.3227939905067222,150.0,predicted_gebv
h2_0.20_budget_200_parents_20,random_sampling,1,2,1000,200,0.2,1,200,200,0.47109159595188693,20,1.641840567458252,0.5121410823756399,2.4251796333013336,0.7833390658430817,2.3572258390463032,0.22299560706129004,0.7153852715880513,,,30001,0.2,200,20,8,random_sampling,,,,,,,
h2_0.20_budget_200_parents_20,fixed_sampling,1,2,1000,200,0.2,1,200,200,0.42004661593738957,20,1.641840567458252,0.5121410823756399,2.1242918473981396,0.4824512799398877,2.086600920237765,0.25065540505572387,0.444760352779513,,,30001,0.2,200,20,8,fixed_sampling,,,,,,,
h2_0.20_budget_200_parents_20,diversity_sampling,1,2,1000,200,0.2,1,200,200,0.384765089719348,20,1.641840567458252,0.5121410823756399,2.4726220385389768,0.8307814710807249,2.4498008730536887,0.31675860446716336,0.8079603055954367,,,30001,0.2,200,20,8,diversity_sampling,,,,,,,
h2_0.20_budget_200_parents_20,active_learning_pev,1,2,1000,200,0.2,1,200,200,0.5696891072704999,20,1.641840567458252,0.5121410823756399,0.8375249542357691,-0.8043156132224828,2.479179759441001,0.37873370502627346,0.8373391919827491,0.4582629160140641,0.5362202120013535,30001,0.2,200,20,8,active_learning_pev,50.0,150.0,True,0.39938773910741204,0.5696891072704999,,
h2_0.20_budget_200_parents_20,highest_gebv,1,2,1000,200,0.2,1,200,200,0.46860878812478746,20,1.641840567458252,0.5121410823756399,1.0385840870775895,-0.6032564803806624,2.7270715419119718,0.4623465324714111,1.0852309744537199,0.22812791599426419,0.3077559279918205,30001,0.2,200,20,8,highest_gebv,50.0,,False,0.39938773910741204,0.46860878812478746,150.0,predicted_gebv
h2_0.20_budget_200_parents_20,random_sampling,1,3,1000,200,0.2,1,200,200,0.4473100575995343,20,2.7366216610013243,0.40138560295542736,3.337064910921114,0.6004432499197896,3.3091492909944065,0.26558280590740496,0.5725276299930822,,,30001,0.2,200,20,8,random_sampling,,,,,,,
h2_0.20_budget_200_parents_20,fixed_sampling,1,3,1000,200,0.2,1,200,200,0.43181249960255896,20,2.7366216610013243,0.40138560295542736,3.235341142026056,0.4987194810247315,3.2626232447690566,0.354482770162857,0.5260015837677323,,,30001,0.2,200,20,8,fixed_sampling,,,,,,,
h2_0.20_budget_200_parents_20,diversity_sampling,1,3,1000,200,0.2,1,200,200,0.5585978681873697,20,2.7366216610013243,0.40138560295542736,3.4654480009889013,0.728826339987577,3.457870899834836,0.3410483450746108,0.7212492388335119,,,30001,0.2,200,20,8,diversity_sampling,,,,,,,
h2_0.20_budget_200_parents_20,active_learning_pev,1,3,1000,200,0.2,1,200,200,0.3987881106660525,20,2.7366216610013243,0.4013856029554274,0.32379138412996344,-2.412830276871361,3.1069687286606302,0.31958690460750583,0.3703470676593059,0.31910317597794347,0.42013164301170036,30001,0.2,200,20,8,active_learning_pev,50.0,150.0,True,0.4140913360121467,0.3987881106660525,,
h2_0.20_budget_200_parents_20,highest_gebv,1,3,1000,200,0.2,1,200,200,0.5045063632838155,20,2.7366216610013243,0.4013856029554274,0.7616769835277615,-1.9749446774735628,3.515860744177277,0.17387715330158096,0.7792390831759528,0.18433991199708544,0.310034052003175,30001,0.2,200,20,8,highest_gebv,50.0,,False,0.4140913360121467,0.5045063632838155,150.0,predicted_gebv
h2_0.20_budget_200_parents_20,random_sampling,1,4,1000,200,0.2,1,200,200,0.4395226329510802,20,3.522431650034343,0.1856171616667552,4.140797715516855,0.6183660654825118,4.1542959958500445,0.080319161611166,0.6318643458157016,,,30001,0.2,200,20,8,random_sampling,,,,,,,
h2_0.20_budget_200_parents_20,fixed_sampling,1,4,1000,200,0.2,1,200,200,0.4351914621647685,20,3.522431650034343,0.1856171616667552,3.731823544137261,0.20939189410291803,3.708366006432569,0.23121259777499945,0.18593435639822609,,,30001,0.2,200,20,8,fixed_sampling,,,,,,,
h2_0.20_budget_200_parents_20,diversity_sampling,1,4,1000,200,0.2,1,200,200,0.2740186410579719,20,3.522431650034343,0.1856171616667552,3.554950754978753,0.03251910494441024,3.5448101983620774,0.20105159042796958,0.02237854832773456,,,30001,0.2,200,20,8,diversity_sampling,,,,,,,
h2_0.20_budget_200_parents_20,active_learning_pev,1,4,1000,200,0.2,1,200,200,0.2894891783033266,20,3.522431650034343,0.1856171616667552,0.10151396725572279,-3.42091768277862,3.625605357872638,0.13841634474934839,0.10317370783829505,0.2504925540124532,0.3421584489988163,30001,0.2,200,20,8,active_learning_pev,50.0,150.0,True,0.2164258411358883,0.2894891783033266,,
h2_0.20_budget_200_parents_20,highest_gebv,1,4,1000,200,0.2,1,200,200,0.49952631446562695,20,3.522431650034343,0.1856171616667552,0.6829354326216882,-2.8394962174126546,4.219009078303542,0.053190606541884816,0.6965774282691992,0.11145687699900009,0.20826593998936005,30001,0.2,200,20,8,highest_gebv,50.0,,False,0.2164258411358883,0.49952631446562695,150.0,predicted_gebv
h2_0.20_budget_200_parents_20,random_sampling,1,5,1000,200,0.2,1,200,200,-0.14298885278435017,20,4.227099091475367,0.050704828905509335,3.988678716910199,-0.23842037456516785,4.005206846700914,0.08351653236952623,-0.22189224477445268,,,30001,0.2,200,20,8,random_sampling,,,,,,,
h2_0.20_budget_200_parents_20,fixed_sampling,1,5,1000,200,0.2,1,200,200,-0.06757640264202491,20,4.227099091475367,0.050704828905509335,4.213310263234016,-0.01378882824135097,4.213866548091391,0.030469314283307763,-0.013232543383975504,,,30001,0.2,200,20,8,fixed_sampling,,,,,,,
h2_0.20_budget_200_parents_20,diversity_sampling,1,5,1000,200,0.2,1,200,200,0.06961270899595583,20,4.227099091475367,0.050704828905509335,4.222031409759406,-0.005067681715960504,4.218785190130125,0.04592339017602801,-0.008313901345241348,,,30001,0.2,200,20,8,diversity_sampling,,,,,,,
h2_0.20_budget_200_parents_20,active_learning_pev,1,5,1000,200,0.2,1,200,200,0.21529730993092214,20,4.227099091475368,0.050704828905509335,0.030443987115634362,-4.196655104359733,4.262723898143753,0.0346668475138206,0.035624806668385745,0.19192587898578495,0.2899616060021799,30001,0.2,200,20,8,active_learning_pev,50.0,150.0,True,0.1617643298848693,0.21529730993092214,,
h2_0.20_budget_200_parents_20,highest_gebv,1,5,1000,200,0.2,1,200,200,0.4455463641163373,20,4.227099091475368,0.050704828905509335,0.19758719363744887,-4.029511897837919,4.4258819931061115,0.01926961370836728,0.19878290163074386,0.06738507200498134,0.15335061599034816,30001,0.2,200,20,8,highest_gebv,50.0,,False,0.1617643298848693,0.4455463641163373,150.0,predicted_gebv
h2_0.20_budget_200_parents_20,random_sampling,1,6,1000,200,0.2,1,200,200,-0.015351455901971275,20,4.423555209883987,0.018351869909571075,4.430780291732065,0.007225081848077686,4.422201962874153,0.02168124035554942,-0.0013532470098338578,,,30001,0.2,200,20,8,random_sampling,,,,,,,
h2_0.20_budget_200_parents_20,fixed_sampling,1,6,1000,200,0.2,1,200,200,0.05466453460580897,20,4.423555209883987,0.018351869909571075,4.421026825297083,-0.0025283845869044086,4.412120674401813,0.021748642595891057,-0.011434535482173658,,,30001,0.2,200,20,8,fixed_sampling,,,,,,,
h2_0.20_budget_200_parents_20,diversity_sampling,1,6,1000,200,0.2,1,200,200,0.12545035842104638,20,4.423555209883987,0.018351869909571075,4.487337514128159,0.06378230424417186,4.477617149030672,0.03459796866145523,0.05406193914668478,,,30001,0.2,200,20,8,diversity_sampling,,,,,,,
h2_0.20_budget_200_parents_20,active_learning_pev,1,6,1000,200,0.2,1,200,200,-0.08881096886327988,20,4.423555209883987,0.018351869909571075,0.045240918163742275,-4.378314291720245,4.470421101025956,0.010688625623061537,0.046865891141968596,0.26464958998258226,0.35607282497221604,30001,0.2,200,20,8,active_learning_pev,50.0,150.0,True,-0.11472854850316343,-0.08881096886327988,,
h2_0.20_budget_200_parents_20,highest_gebv,1,6,1000,200,0.2,1,200,200,0.07085475583081145,20,4.423555209883987,0.018351869909571075,0.011153543648469372,-4.412401666235517,4.440184701991644,0.00974586629748795,0.01662949210765685,0.05285995898884721,0.14192923999507912,30001,0.2,200,20,8,highest_gebv,50.0,,False,-0.11472854850316343,0.07085475583081145,150.0,predicted_gebv
h2_0.20_budget_200_parents_20,random_sampling,1,7,1000,200,0.2,1,200,200,-0.14753211290386992,20,4.480206660638098,0.034647297417069706,4.525139104174614,0.04493244353651615,4.521714936957661,0.0337532257256148,0.04150827631956311,,,30001,0.2,200,20,8,random_sampling,,,,,,,
h2_0.20_budget_200_parents_20,fixed_sampling,1,7,1000,200,0.2,1,200,200,-0.020787087814095606,20,4.480206660638098,0.034647297417069706,4.695987643643784,0.21578098300568627,4.700173691051629,0.025793132978201915,0.21996703041353083,,,30001,0.2,200,20,8,fixed_sampling,,,,,,,
h2_0.20_budget_200_parents_20,diversity_sampling,1,7,1000,200,0.2,1,200,200,0.5685577241986809,20,4.480206660638098,0.034647297417069706,4.771251573591752,0.2910449129536543,4.770493983931687,0.011238517445386854,0.2902873232935894,,,30001,0.2,200,20,8,diversity_sampling,,,,,,,
h2_0.20_budget_200_parents_20,active_learning_pev,1,7,1000,200,0.2,1,200,200,-0.08722074960410428,20,4.480206660638099,0.034647297417069706,-0.03139522278438037,-4.511601883422479,4.442441817431101,0.014600568151486637,-0.03776484320699769,0.17699001799337566,0.26552583201555535,30001,0.2,200,20,8,active_learning_pev,50.0,150.0,True,-0.05666893592800389,-0.08722074960410428,,
h2_0.20_budget_200_parents_20,highest_gebv,1,7,1000,200,0.2,1,200,200,0.40194809220564365,20,4.480206660638099,0.034647297417069706,0.23522130430824198,-4.244985356329857,4.723320839299324,0.02225129415153663,0.24311417866122476,0.05247583499294706,0.17702081098104827,30001,0.2,200,20,8,highest_gebv,50.0,,False,-0.05666893592800389,0.40194809220564365,150.0,predicted_gebv
h2_0.20_budget_200_parents_20,random_sampling,1,8,1000,200,0.2,1,200,200,-0.10768381344190966,20,4.7671310385670065,0.011603494677191307,4.787528827978321,0.020397789411314093,4.786419915411464,0.0011018053719029257,0.019288876844457903,,,30001,0.2,200,20,8,random_sampling,,,,,,,
h2_0.20_budget_200_parents_20,fixed_sampling,1,8,1000,200,0.2,1,200,200,0.5583602982091507,20,4.7671310385670065,0.011603494677191307,4.8508242163260205,0.08369317775901397,4.850649997522236,0.0028759950302772955,0.08351895895522965,,,30001,0.2,200,20,8,fixed_sampling,,,,,,,
h2_0.20_budget_200_parents_20,diversity_sampling,1,8,1000,200,0.2,1,200,200,0.27978131313815335,20,4.7671310385670065,0.011603494677191307,4.859113752658996,0.09198271409198977,4.86124251344878,0.002436397880385154,0.09411147488177374,,,30001,0.2,200,20,8,diversity_sampling,,,,,,,
h2_0.20_budget_200_parents_20,active_learning_pev,1,8,1000,200,0.2,1,200,200,0.3640527279640509,20,4.7671310385670065,0.011603494677191305,0.07168963542661627,-4.69544140314039,4.841024355943807,0.0013479985709219907,0.07389331737680038,0.22372082297806628,0.3228708599926904,30001,0.2,200,20,8,active_learning_pev,50.0,150.0,True,-0.010756251824130456,0.3640527279640509,,
h2_0.20_budget_200_parents_20,highest_gebv,1,8,1000,200,0.2,1,200,200,-0.016364727765366616,20,4.7671310385670065,0.011603494677191305,0.006819967485865437,-4.760311071081141,4.770136007927294,0.0021915270791586124,0.0030049693602878236,0.0450289860018529,0.12351966797723435,30001,0.2,200,20,8,highest_gebv,50.0,,False,-0.010756251824130456,-0.016364727765366616,150.0,predicted_gebv
h2_0.20_budget_200_parents_20,random_sampling,2,1,1000,200,0.2,1,200,200,0.38753696375725055,20,-0.13314627914244168,0.9430240904123077,0.7957489262381351,0.9288952053805768,0.7762046961497088,0.6399809051897769,0.9093509752921505,,,30002,0.2,200,20,8,random_sampling,,,,,,,
h2_0.20_budget_200_parents_20,fixed_sampling,2,1,1000,200,0.2,1,200,200,0.30120486433865484,20,-0.13314627914244168,0.9430240904123077,0.5179596991326832,0.651105978275125,0.5101579144799245,0.8396819453996639,0.6433041936223662,,,30002,0.2,200,20,8,fixed_sampling,,,,,,,
h2_0.20_budget_200_parents_20,diversity_sampling,2,1,1000,200,0.2,1,200,200,0.3851738658868209,20,-0.13314627914244168,0.9430240904123077,1.0781865528221348,1.2113328319645764,1.122443779937517,0.769192086823282,1.2555900590799587,,,30002,0.2,200,20,8,diversity_sampling,,,,,,,
h2_0.20_budget_200_parents_20,active_learning_pev,2,1,1000,200,0.2,1,200,200,0.3536283807362311,20,-0.13314627914244165,0.9430240904123077,0.5096116585009419,0.6427579376433836,0.2627283768928738,0.8706482050992289,0.39587465603531546,0.546634605008876,0.6273491750180256,30002,0.2,200,20,8,active_learning_pev,50.0,150.0,True,0.31290187248491047,0.3536283807362311,,
h2_0.20_budget_200_parents_20,highest_gebv,2,1,1000,200,0.2,1,200,200,0.3993129415306111,20,-0.13314627914244165,0.9430240904123077,1.1825770251278909,1.3157233042703325,1.035987922039199,0.6513974541171282,1.1691342011816406,0.2892695040209219,0.4089377539930865,30002,0.2,200,20,8,highest_gebv,50.0,,False,0.31290187248491047,0.3993129415306111,150.0,predicted_gebv
h2_0.20_budget_200_parents_20,random_sampling,2,2,1000,200,0.2,1,200,200,0.43710590839898555,20,1.0958337606720656,0.7788763695491534,1.7575531307460543,0.6617193700739887,1.7496394041238938,0.7092029080695227,0.6538056434518282,,,30002,0.2,200,20,8,random_sampling,,,,,,,
h2_0.20_budget_200_parents_20,fixed_sampling,2,2,1000,200,0.2,1,200,200,0.3210167566357509,20,1.0958337606720656,0.7788763695491534,1.996971377350277,0.9011376166782115,1.9929152962500412,0.6474075868513776,0.8970815355779755,,,30002,0.2,200,20,8,fixed_sampling,,,,,,,
h2_0.20_budget_200_parents_20,diversity_sampling,2,2,1000,200,0.2,1,200,200,0.493695479893861,20,1.0958337606720656,0.7788763695491534,2.381806741005513,1.2859729803334474,2.364066272171331,0.57502216667366,1.2682325114992654,,,30002,0.2,200,20,8,diversity_sampling,,,,,,,
h2_0.20_budget_200_parents_20,active_learning_pev,2,2,1000,200,0.2,1,200,200,0.48851452205687607,20,1.0958337606720656,0.7788763695491534,0.8464189060577969,-0.2494148546142687,1.9472328399124732,0.5123125461599134,0.8513990792404076,0.43479049199959263,0.5217348599981051,30002,0.2,200,20,8,active_learning_pev,50.0,150.0,True,0.2802018999096292,0.48851452205687607,,
h2_0.20_budget_200_parents_20,highest_gebv,2,2,1000,200,0.2,1,200,200,0.3643303305270584,20,1.0958337606720656,0.7788763695491534,0.8784380686910301,-0.21739569198103548,1.963166974374438,0.816612639884758,0.8673332137023724,0.2277107120025903,0.3153856779972557,30002,0.2,200,20,8,highest_gebv,50.0,,False,0.2802018999096292,0.3643303305270584,150.0,predicted_gebv
h2_0.20_budget_200_parents_20,random_sampling,2,3,1000,200,0.2,1,200,200,0.3348954444718072,20,2.340654083552074,0.6157239660195206,3.0387775224608125,0.6981234389087385,3.0577450424862027,0.41795045498488465,0.7170909589341288,,,30002,0.2,200,20,8,random_sampling,,,,,,,
h2_0.20_budget_200_parents_20,fixed_sampling,2,3,1000,200,0.2,1,200,200,0.3668176895886767,20,2.340654083552074,0.6157239660195206,2.901520916456063,0.5608668329039892,2.8310869889105454,0.40333373471282175,0.4904329053584715,,,30002,0.2,200,20,8,fixed_sampling,,,,,,,
h2_0.20_budget_200_parents_20,diversity_sampling,2,3,1000,200,0.2,1,200,200,0.2815915196208294,20,2.340654083552074,0.6157239660195206,2.392849188098232,0.052195104546158166,2.3470661437030307,0.42924805547658174,0.006412060150956744,,,30002,0.2,200,20,8,diversity_sampling,,,,,,,
h2_0.20_budget_200_parents_20,active_learning_pev,2,3,1000,200,0.2,1,200,200,0.5137027874287716,20,2.340654083552074,0.6157239660195206,0.9211480495798112,-1.4195060339722627,3.2937482740942623,0.48061739634437556,0.9530941905421884,0.46533816601731814,0.541109731013421,30002,0.2,200,20,8,active_learning_pev,50.0,150.0,True,0.35686443522255634,0.5137027874287716,,
h2_0.20_budget_200_parents_20,highest_gebv,2,3,1000,200,0.2,1,200,200,0.35649224372644117,20,2.340654083552074,0.6157239660195206,0.9574921373684194,-1.3831619461836544,3.2950105593866374,0.4119127550821116,0.9543564758345635,0.19056208000984043,0.26309230300830677,30002,0.2,200,20,8,highest_gebv,50.0,,False,0.35686443522255634,0.35649224372644117,150.0,predicted_gebv
h2_0.20_budget_200_parents_20,random_sampling,2,4,1000,200,0.2,1,200,200,0.5607016875771176,20,3.296997077134318,0.45055209067041085,4.565912583997812,1.2689155068634936,4.575924319285771,0.3925078150287328,1.2789272421514526,,,30002,0.2,200,20,8,random_sampling,,,,,,,
h2_0.20_budget_200_parents_20,fixed_sampling,2,4,1000,200,0.2,1,200,200,0.2981317496288936,20,3.296997077134318,0.45055209067041085,3.759284909867342,0.46228783273302376,3.762112179641643,0.6044041297457557,0.4651151025073248,,,30002,0.2,200,20,8,fixed_sampling,,,,,,,
h2_0.20_budget_200_parents_20,diversity_sampling,2,4,1000,200,0.2,1,200,200,0.4986262180501308,20,3.296997077134318,0.45055209067041085,4.385052251564849,1.0880551744305307,4.409350214177374,0.3141406508138999,1.1123531370430562,,,30002,0.2,200,20,8,diversity_sampling,,,,,,,
h2_0.20_budget_200_parents_20,active_learning_pev,2,4,1000,200,0.2,1,200,200,0.4284865745800001,20,3.2969970771343178,0.45055209067041085,0.8020434811696984,-2.4949535959646196,4.108742332130754,0.2469412964943652,0.8117452549964366,0.3746599129808601,0.4616305069939699,30002,0.2,200,20,8,active_learning_pev,50.0,150.0,True,0.289937285852207,0.4284865745800001,,
h2_0.20_budget_200_parents_20,highest_gebv,2,4,1000,200,0.2,1,200,200,0.42012834195579807,20,3.2969970771343178,0.45055209067041085,0.8110425854993274,-2.4859544916349905,4.077067896225107,0.33245584162362724,0.7800708190907892,0.17652853502659127,0.25996549901901744,30002,0.2,200,20,8,highest_gebv,50.0,,False,0.289937285852207,0.42012834195579807,150.0,predicted_gebv
h2_0.20_budget_200_parents_20,random_sampling,2,5,1000,200,0.2,1,200,200,0.6129931282591913,20,4.572949142003111,0.42994579377781883,5.339542189539811,0.7665930475367002,5.333414589704725,0.11850697470316508,0.7604654477016144,,,30002,0.2,200,20,8,random_sampling,,,,,,,
h2_0.20_budget_200_parents_20,fixed_sampling,2,5,1000,200,0.2,1,200,200,0.41759660093226214,20,4.572949142003111,0.42994579377781883,5.0310229096030445,0.45807376759993357,5.081672794712982,0.14672926359848795,0.5087236527098709,,,30002,0.2,200,20,8,fixed_sampling,,,,,,,
h2_0.20_budget_200_parents_20,diversity_sampling,2,5,1000,200,0.2,1,200,200,0.5718877820002445,20,4.572949142003111,0.42994579377781883,5.257049196660662,0.6841000546575513,5.281370075092525,0.11012562109824006,0.708420933089414,,,30002,0.2,200,20,8,diversity_sampling,,,,,,,
h2_0.20_budget_200_parents_20,active_learning_pev,2,5,1000,200,0.2,1,200,200,0.5528097094385187,20,4.572949142003112,0.4299457937778189,1.0152036044625266,-3.557745537540585,5.561850251060985,0.15574559335807814,0.9889011090578732,0.2925472650094889,0.38783166397479363,30002,0.2,200,20,8,active_learning_pev,50.0,150.0,True,0.22233983057177,0.5528097094385187,,
h2_0.20_budget_200_parents_20,highest_gebv,2,5,1000,200,0.2,1,200,200,0.24066107436832712,20,4.572949142003112,0.4299457937778189,0.17499192077460402,-4.397957221228507,4.733015913580688,0.09544953251122691,0.16006677157757654,0.09356226798263378,0.18569239100906998,30002,0.2,200,20,8,highest_gebv,50.0,,False,0.22233983057177,0.24066107436832712,150.0,predicted_gebv
h2_0.20_budget_200_parents_20,random_sampling,2,6,1000,200,0.2,1,200,200,0.2841255098664222,20,5.5850009607436695,0.1462045648042741,5.753538479042129,0.16853751829845987,5.746451185367777,0.041510659694508005,0.16145022462410719,,,30002,0.2,200,20,8,random_sampling,,,,,,,
h2_0.20_budget_200_parents_20,fixed_sampling,2,6,1000,200,0.2,1,200,200,-0.013918964838101637,20,5.5850009607436695,0.1462045648042741,5.259627198818637,-0.3253737619250323,5.260618548285662,0.1411023795515345,-0.32438241245800725,,,30002,0.2,200,20,8,fixed_sampling,,,,,,,
h2_0.20_budget_200_parents_20,diversity_sampling,2,6,1000,200,0.2,1,200,200,0.21283953214088644,20,5.5850009607436695,0.1462045648042741,5.7284841490816705,0.143483188338001,5.746366765381781,0.16445730308025364,0.16136580463811168,,,30002,0.2,200,20,8,diversity_sampling,,,,,,,
h2_0.20_budget_200_parents_20,active_learning_pev,2,6,1000,200,0.2,1,200,200,0.19960880283458368,20,5.5850009607436695,0.1462045648042741,0.1755492053363848,-5.409451755407285,5.771790441501842,0.08398134188673158,0.18678948075817292,0.25554211999406107,0.35603217300376855,30002,0.2,200,20,8,active_learning_pev,50.0,150.0,True,-0.15913414527725758,0.19960880283458368,,
h2_0.20_budget_200_parents_20,highest_gebv,2,6,1000,200,0.2,1,200,200,-0.18039130532425715,20,5.5850009607436695,0.1462045648042741,-0.25402175618737494,-5.839022716931044,5.328657650928283,0.22906977444504223,-0.2563433098153869,0.07447790299193002,0.1583850330207497,30002,0.2,200,20,8,highest_gebv,50.0,,False,-0.15913414527725758,-0.18039130532425715,150.0,predicted_gebv
h2_0.20_budget_200_parents_20,random_sampling,2,7,1000,200,0.2,1,200,200,0.1267116879765122,20,5.77595504642627,0.08519209795612406,5.7558143388132645,-0.020140707613005127,5.758922635629868,0.04936085682432639,-0.01703241079640172,,,30002,0.2,200,20,8,random_sampling,,,,,,,
h2_0.20_budget_200_parents_20,fixed_sampling,2,7,1000,200,0.2,1,200,200,0.14635396535572118,20,5.77595504642627,0.08519209795612406,5.81826082226781,0.04230577584154016,5.825292961114948,0.04740700283786858,0.0493379146886781,,,30002,0.2,200,20,8,fixed_sampling,,,,,,,
h2_0.20_budget_200_parents_20,diversity_sampling,2,7,1000,200,0.2,1,200,200,0.3917760683833831,20,5.77595504642627,0.08519209795612406,6.08003155857921,0.30407651215294074,6.105384106446551,0.0679001848243585,0.3294290600202814,,,30002,0.2,200,20,8,diversity_sampling,,,,,,,
h2_0.20_budget_200_parents_20,active_learning_pev,2,7,1000,200,0.2,1,200,200,0.2849398058880085,20,5.775955046426271,0.08519209795612408,0.2834710579996764,-5.492483988426594,6.034224022612407,0.0648120957673181,0.25826897618613653,0.1968644580047112,0.3285012250125874,30002,0.2,200,20,8,active_learning_pev,50.0,150.0,True,0.0724169106313582,0.2849398058880085,,
h2_0.20_budget_200_parents_20,highest_gebv,2,7,1000,200,0.2,1,200,200,0.2952750060183782,20,5.775955046426271,0.08519209795612408,0.258059076810469,-5.517895969615801,6.0565927469741405,0.052160728848112105,0.28063770054786996,0.05352726302226074,0.13831827300600708,30002,0.2,200,20,8,highest_gebv,50.0,,False,0.0724169106313582,0.2952750060183782,150.0,predicted_gebv
h2_0.20_budget_200_parents_20,random_sampling,2,8,1000,200,0.2,1,200,200,0.15337546362093174,20,6.098328275925733,0.059940849667125935,6.203158977690544,0.10483070176481046,6.197248502834292,0.047998698000691675,0.09892022690855828,,,30002,0.2,200,20,8,random_sampling,,,,,,,
h2_0.20_budget_200_parents_20,fixed_sampling,2,8,1000,200,0.2,1,200,200,0.30433163286632364,20,6.098328275925733,0.059940849667125935,6.2259018974573435,0.12757362153161012,6.2259388627796985,0.048163015588562466,0.1276105868539652,,,30002,0.2,200,20,8,fixed_sampling,,,,,,,
h2_0.20_budget_200_parents_20,diversity_sampling,2,8,1000,200,0.2,1,200,200,0.22060362330107186,20,6.098328275925733,0.059940849667125935,6.188605751964064,0.09027747603833092,6.172547652920467,0.04590828731090581,0.07421937699473347,,,30002,0.2,200,20,8,diversity_sampling,,,,,,,
h2_0.20_budget_200_parents_20,active_learning_pev,2,8,1000,200,0.2,1,200,200,0.3560506729444345,20,6.098328275925733,0.05994084966712593,0.15481872092909205,-5.943509554996641,6.243413320859572,0.019744873525337835,0.14508504493383878,0.24251165700843558,0.382189917989308,30002,0.2,200,20,8,active_learning_pev,50.0,150.0,True,0.1681078202919512,0.3560506729444345,,
h2_0.20_budget_200_parents_20,highest_gebv,2,8,1000,200,0.2,1,200,200,0.2566279066446352,20,6.098328275925733,0.05994084966712593,0.1404714991380241,-5.957856776787709,6.241362509858054,0.08177451199268522,0.14303423393232073,0.0557060889841523,0.14452265700674616,30002,0.2,200,20,8,highest_gebv,50.0,,False,0.1681078202919512,0.2566279066446352,150.0,predicted_gebv
h2_0.20_budget_200_parents_20,random_sampling,3,1,1000,200,0.2,1,200,200,0.3542260088217401,20,-0.13314627914244168,0.9430240904123077,0.2459884516471264,0.37913473078956805,0.23360162459493522,0.658227083574941,0.36674790373737687,,,30003,0.2,200,20,8,random_sampling,,,,,,,
h2_0.20_budget_200_parents_20,fixed_sampling,3,1,1000,200,0.2,1,200,200,0.40253424264173715,20,-0.13314627914244168,0.9430240904123077,0.9178564930845957,1.0510027722270374,0.9058940218937855,0.9465395848502463,1.0390403010362272,,,30003,0.2,200,20,8,fixed_sampling,,,,,,,
h2_0.20_budget_200_parents_20,diversity_sampling,3,1,1000,200,0.2,1,200,200,0.30000495484264594,20,-0.13314627914244168,0.9430240904123077,0.7677671035602117,0.9009133827026534,0.798860541493743,0.8452904963069827,0.9320068206361847,,,30003,0.2,200,20,8,diversity_sampling,,,,,,,
h2_0.20_budget_200_parents_20,active_learning_pev,3,1,1000,200,0.2,1,200,200,0.461062411862823,20,-0.13314627914244165,0.9430240904123077,1.5842952008010698,1.7174414799435114,1.459660912913926,0.7125645015400445,1.5928071920563676,0.5291223819949664,0.6652531909930985,30003,0.2,200,20,8,active_learning_pev,50.0,150.0,True,0.27951956676895356,0.461062411862823,,
h2_0.20_budget_200_parents_20,highest_gebv,3,1,1000,200,0.2,1,200,200,0.36291529365331193,20,-0.13314627914244165,0.9430240904123077,1.6526435131704318,1.7857897923128734,1.4792544914002477,0.6094139690296322,1.6124007705426893,0.2878934789914638,0.3836037589935586,30003,0.2,200,20,8,highest_gebv,50.0,,False,0.27951956676895356,0.36291529365331193,150.0,predicted_gebv
h2_0.20_budget_200_parents_20,random_sampling,3,2,1000,200,0.2,1,200,200,0.5292737818772343,20,1.4945878136157422,0.6556086421033693,2.2099156380036935,0.7153278243879513,2.2305433966768704,0.082333475294022,0.7359555830611282,,,30003,0.2,200,20,8,random_sampling,,,,,,,
h2_0.20_budget_200_parents_20,fixed_sampling,3,2,1000,200,0.2,1,200,200,0.5402607829834504,20,1.4945878136157422,0.6556086421033693,2.099907589285864,0.6053197756701219,2.1029704444699315,0.15533019065840606,0.6083826308541893,,,30003,0.2,200,20,8,fixed_sampling,,,,,,,
h2_0.20_budget_200_parents_20,diversity_sampling,3,2,1000,200,0.2,1,200,200,0.47240455722390495,20,1.4945878136157422,0.6556086421033693,2.2452706660961006,0.7506828524803584,2.2363047714442543,0.25641706659661173,0.7417169578285121,,,30003,0.2,200,20,8,diversity_sampling,,,,,,,
h2_0.20_budget_200_parents_20,active_learning_pev,3,2,1000,200,0.2,1,200,200,0.45048129296353046,20,1.4945878136157424,0.6556086421033693,0.9705603253519695,-0.524027488263773,2.486993252351517,0.49058051993431273,0.9924054387357746,0.394143218989484,0.47642877500038594,30003,0.2,200,20,8,active_learning_pev,50.0,150.0,True,0.36126697112557116,0.45048129296353046,,
h2_0.20_budget_200_parents_20,highest_gebv,3,2,1000,200,0.2,1,200,200,0.5575588050238277,20,1.4945878136157424,0.6556086421033693,0.9550779893272805,-0.539509824288462,2.4617966464886676,0.22591144510951905,0.9672088328729251,0.22168058599345386,0.29903430902049877,30003,0.2,200,20,8,highest_gebv,50.0,,False,0.36126697112557116,0.5575588050238277,150.0,predicted_gebv
h2_0.20_budget_200_parents_20,random_sampling,3,3,1000,200,0.2,1,200,200,0.5842086099411161,20,2.4774744238725845,0.4728066956696268,3.374700969552383,0.8972265456797985,3.3907740576843213,0.2843220873774929,0.9132996338117367,,,30003,0.2,200,20,8,random_sampling,,,,,,,
h2_0.20_budget_200_parents_20,fixed_sampling,3,3,1000,200,0.2,1,200,200,0.4419062255080318,20,2.4774744238725845,0.4728066956696268,3.593081437921879,1.1156070140492944,3.6246804707042433,0.2089759526358915,1.1472060468316587,,,30003,0.2,200,20,8,fixed_sampling,,,,,,,
h2_0.20_budget_200_parents_20,diversity_sampling,3,3,1000,200,0.2,1,200,200,0.2259778049612836,20,2.4774744238725845,0.4728066956696268,3.1513143674736543,0.6738399436010698,3.132894542343283,0.41255607619551216,0.6554201184706985,,,30003,0.2,200,20,8,diversity_sampling,,,,,,,
h2_0.20_budget_200_parents_20,active_learning_pev,3,3,1000,200,0.2,1,200,200,0.4655483977354142,20,2.4774744238725845,0.4728066956696268,0.684643861445138,-1.7928305624274465,3.1428522313622502,0.37279340955042933,0.6653778074896657,0.3815024330106098,0.4673927130061202,30003,0.2,200,20,8,active_learning_pev,50.0,150.0,True,0.31414178954712796,0.4655483977354142,,
h2_0.20_budget_200_parents_20,highest_gebv,3,3,1000,200,0.2,1,200,200,0.517011080346217,20,2.4774744238725845,0.4728066956696268,1.019499458362064,-1.4579749655105205,3.451591776066472,0.23888656701723418,0.9741173521938875,0.15799223000067286,0.24273738998454064,30003,0.2,200,20,8,highest_gebv,50.0,,False,0.31414178954712796,0.517011080346217,150.0,predicted_gebv
h2_0.20_budget_200_parents_20,random_sampling,3,4,1000,200,0.2,1,200,200,0.436808924544573,20,3.604229171886679,0.21905445797517864,3.928625570564869,0.32439639867819015,3.927349308423038,0.11442478227050211,0.3231201365363594,,,30003,0.2,200,20,8,random_sampling,,,,,,,
h2_0.20_budget_200_parents_20,fixed_sampling,3,4,1000,200,0.2,1,200,200,0.09309806621892829,20,3.604229171886679,0.21905445797517864,4.050627994841339,0.4463988229546598,4.042619375145913,0.07536759609507934,0.43839020325923395,,,30003,0.2,200,20,8,fixed_sampling,,,,,,,
h2_0.20_budget_200_parents_20,diversity_sampling,3,4,1000,200,0.2,1,200,200,0.1480959505281325,20,3.604229171886679,0.21905445797517864,3.7382370382201926,0.1340078663335138,3.742157553853004,0.1461724404653636,0.1379283819663253,,,30003,0.2,200,20,8,diversity_sampling,,,,,,,
h2_0.20_budget_200_parents_20,active_learning_pev,3,4,1000,200,0.2,1,200,200,0.26115935949260366,20,3.6042291718866792,0.21905445797517864,0.14570399124295666,-3.4585251806437225,3.7511691650929317,0.18362037982834842,0.1469399932062525,0.2724954019940924,0.40711417800048366,30003,0.2,200,20,8,active_learning_pev,50.0,150.0,True,0.26555914433520544,0.26115935949260366,,
h2_0.20_budget_200_parents_20,highest_gebv,3,4,1000,200,0.2,1,200,200,0.3117648291819241,20,3.6042291718866792,0.21905445797517864,0.26643939291093516,-3.3377897789757442,3.8783089025098025,0.1626732320705286,0.2740797306231233,0.12661956198280677,0.22286901797633618,30003,0.2,200,20,8,highest_gebv,50.0,,False,0.26555914433520544,0.3117648291819241,150.0,predicted_gebv
h2_0.20_budget_200_parents_20,random_sampling,3,5,1000,200,0.2,1,200,200,-0.10179323218579493,20,4.048782248083808,0.07242121138089955,3.8949559793644215,-0.15382626871938632,3.8929879122153657,0.08247472526849452,-0.15579433586844216,,,30003,0.2,200,20,8,random_sampling,,,,,,,
h2_0.20_budget_200_parents_20,fixed_sampling,3,5,1000,200,0.2,1,200,200,0.0685535486972612,20,4.048782248083808,0.07242121138089955,4.155064810097273,0.10628256201346531,4.166519430116801,0.0429021111446188,0.1177371820329931,,,30003,0.2,200,20,8,fixed_sampling,,,,,,,
h2_0.20_budget_200_parents_20,diversity_sampling,3,5,1000,200,0.2,1,200,200,0.29799656233549904,20,4.048782248083808,0.07242121138089955,4.266582728921237,0.21780048083742898,4.285090940165062,0.06338628374646045,0.23630869208125382,,,30003,0.2,200,20,8,diversity_sampling,,,,,,,
h2_0.20_budget_200_parents_20,active_learning_pev,3,5,1000,200,0.2,1,200,200,0.31366898984566877,20,4.048782248083808,0.07242121138089955,0.20775232548056044,-3.8410299226032474,4.249139188450628,0.03334909615430609,0.20035694036682017,0.2706624549755361,0.36162216699449345,30003,0.2,200,20,8,active_learning_pev,50.0,150.0,True,0.25271139562073053,0.31366898984566877,,
h2_0.20_budget_200_parents_20,highest_gebv,3,5,1000,200,0.2,1,200,200,0.28000805738667783,20,4.048782248083808,0.07242121138089955,0.24556898681098516,-3.8032132612728224,4.302007016752021,0.017380124483328145,0.253224768668213,0.07759940199321136,0.22416329800034873,30003,0.2,200,20,8,highest_gebv,50.0,,False,0.25271139562073053,0.28000805738667783,150.0,predicted_gebv
h2_0.20_budget_200_parents_20,random_sampling,3,6,1000,200,0.2,1,200,200,0.14307358516045415,20,4.306633330759525,0.02026710570958152,4.275703478008963,-0.030929852750562148,4.263658206570103,0.020036064369434853,-0.04297512418942251,,,30003,0.2,200,20,8,random_sampling,,,,,,,
h2_0.20_budget_200_parents_20,fixed_sampling,3,6,1000,200,0.2,1,200,200,0.09036998072379883,20,4.306633330759525,0.02026710570958152,4.362715118346798,0.05608178758727256,4.36921326482691,0.00946019087839787,0.06257993406738471,,,30003,0.2,200,20,8,fixed_sampling,,,,,,,
h2_0.20_budget_200_parents_20,diversity_sampling,3,6,1000,200,0.2,1,200,200,0.11443387984524303,20,4.306633330759525,0.02026710570958152,4.3172075935641905,0.010574262804665224,4.311335572333535,0.00365951465990461,0.004702241574009669,,,30003,0.2,200,20,8,diversity_sampling,,,,,,,
h2_0.20_budget_200_parents_20,active_learning_pev,3,6,1000,200,0.2,1,200,200,0.06477734542835809,20,4.306633330759525,0.020267105709581523,0.01919470153516091,-4.287438629224364,4.320750861317672,0.011985567185372047,0.014117530558146463,0.27712800598237664,0.3636642539931927,30003,0.2,200,20,8,active_learning_pev,50.0,150.0,True,-0.14127718803081007,0.06477734542835809,,
h2_0.20_budget_200_parents_20,highest_gebv,3,6,1000,200,0.2,1,200,200,0.07494976560313406,20,4.306633330759525,0.020267105709581523,-0.04907448699855862,-4.355707817758084,4.240432353369557,0.02563345515150518,-0.06620097738996833,0.053747592988656834,0.1305238759960048,30003,0.2,200,20,8,highest_gebv,50.0,,False,-0.14127718803081007,0.07494976560313406,150.0,predicted_gebv
h2_0.20_budget_200_parents_20,random_sampling,3,7,1000,200,0.2,1,200,200,0.03250354057295237,20,4.367846505066558,0.00967733128845968,4.366953624630719,-0.0008928804358383502,4.368342400861852,0.005215454445703534,0.0004958957952947429,,,30003,0.2,200,20,8,random_sampling,,,,,,,
h2_0.20_budget_200_parents_20,fixed_sampling,3,7,1000,200,0.2,1,200,200,0.13968874521610625,20,4.367846505066558,0.00967733128845968,4.385317630589389,0.0174711255228317,4.37956800934425,0.008436964326847738,0.01172150427769214,,,30003,0.2,200,20,8,fixed_sampling,,,,,,,
h2_0.20_budget_200_parents_20,diversity_sampling,3,7,1000,200,0.2,1,200,200,-0.007363551355702816,20,4.367846505066558,0.00967733128845968,4.348119222763888,-0.019727282302669735,4.350165001440947,0.005643484359098221,-0.017681503625610162,,,30003,0.2,200,20,8,diversity_sampling,,,,,,,
h2_0.20_budget_200_parents_20,active_learning_pev,3,7,1000,200,0.2,1,200,200,0.018421398134469465,20,4.367846505066558,0.009677331288459682,-0.0008529221702722557,-4.36869942723683,4.355309289687319,0.01712217004579663,-0.012537215379238908,0.25391217099968344,0.34800559797440656,30003,0.2,200,20,8,active_learning_pev,50.0,150.0,True,0.23703174991346573,0.018421398134469465,,
h2_0.20_budget_200_parents_20,highest_gebv,3,7,1000,200,0.2,1,200,200,0.3554655372818869,20,4.367846505066558,0.009677331288459682,0.13108393569263954,-4.236762569373918,4.497095788351331,0.007774500990257942,0.12924928328477314,0.047568976995535195,0.12058029300533235,30003,0.2,200,20,8,highest_gebv,50.0,,False,0.23703174991346573,0.3554655372818869,150.0,predicted_gebv
h2_0.20_budget_200_parents_20,random_sampling,3,8,1000,200,0.2,1,200,200,0.43766687949771493,20,4.502026116491751,0.007774724953986698,4.5448164057124245,0.042790289220673294,4.545572391192403,0.003140263060182929,0.043546274700651644,,,30003,0.2,200,20,8,random_sampling,,,,,,,
h2_0.20_budget_200_parents_20,fixed_sampling,3,8,1000,200,0.2,1,200,200,0.3191124571025474,20,4.502026116491751,0.007774724953986698,4.570783176321631,0.06875705982987945,4.570783176321631,0.0,0.06875705982987945,,,30003,0.2,200,20,8,fixed_sampling,,,,,,,
h2_0.20_budget_200_parents_20,diversity_sampling,3,8,1000,200,0.2,1,200,200,0.16268592107215984,20,4.502026116491751,0.007774724953986698,4.511410582517629,0.009384466025878169,4.515218971390899,0.003230192917891775,0.01319285489914801,,,30003,0.2,200,20,8,diversity_sampling,,,,,,,
h2_0.20_budget_200_parents_20,active_learning_pev,3,8,1000,200,0.2,1,200,200,0.4322527273110007,20,4.502026116491752,0.007774724953986697,-0.001464716805201019,-4.503490833296953,4.504995517937537,0.006835944082290472,0.00296940144578528,0.23306849697837606,0.3355964530201163,30003,0.2,200,20,8,active_learning_pev,50.0,150.0,True,0.2465620795525408,0.4322527273110007,,
h2_0.20_budget_200_parents_20,highest_gebv,3,8,1000,200,0.2,1,200,200,0.28187628301034406,20,4.502026116491752,0.007774724953986697,0.010713928599637598,-4.491312187892115,4.5129975672893865,0.0022200232423017206,0.010971450797634397,0.04135548399062827,0.1264276870060712,30003,0.2,200,20,8,highest_gebv,50.0,,False,0.2465620795525408,0.28187628301034406,150.0,predicted_gebv
h2_0.40_budget_200_parents_20,random_sampling,1,1,1000,200,0.2,1,200,200,0.5404637788531758,20,-0.13314627914244168,0.9430240904123077,1.230982206123006,1.3641284852654476,1.1760721435565522,0.9185480668009057,1.3092184226989938,,,31001,0.4,200,20,8,random_sampling,,,,,,,
h2_0.40_budget_200_parents_20,fixed_sampling,1,1,1000,200,0.2,1,200,200,0.5215729993583088,20,-0.13314627914244168,0.9430240904123077,1.212405432031473,1.3455517111739146,1.2005505870493678,0.5687114035108761,1.3336968661918094,,,31001,0.4,200,20,8,fixed_sampling,,,,,,,
h2_0.40_budget_200_parents_20,diversity_sampling,1,1,1000,200,0.2,1,200,200,0.4859737906312298,20,-0.13314627914244168,0.9430240904123077,1.0316095967914696,1.1647558759339112,0.959863664488241,0.6392516536040106,1.0930099436306826,,,31001,0.4,200,20,8,diversity_sampling,,,,,,,
h2_0.40_budget_200_parents_20,active_learning_pev,1,1,1000,200,0.2,1,200,200,0.49866811218106466,20,-0.13314627914244165,0.9430240904123077,1.3886386359865437,1.5217849151289853,1.2470729180131093,0.9665089759719114,1.3802191971555509,0.49456384099903516,0.5730214860232081,31001,0.4,200,20,8,active_learning_pev,50.0,150.0,True,0.36986618871153815,0.49866811218106466,,
h2_0.40_budget_200_parents_20,highest_gebv,1,1,1000,200,0.2,1,200,200,0.5193805050481294,20,-0.13314627914244165,0.9430240904123077,1.4840225467174908,1.6171688258599324,1.3803396063212088,0.6596875223348287,1.5134858854636504,0.30575370200676844,0.3888315979856998,31001,0.4,200,20,8,highest_gebv,50.0,,False,0.36986618871153815,0.5193805050481294,150.0,predicted_gebv
h2_0.40_budget_200_parents_20,random_sampling,1,2,1000,200,0.2,1,200,200,0.5604021791882843,20,1.3905831921888754,0.7093638323347932,2.044944085689469,0.6543608935005936,2.041639398421973,0.4814153546959302,0.6510562062330978,,,31001,0.4,200,20,8,random_sampling,,,,,,,
h2_0.40_budget_200_parents_20,fixed_sampling,1,2,1000,200,0.2,1,200,200,0.5949536563526951,20,1.3905831921888754,0.7093638323347932,2.5742913047495968,1.1837081125607214,2.59642539271187,0.541753814515193,1.2058422005229947,,,31001,0.4,200,20,8,fixed_sampling,,,,,,,
h2_0.40_budget_200_parents_20,diversity_sampling,1,2,1000,200,0.2,1,200,200,0.5531839540357666,20,1.3905831921888754,0.7093638323347932,2.054808368717402,0.6642251765285265,2.015845611273499,0.5123640722769077,0.6252624190846237,,,31001,0.4,200,20,8,diversity_sampling,,,,,,,
h2_0.40_budget_200_parents_20,active_learning_pev,1,2,1000,200,0.2,1,200,200,0.3142087270654889,20,1.3905831921888754,0.709363832334793,0.9139884253371994,-0.476594766851676,2.306823045855468,0.680220905136857,0.9162398536665926,0.4140225540031679,0.4902698610094376,31001,0.4,200,20,8,active_learning_pev,50.0,150.0,True,0.16115395979516667,0.3142087270654889,,
h2_0.40_budget_200_parents_20,highest_gebv,1,2,1000,200,0.2,1,200,200,0.442716446448534,20,1.3905831921888754,0.709363832334793,1.1308237610996925,-0.25975943108918287,2.513006684740316,0.6802913791039871,1.1224234925514405,0.22343881000415422,0.3249736790021416,31001,0.4,200,20,8,highest_gebv,50.0,,False,0.16115395979516667,0.442716446448534,150.0,predicted_gebv
h2_0.40_budget_200_parents_20,random_sampling,1,3,1000,200,0.2,1,200,200,0.6454472011690199,20,2.6084922840613185,0.5616968698624304,3.5061062958319127,0.8976140117705942,3.48201834163812,0.344386906765344,0.8735260575768016,,,31001,0.4,200,20,8,random_sampling,,,,,,,
h2_0.40_budget_200_parents_20,fixed_sampling,1,3,1000,200,0.2,1,200,200,0.6237731025282899,20,2.6084922840613185,0.5616968698624304,3.6380624343516406,1.029570150290322,3.5691245928968987,0.46640745912918147,0.9606323088355802,,,31001,0.4,200,20,8,fixed_sampling,,,,,,,
h2_0.40_budget_200_parents_20,diversity_sampling,1,3,1000,200,0.2,1,200,200,0.5210374444693066,20,2.6084922840613185,0.5616968698624304,3.486608951306097,0.8781166672447784,3.513847528522007,0.5355154981854385,0.9053552444606887,,,31001,0.4,200,20,8,diversity_sampling,,,,,,,
h2_0.40_budget_200_parents_20,active_learning_pev,1,3,1000,200,0.2,1,200,200,0.46679878299053423,20,2.608492284061319,0.5616968698624304,0.8451628528318581,-1.7633294312294607,3.4288878847853783,0.38543848157884053,0.8203956007240594,0.4077641209878493,0.505139468004927,31001,0.4,200,20,8,active_learning_pev,50.0,150.0,True,0.21671441606669378,0.46679878299053423,,
h2_0.40_budget_200_parents_20,highest_gebv,1,3,1000,200,0.2,1,200,200,0.5490643938181621,20,2.608492284061319,0.5616968698624304,1.0407562813922313,-1.5677360026690876,3.680834961580296,0.36246138750213397,1.0723426775189773,0.17984733800403774,0.30552262300625443,31001,0.4,200,20,8,highest_gebv,50.0,,False,0.21671441606669378,0.5490643938181621,150.0,predicted_gebv
h2_0.40_budget_200_parents_20,random_sampling,1,4,1000,200,0.2,1,200,200,0.4707013265198804,20,3.65166566302213,0.3870839228765372,4.244144833736852,0.5924791707147223,4.296764831005498,0.22948573612354745,0.6450991679833677,,,31001,0.4,200,20,8,random_sampling,,,,,,,
h2_0.40_budget_200_parents_20,fixed_sampling,1,4,1000,200,0.2,1,200,200,0.5324437649840946,20,3.65166566302213,0.3870839228765372,4.310241200543395,0.6585755375212647,4.342671226276898,0.24922454812437891,0.6910055632547678,,,31001,0.4,200,20,8,fixed_sampling,,,,,,,
h2_0.40_budget_200_parents_20,diversity_sampling,1,4,1000,200,0.2,1,200,200,0.4796020758230153,20,3.65166566302213,0.3870839228765372,4.453673283328464,0.802007620306334,4.431755765573476,0.3341966869695622,0.7800901025513456,,,31001,0.4,200,20,8,diversity_sampling,,,,,,,
h2_0.40_budget_200_parents_20,active_learning_pev,1,4,1000,200,0.2,1,200,200,0.4495161794881255,20,3.65166566302213,0.3870839228765372,0.40081552423107053,-3.2508501387910593,4.094555973373049,0.3008851666087337,0.4428903103509194,0.37116749401320703,0.4668028010055423,31001,0.4,200,20,8,active_learning_pev,50.0,150.0,True,0.2913887932815615,0.4495161794881255,,
h2_0.40_budget_200_parents_20,highest_gebv,1,4,1000,200,0.2,1,200,200,0.4551317170326646,20,3.65166566302213,0.3870839228765372,0.6967023395410054,-2.954963323481125,4.364669442000091,0.15433427103850053,0.7130037789779609,0.15702643399708904,0.25464775899308734,31001,0.4,200,20,8,highest_gebv,50.0,,False,0.2913887932815615,0.4551317170326646,150.0,predicted_gebv
h2_0.40_budget_200_parents_20,random_sampling,1,5,1000,200,0.2,1,200,200,0.7362434924249915,20,4.429129295780761,0.37357513644155693,5.047056014300968,0.6179267185202066,5.0281354823065465,0.1488945129440908,0.5990061865257852,,,31001,0.4,200,20,8,random_sampling,,,,,,,
h2_0.40_budget_200_parents_20,fixed_sampling,1,5,1000,200,0.2,1,200,200,0.7181005948668959,20,4.429129295780761,0.37357513644155693,5.200378402296992,0.7712491065162306,5.194090975163889,0.11544376042578575,0.764961679383128,,,31001,0.4,200,20,8,fixed_sampling,,,,,,,
h2_0.40_budget_200_parents_20,diversity_sampling,1,5,1000,200,0.2,1,200,200,0.716711782364577,20,4.429129295780761,0.37357513644155693,5.1073516962666625,0.6782224004859012,5.078968931989043,0.21564605962351194,0.6498396362082817,,,31001,0.4,200,20,8,diversity_sampling,,,,,,,
h2_0.40_budget_200_parents_20,active_learning_pev,1,5,1000,200,0.2,1,200,200,0.516446674323236,20,4.429129295780762,0.37357513644155693,0.5810833506875791,-3.848045945093183,5.001850145086028,0.08374764593808767,0.5727208493052656,0.3524508139817044,0.45488629798637703,31001,0.4,200,20,8,active_learning_pev,50.0,150.0,True,0.4252087889954381,0.516446674323236,,
h2_0.40_budget_200_parents_20,highest_gebv,1,5,1000,200,0.2,1,200,200,0.5221003654444737,20,4.429129295780762,0.37357513644155693,0.7242788143847501,-3.7048504813960124,5.138659126278201,0.15422731320252042,0.7095298304974387,0.11995693799690343,0.21068954799557105,31001,0.4,200,20,8,highest_gebv,50.0,,False,0.4252087889954381,0.5221003654444737,150.0,predicted_gebv
h2_0.40_budget_200_parents_20,random_sampling,1,6,1000,200,0.2,1,200,200,0.4794927175418214,20,5.189466074648979,0.13170389332132232,5.766222311100632,0.5767562364516534,5.773276475102961,0.09130833605655199,0.5838104004539817,,,31001,0.4,200,20,8,random_sampling,,,,,,,
h2_0.40_budget_200_parents_20,fixed_sampling,1,6,1000,200,0.2,1,200,200,0.5994332767131667,20,5.189466074648979,0.13170389332132232,5.751748992285098,0.5622829176361188,5.766938526653902,0.07856964219046683,0.5774724520049235,,,31001,0.4,200,20,8,fixed_sampling,,,,,,,
h2_0.40_budget_200_parents_20,diversity_sampling,1,6,1000,200,0.2,1,200,200,0.5994639589491471,20,5.189466074648979,0.13170389332132232,5.871530500141661,0.6820644254926824,5.880372670950078,0.05562273640811134,0.6909065963010992,,,31001,0.4,200,20,8,diversity_sampling,,,,,,,
h2_0.40_budget_200_parents_20,active_learning_pev,1,6,1000,200,0.2,1,200,200,0.4061669533665328,20,5.189466074648979,0.13170389332132232,0.44454375293232407,-4.744922321716655,5.656874775753575,0.09208756477634447,0.4674087011045964,0.24146889601252042,0.3359048400016036,31001,0.4,200,20,8,active_learning_pev,50.0,150.0,True,0.15236655941648644,0.4061669533665328,,
h2_0.40_budget_200_parents_20,highest_gebv,1,6,1000,200,0.2,1,200,200,0.45687934358687543,20,5.189466074648979,0.13170389332132232,0.552839428431309,-4.63662664621767,5.73159564920596,0.08230525158323383,0.5421295745569807,0.09951169200940058,0.1872124730143696,31001,0.4,200,20,8,highest_gebv,50.0,,False,0.15236655941648644,0.45687934358687543,150.0,predicted_gebv
h2_0.40_budget_200_parents_20,random_sampling,1,7,1000,200,0.2,1,200,200,0.3354311497406387,20,5.8866263472567475,0.057396775301135,6.0620720163227135,0.17544566906596604,6.061491250963939,0.03464971848231493,0.1748649037071912,,,31001,0.4,200,20,8,random_sampling,,,,,,,
h2_0.40_budget_200_parents_20,fixed_sampling,1,7,1000,200,0.2,1,200,200,0.2812695606007034,20,5.8866263472567475,0.057396775301135,5.906799635972597,0.020173288715849225,5.905427397015863,0.03540857771470299,0.018801049759115784,,,31001,0.4,200,20,8,fixed_sampling,,,,,,,
h2_0.40_budget_200_parents_20,diversity_sampling,1,7,1000,200,0.2,1,200,200,0.31047643350735304,20,5.8866263472567475,0.057396775301135,5.85521117388781,-0.03141517336893784,5.856029474660286,0.027036465922909023,-0.03059687259646182,,,31001,0.4,200,20,8,diversity_sampling,,,,,,,
h2_0.40_budget_200_parents_20,active_learning_pev,1,7,1000,200,0.2,1,200,200,0.3897912839576301,20,5.886626347256748,0.057396775301135,0.25819880038996995,-5.628427546866779,6.154115732141592,0.03125410636558024,0.2674893848848434,0.25962293200427666,0.3526392380008474,31001,0.4,200,20,8,active_learning_pev,50.0,150.0,True,0.13377264522600504,0.3897912839576301,,
h2_0.40_budget_200_parents_20,highest_gebv,1,7,1000,200,0.2,1,200,200,0.4226063212704311,20,5.886626347256748,0.057396775301135,0.3094075898152208,-5.5772187574415275,6.196318668539541,0.03260031428256339,0.30969232128279245,0.08298248800565489,0.1744210160104558,31001,0.4,200,20,8,highest_gebv,50.0,,False,0.13377264522600504,0.4226063212704311,150.0,predicted_gebv
h2_0.40_budget_200_parents_20,random_sampling,1,8,1000,200,0.2,1,200,200,0.33041875631577006,20,6.190363219092532,0.034223285488659355,6.252795325935293,0.06243210684276068,6.265858853972572,0.02590616266859433,0.07549563488004019,,,31001,0.4,200,20,8,random_sampling,,,,,,,
h2_0.40_budget_200_parents_20,fixed_sampling,1,8,1000,200,0.2,1,200,200,0.07482845596794929,20,6.190363219092532,0.034223285488659355,6.211312194121922,0.020948975029389416,6.213971056913262,0.014557719855039442,0.023607837820729394,,,31001,0.4,200,20,8,fixed_sampling,,,,,,,
h2_0.40_budget_200_parents_20,diversity_sampling,1,8,1000,200,0.2,1,200,200,0.16335459199581198,20,6.190363219092532,0.034223285488659355,6.3216961845433435,0.1313329654508113,6.3237065839751025,0.011514595659912669,0.13334336488257037,,,31001,0.4,200,20,8,diversity_sampling,,,,,,,
h2_0.40_budget_200_parents_20,active_learning_pev,1,8,1000,200,0.2,1,200,200,0.3111093817060057,20,6.190363219092531,0.034223285488659355,0.14683296262633766,-6.043530256466194,6.338023909236277,0.010953646190179292,0.14766069014374583,0.20098162998328917,0.2896912909927778,31001,0.4,200,20,8,active_learning_pev,50.0,150.0,True,-0.0036356210159959688,0.3111093817060057,,
h2_0.40_budget_200_parents_20,highest_gebv,1,8,1000,200,0.2,1,200,200,-0.1545874279056667,20,6.190363219092531,0.034223285488659355,-0.0922241181391406,-6.282587337231672,6.100034583556028,0.013219198323639788,-0.09032863553650294,0.06696909500169568,0.1583975620160345,31001,0.4,200,20,8,highest_gebv,50.0,,False,-0.0036356210159959688,-0.1545874279056667,150.0,predicted_gebv
h2_0.40_budget_200_parents_20,random_sampling,2,1,1000,200,0.2,1,200,200,0.40241662713079174,20,-0.13314627914244168,0.9430240904123077,0.9746679222651029,1.1078142014075445,0.9312460294487556,0.6446945707592473,1.0643923085911973,,,31002,0.4,200,20,8,random_sampling,,,,,,,
h2_0.40_budget_200_parents_20,fixed_sampling,2,1,1000,200,0.2,1,200,200,0.45185276581426714,20,-0.13314627914244168,0.9430240904123077,0.8172674630858222,0.9504137422282639,0.7917883602502824,0.647276060727546,0.9249346393927241,,,31002,0.4,200,20,8,fixed_sampling,,,,,,,
h2_0.40_budget_200_parents_20,diversity_sampling,2,1,1000,200,0.2,1,200,200,0.44981923976949845,20,-0.13314627914244168,0.9430240904123077,0.7749887267569916,0.9081350058994333,0.7998818671833366,0.49795329301719926,0.9330281463257784,,,31002,0.4,200,20,8,diversity_sampling,,,,,,,
h2_0.40_budget_200_parents_20,active_learning_pev,2,1,1000,200,0.2,1,200,200,0.4701074412692377,20,-0.13314627914244165,0.9430240904123077,1.898824867156413,2.031971146298855,1.7881963961373621,0.4651219578306659,1.9213426752798037,0.4919639779836871,0.5784837609971873,31002,0.4,200,20,8,active_learning_pev,50.0,150.0,True,0.32565461758736874,0.4701074412692377,,
h2_0.40_budget_200_parents_20,highest_gebv,2,1,1000,200,0.2,1,200,200,0.4447000992094169,20,-0.13314627914244165,0.9430240904123077,1.6520881188168421,1.7852343979592837,1.4974232575740936,0.6974391963563621,1.6305695367165352,0.28840596100781113,0.3732554180023726,31002,0.4,200,20,8,highest_gebv,50.0,,False,0.32565461758736874,0.4447000992094169,150.0,predicted_gebv
h2_0.40_budget_200_parents_20,random_sampling,2,2,1000,200,0.2,1,200,200,0.520708233177781,20,1.784205389143537,0.46278285776068356,2.3967585925149435,0.6125532033714065,2.4138743221958867,0.18177538225206646,0.6296689330523497,,,31002,0.4,200,20,8,random_sampling,,,,,,,
h2_0.40_budget_200_parents_20,fixed_sampling,2,2,1000,200,0.2,1,200,200,0.45666846069877887,20,1.784205389143537,0.46278285776068356,2.233645709816946,0.4494403206734092,2.219804026045372,0.18068912620364025,0.435598636901835,,,31002,0.4,200,20,8,fixed_sampling,,,,,,,
h2_0.40_budget_200_parents_20,diversity_sampling,2,2,1000,200,0.2,1,200,200,0.5625047224385066,20,1.784205389143537,0.46278285776068356,2.7007023208443743,0.9164969317008373,2.761552598236357,0.3938478622083737,0.9773472090928199,,,31002,0.4,200,20,8,diversity_sampling,,,,,,,
h2_0.40_budget_200_parents_20,active_learning_pev,2,2,1000,200,0.2,1,200,200,0.46994583087524994,20,1.7842053891435368,0.46278285776068356,0.6812757268230298,-1.102929662320507,2.458383266583241,0.4396110020883306,0.674177877439704,0.4092476590012666,0.48896629401133396,31002,0.4,200,20,8,active_learning_pev,50.0,150.0,True,0.1769486032398549,0.46994583087524994,,
h2_0.40_budget_200_parents_20,highest_gebv,2,2,1000,200,0.2,1,200,200,0.3508115272181464,20,1.7842053891435368,0.46278285776068356,0.8145989343268616,-0.9696064548166752,2.6319062807221436,0.4295039905879107,0.8477008915786068,0.22272303901263513,0.2989919659739826,31002,0.4,200,20,8,highest_gebv,50.0,,False,0.1769486032398549,0.3508115272181464,150.0,predicted_gebv
h2_0.40_budget_200_parents_20,random_sampling,2,3,1000,200,0.2,1,200,200,0.5807331717616592,20,2.780060316126991,0.40078867153902337,3.810780954048833,1.030720637921842,3.8075420997578,0.34138845255387446,1.027481783630809,,,31002,0.4,200,20,8,random_sampling,,,,,,,
h2_0.40_budget_200_parents_20,fixed_sampling,2,3,1000,200,0.2,1,200,200,0.6181198604236123,20,2.780060316126991,0.40078867153902337,3.8884001975865576,1.1083398814595666,3.8652026110913074,0.26203039466597944,1.0851422949643164,,,31002,0.4,200,20,8,fixed_sampling,,,,,,,
h2_0.40_budget_200_parents_20,diversity_sampling,2,3,1000,200,0.2,1,200,200,0.4684843720552571,20,2.780060316126991,0.40078867153902337,3.5254100170684057,0.7453497009414147,3.5425177392466303,0.36586141206511574,0.7624574231196393,,,31002,0.4,200,20,8,diversity_sampling,,,,,,,
h2_0.40_budget_200_parents_20,active_learning_pev,2,3,1000,200,0.2,1,200,200,0.5803845699644329,20,2.780060316126991,0.40078867153902337,0.8917599508978883,-1.8883003652291026,3.6801237125608703,0.34752927711771414,0.9000633964338793,0.3908729510148987,0.4858907109883148,31002,0.4,200,20,8,active_learning_pev,50.0,150.0,True,0.41841758363660303,0.5803845699644329,,
h2_0.40_budget_200_parents_20,highest_gebv,2,3,1000,200,0.2,1,200,200,0.589204461644191,20,2.780060316126991,0.40078867153902337,1.034299037916714,-1.745761278210277,3.806560284264999,0.20366316977398727,1.0264999681380078,0.18334194700582884,0.2736456019920297,31002,0.4,200,20,8,highest_gebv,50.0,,False,0.41841758363660303,0.589204461644191,150.0,predicted_gebv
h2_0.40_budget_200_parents_20,random_sampling,2,4,1000,200,0.2,1,200,200,0.5492940314548374,20,3.875349295718689,0.27927281967308787,4.642581119490202,0.7672318237715126,4.658225899630013,0.18045776232127056,0.782876603911324,,,31002,0.4,200,20,8,random_sampling,,,,,,,
h2_0.40_budget_200_parents_20,fixed_sampling,2,4,1000,200,0.2,1,200,200,0.6006881265953848,20,3.875349295718689,0.27927281967308787,4.7564341277479,0.8810848320292108,4.753254504013655,0.15978666832720473,0.8779052082949659,,,31002,0.4,200,20,8,fixed_sampling,,,,,,,
h2_0.40_budget_200_parents_20,diversity_sampling,2,4,1000,200,0.2,1,200,200,0.5392772309924576,20,3.875349295718689,0.27927281967308787,4.448045622103521,0.5726963263848321,4.434742873990233,0.15537625654739534,0.559393578271544,,,31002,0.4,200,20,8,diversity_sampling,,,,,,,
h2_0.40_budget_200_parents_20,active_learning_pev,2,4,1000,200,0.2,1,200,200,0.5034768560873109,20,3.8753492957186886,0.27927281967308787,0.4386024952787227,-3.4367468004399657,4.277968995448179,0.2525791659663972,0.40261969972949085,0.39592679199995473,0.48256574201514013,31002,0.4,200,20,8,active_learning_pev,50.0,150.0,True,0.43137806626209063,0.5034768560873109,,
h2_0.40_budget_200_parents_20,highest_gebv,2,4,1000,200,0.2,1,200,200,0.5100691718786523,20,3.8753492957186886,0.27927281967308787,0.7279510076524698,-3.147398288066219,4.6191348209009355,0.23743249968125646,0.7437855251822469,0.1842031739943195,0.26241916901199147,31002,0.4,200,20,8,highest_gebv,50.0,,False,0.43137806626209063,0.5100691718786523,150.0,predicted_gebv
h2_0.40_budget_200_parents_20,random_sampling,2,5,1000,200,0.2,1,200,200,0.4856343725592385,20,4.76844131802117,0.1509726264131835,5.228820143488951,0.46037882546778075,5.239064987883546,0.0914722965727513,0.47062366986237514,,,31002,0.4,200,20,8,random_sampling,,,,,,,
h2_0.40_budget_200_parents_20,fixed_sampling,2,5,1000,200,0.2,1,200,200,0.43428343560185956,20,4.76844131802117,0.1509726264131835,5.009736167850354,0.2412948498291838,5.00518732747257,0.09390227863540679,0.23674600945139979,,,31002,0.4,200,20,8,fixed_sampling,,,,,,,
h2_0.40_budget_200_parents_20,diversity_sampling,2,5,1000,200,0.2,1,200,200,0.3293968186282805,20,4.76844131802117,0.1509726264131835,4.863647491182233,0.0952061731610625,4.879356010066936,0.10257210286392468,0.11091469204576576,,,31002,0.4,200,20,8,diversity_sampling,,,,,,,
h2_0.40_budget_200_parents_20,active_learning_pev,2,5,1000,200,0.2,1,200,200,0.3412060719760021,20,4.76844131802117,0.15097262641318349,0.31076373011129543,-4.457677587909875,5.1149258343216735,0.13557238880249847,0.34648451630050303,0.269629004993476,0.36895624300814234,31002,0.4,200,20,8,active_learning_pev,50.0,150.0,True,0.23543037024139601,0.3412060719760021,,
h2_0.40_budget_200_parents_20,highest_gebv,2,5,1000,200,0.2,1,200,200,0.5569185910115382,20,4.76844131802117,0.15097262641318349,0.5857429827561222,-4.182698335265048,5.365459162959208,0.07531120750463907,0.5970178449380379,0.12274496399913915,0.26522780102095567,31002,0.4,200,20,8,highest_gebv,50.0,,False,0.23543037024139601,0.5569185910115382,150.0,predicted_gebv
h2_0.40_budget_200_parents_20,random_sampling,2,6,1000,200,0.2,1,200,200,0.015902555665714295,20,5.353007654243543,0.07313695857456941,5.445320348262503,0.09231269401896025,5.444491603616227,0.025549218863273594,0.09148394937268467,,,31002,0.4,200,20,8,random_sampling,,,,,,,
h2_0.40_budget_200_parents_20,fixed_sampling,2,6,1000,200,0.2,1,200,200,0.1534704126722878,20,5.353007654243543,0.07313695857456941,5.4008195930418825,0.04781193879833978,5.399942606391046,0.0486028279537081,0.04693495214750332,,,31002,0.4,200,20,8,fixed_sampling,,,,,,,
h2_0.40_budget_200_parents_20,diversity_sampling,2,6,1000,200,0.2,1,200,200,0.2848139182686106,20,5.353007654243543,0.07313695857456941,5.441490449229503,0.08848279498596057,5.446095017520214,0.03600285144739778,0.09308736327667155,,,31002,0.4,200,20,8,diversity_sampling,,,,,,,
h2_0.40_budget_200_parents_20,active_learning_pev,2,6,1000,200,0.2,1,200,200,0.19901797467001436,20,5.353007654243544,0.07313695857456941,0.0015586175553286869,-5.351449036688215,5.360981946812035,0.062256840108180875,0.007974292568491137,0.2632186640112195,0.3597843390016351,31002,0.4,200,20,8,active_learning_pev,50.0,150.0,True,0.12764580646109644,0.19901797467001436,,
h2_0.40_budget_200_parents_20,highest_gebv,2,6,1000,200,0.2,1,200,200,0.2798510104936362,20,5.353007654243544,0.07313695857456941,0.24855569650677295,-5.104451957736771,5.592885589119039,0.05377175835828464,0.23987793487549514,0.07688429599511437,0.15964939299738035,31002,0.4,200,20,8,highest_gebv,50.0,,False,0.12764580646109644,0.2798510104936362,150.0,predicted_gebv
h2_0.40_budget_200_parents_20,random_sampling,2,7,1000,200,0.2,1,200,200,0.20226133148018471,20,5.596557537220765,0.053014499013555864,5.650814892946933,0.05425735572616741,5.660395770820017,0.044635490171838946,0.06383823359925156,,,31002,0.4,200,20,8,random_sampling,,,,,,,
h2_0.40_budget_200_parents_20,fixed_sampling,2,7,1000,200,0.2,1,200,200,0.33687477275812167,20,5.596557537220765,0.053014499013555864,5.614450521229712,0.01789298400894701,5.6125451624680025,0.044095548542046274,0.01598762524723707,,,31002,0.4,200,20,8,fixed_sampling,,,,,,,
h2_0.40_budget_200_parents_20,diversity_sampling,2,7,1000,200,0.2,1,200,200,0.27656201953278353,20,5.596557537220765,0.053014499013555864,5.635106848727743,0.03854931150697727,5.618662331642314,0.03379990120043928,0.022104794421548668,,,31002,0.4,200,20,8,diversity_sampling,,,,,,,
h2_0.40_budget_200_parents_20,active_learning_pev,2,7,1000,200,0.2,1,200,200,0.37953103473989797,20,5.596557537220766,0.053014499013555864,0.2315142365217214,-5.365043300699045,5.8295174424704,0.028084857399894893,0.23295990524963361,0.2320905000087805,0.3074733839894179,31002,0.4,200,20,8,active_learning_pev,50.0,150.0,True,0.17061602937714293,0.37953103473989797,,
h2_0.40_budget_200_parents_20,highest_gebv,2,7,1000,200,0.2,1,200,200,0.02599145143064241,20,5.596557537220766,0.053014499013555864,0.09602921935833736,-5.500528317862429,5.700354776593968,0.025764117496810183,0.1037972393732014,0.06021131298621185,0.14067937500658445,31002,0.4,200,20,8,highest_gebv,50.0,,False,0.17061602937714293,0.02599145143064241,150.0,predicted_gebv
h2_0.40_budget_200_parents_20,random_sampling,2,8,1000,200,0.2,1,200,200,-0.03344393522004732,20,5.831984744546325,0.028673828592974394,5.805617898168018,-0.02636684637830733,5.800442179237987,0.027754770801117382,-0.03154256530833788,,,31002,0.4,200,20,8,random_sampling,,,,,,,
h2_0.40_budget_200_parents_20,fixed_sampling,2,8,1000,200,0.2,1,200,200,-0.1687437219502509,20,5.831984744546325,0.028673828592974394,5.75741082344919,-0.07457392109713545,5.753378229801208,0.02972995989052099,-0.07860651474511737,,,31002,0.4,200,20,8,fixed_sampling,,,,,,,
h2_0.40_budget_200_parents_20,diversity_sampling,2,8,1000,200,0.2,1,200,200,0.02863155531777457,20,5.831984744546325,0.028673828592974394,5.800041147003718,-0.03194359754260745,5.798076933800052,0.02590620439996043,-0.033907810746272915,,,31002,0.4,200,20,8,diversity_sampling,,,,,,,
h2_0.40_budget_200_parents_20,active_learning_pev,2,8,1000,200,0.2,1,200,200,0.2522692020488018,20,5.831984744546324,0.02867382859297439,0.05704506626969284,-5.774939678276632,5.8864060250694985,0.02350656689300157,0.054421280523174076,0.25853936601197347,0.34719111397862434,31002,0.4,200,20,8,active_learning_pev,50.0,150.0,True,0.15264677401917157,0.2522692020488018,,
h2_0.40_budget_200_parents_20,highest_gebv,2,8,1000,200,0.2,1,200,200,0.23709748285734408,20,5.831984744546324,0.02867382859297439,0.11179009984284112,-5.720194644703484,5.9424982265182384,0.007059788093355507,0.11051348197191402,0.052082524984143674,0.13135002698982134,31002,0.4,200,20,8,highest_gebv,50.0,,False,0.15264677401917157,0.23709748285734408,150.0,predicted_gebv
h2_0.40_budget_200_parents_20,random_sampling,3,1,1000,200,0.2,1,200,200,0.3681979582659255,20,-0.13314627914244168,0.9430240904123077,0.834582742071791,0.9677290212142327,0.722771411153553,0.9252304848904798,0.8559176902959947,,,31003,0.4,200,20,8,random_sampling,,,,,,,
h2_0.40_budget_200_parents_20,fixed_sampling,3,1,1000,200,0.2,1,200,200,0.4221474592018958,20,-0.13314627914244168,0.9430240904123077,1.4636368442173588,1.5967831233598004,1.4150653967162843,0.6049217927558241,1.5482116758587259,,,31003,0.4,200,20,8,fixed_sampling,,,,,,,
h2_0.40_budget_200_parents_20,diversity_sampling,3,1,1000,200,0.2,1,200,200,0.48629791211605333,20,-0.13314627914244168,0.9430240904123077,1.4380645289703322,1.5712108081127738,1.4735238031730546,0.6754938928154881,1.6066700823154962,,,31003,0.4,200,20,8,diversity_sampling,,,,,,,
h2_0.40_budget_200_parents_20,active_learning_pev,3,1,1000,200,0.2,1,200,200,0.4802095660957204,20,-0.13314627914244165,0.9430240904123077,1.9163501442017403,2.049496423344182,1.8318627204696218,0.40791383093690026,1.9650089996120634,0.5094083320000209,0.5866298420005478,31003,0.4,200,20,8,active_learning_pev,50.0,150.0,True,0.3093737373643339,0.4802095660957204,,
h2_0.40_budget_200_parents_20,highest_gebv,3,1,1000,200,0.2,1,200,200,0.46832048327477416,20,-0.13314627914244165,0.9430240904123077,1.886119330434243,2.0192656095766846,1.7354028870454448,0.48700321750749553,1.8685491661878864,0.28765604499494657,0.3776135499938391,31003,0.4,200,20,8,highest_gebv,50.0,,False,0.3093737373643339,0.46832048327477416,150.0,predicted_gebv
h2_0.40_budget_200_parents_20,random_sampling,3,2,1000,200,0.2,1,200,200,0.28966159878913156,20,1.7814590851596932,0.40476703615750903,1.8917789218578163,0.11031983669812306,1.8986382487034856,0.4197866410092729,0.11717916354379243,,,31003,0.4,200,20,8,random_sampling,,,,,,,
h2_0.40_budget_200_parents_20,fixed_sampling,3,2,1000,200,0.2,1,200,200,0.3479979528153668,20,1.7814590851596932,0.40476703615750903,2.1613395081859252,0.37988042302623204,2.18941593890573,0.2669333476493094,0.40795685374603674,,,31003,0.4,200,20,8,fixed_sampling,,,,,,,
h2_0.40_budget_200_parents_20,diversity_sampling,3,2,1000,200,0.2,1,200,200,0.4094072727704868,20,1.7814590851596932,0.40476703615750903,2.497282293526132,0.7158232083664389,2.4925816409667934,0.5553820320463277,0.7111225558071002,,,31003,0.4,200,20,8,diversity_sampling,,,,,,,
h2_0.40_budget_200_parents_20,active_learning_pev,3,2,1000,200,0.2,1,200,200,0.32658622798016496,20,1.7814590851596932,0.4047670361575091,0.41595996104431754,-1.3654991241153756,2.1855675000745993,0.42431548205944614,0.4041084149149061,0.4613694650179241,0.5400989749759901,31003,0.4,200,20,8,active_learning_pev,50.0,150.0,True,0.25135623737137214,0.32658622798016496,,
h2_0.40_budget_200_parents_20,highest_gebv,3,2,1000,200,0.2,1,200,200,0.46591264445398306,20,1.7814590851596932,0.4047670361575091,0.7411969381606118,-1.0402621469990814,2.555682182865509,0.46735473802568267,0.7742230977058158,0.2403732720122207,0.33129058199119754,31003,0.4,200,20,8,highest_gebv,50.0,,False,0.25135623737137214,0.46591264445398306,150.0,predicted_gebv
h2_0.40_budget_200_parents_20,random_sampling,3,3,1000,200,0.2,1,200,200,0.5771791759557033,20,2.530670613316836,0.45707252168462376,3.467814129255629,0.9371435159387929,3.440514417743979,0.26791160107103595,0.9098438044271426,,,31003,0.4,200,20,8,random_sampling,,,,,,,
h2_0.40_budget_200_parents_20,fixed_sampling,3,3,1000,200,0.2,1,200,200,0.562091073089789,20,2.530670613316836,0.45707252168462376,3.4531670447056526,0.9224964313888164,3.501837634230368,0.2379293680988977,0.9711670209135317,,,31003,0.4,200,20,8,fixed_sampling,,,,,,,
h2_0.40_budget_200_parents_20,diversity_sampling,3,3,1000,200,0.2,1,200,200,0.6370774240329282,20,2.530670613316836,0.45707252168462376,3.443595472897622,0.912924859580786,3.4701921335433017,0.34613186416742375,0.9395215202264655,,,31003,0.4,200,20,8,diversity_sampling,,,,,,,
h2_0.40_budget_200_parents_20,active_learning_pev,3,3,1000,200,0.2,1,200,200,0.5983822533261393,20,2.530670613316836,0.45707252168462376,0.7808713546462699,-1.7497992586705662,3.331566805295529,0.30630135046099394,0.8008961919786928,0.39556953200371936,0.48128465001354925,31003,0.4,200,20,8,active_learning_pev,50.0,150.0,True,0.2742282931787202,0.5983822533261393,,
h2_0.40_budget_200_parents_20,highest_gebv,3,3,1000,200,0.2,1,200,200,0.5491643673041661,20,2.530670613316836,0.45707252168462376,1.0152605034161006,-1.5154101099007355,3.5342265683342204,0.23241933534295778,1.0035559550173843,0.17077897899434902,0.2485883650078904,31003,0.4,200,20,8,highest_gebv,50.0,,False,0.2742282931787202,0.5491643673041661,150.0,predicted_gebv
h2_0.40_budget_200_parents_20,random_sampling,3,4,1000,200,0.2,1,200,200,0.5704651348808243,20,3.545327215891611,0.2219051241759727,3.9521135391971827,0.4067863233055715,3.9360590294938453,0.0948222883542722,0.3907318136022342,,,31003,0.4,200,20,8,random_sampling,,,,,,,
h2_0.40_budget_200_parents_20,fixed_sampling,3,4,1000,200,0.2,1,200,200,0.5701016689604685,20,3.545327215891611,0.2219051241759727,3.9500845081616687,0.4047572922700575,3.963134751656945,0.1499099267190513,0.4178075357653337,,,31003,0.4,200,20,8,fixed_sampling,,,,,,,
h2_0.40_budget_200_parents_20,diversity_sampling,3,4,1000,200,0.2,1,200,200,0.5401020623471443,20,3.545327215891611,0.2219051241759727,3.9128343102745045,0.3675070943828933,3.909028123433795,0.07671140858026773,0.36370090754218376,,,31003,0.4,200,20,8,diversity_sampling,,,,,,,
h2_0.40_budget_200_parents_20,active_learning_pev,3,4,1000,200,0.2,1,200,200,0.5652446065128051,20,3.5453272158916107,0.22190512417597266,0.351743227054532,-3.1935839888370787,3.9054588150529375,0.06024164763920775,0.36013159916132675,0.30922852098592557,0.4004037020204123,31003,0.4,200,20,8,active_learning_pev,50.0,150.0,True,0.39721003985054637,0.5652446065128051,,
h2_0.40_budget_200_parents_20,highest_gebv,3,4,1000,200,0.2,1,200,200,0.5899032059580609,20,3.5453272158916107,0.22190512417597266,0.7831209438724515,-2.762206272019159,4.3402306162716435,0.03360660098721693,0.7949034003800328,0.11694867099868134,0.202252007991774,31003,0.4,200,20,8,highest_gebv,50.0,,False,0.39721003985054637,0.5899032059580609,150.0,predicted_gebv
h2_0.40_budget_200_parents_20,random_sampling,3,5,1000,200,0.2,1,200,200,-0.10987860834583815,20,4.334354079287555,0.03505800342013261,4.270805987070517,-0.0635480922170375,4.272528542343385,0.028851485892919554,-0.06182553694416981,,,31003,0.4,200,20,8,random_sampling,,,,,,,
h2_0.40_budget_200_parents_20,fixed_sampling,3,5,1000,200,0.2,1,200,200,0.19858761978274728,20,4.334354079287555,0.03505800342013261,4.370009472688601,0.035655393401046176,4.376858808970613,0.015728467937741877,0.04250472968305807,,,31003,0.4,200,20,8,fixed_sampling,,,,,,,
h2_0.40_budget_200_parents_20,diversity_sampling,3,5,1000,200,0.2,1,200,200,0.16428788941652395,20,4.334354079287555,0.03505800342013261,4.362590543144692,0.028236463857137295,4.358321246410083,0.03508605460079428,0.02396716712252811,,,31003,0.4,200,20,8,diversity_sampling,,,,,,,
h2_0.40_budget_200_parents_20,active_learning_pev,3,5,1000,200,0.2,1,200,200,0.288243110486082,20,4.334354079287555,0.03505800342013261,0.13918155110861014,-4.1951725281789445,4.473976135958829,0.022908105446574845,0.13962205667127403,0.24392306999652646,0.33591025200439617,31003,0.4,200,20,8,active_learning_pev,50.0,150.0,True,0.3660200894506332,0.288243110486082,,
h2_0.40_budget_200_parents_20,highest_gebv,3,5,1000,200,0.2,1,200,200,0.4028611946044998,20,4.334354079287555,0.03505800342013261,0.1690569943010987,-4.165297084986456,4.512445631044443,0.024388643625344486,0.1780915517568884,0.056909496983280405,0.14339066200773232,31003,0.4,200,20,8,highest_gebv,50.0,,False,0.3660200894506332,0.4028611946044998,150.0,predicted_gebv
h2_0.40_budget_200_parents_20,random_sampling,3,6,1000,200,0.2,1,200,200,0.3679677441449445,20,4.507814791155883,0.025186748635314362,4.540439259500961,0.03262446834507848,4.549496049955047,0.015417757423612215,0.041681258799163956,,,31003,0.4,200,20,8,random_sampling,,,,,,,
h2_0.40_budget_200_parents_20,fixed_sampling,3,6,1000,200,0.2,1,200,200,0.08475427047262091,20,4.507814791155883,0.025186748635314362,4.500341088655443,-0.007473702500440105,4.50203618460497,0.015488941524420837,-0.00577860655091289,,,31003,0.4,200,20,8,fixed_sampling,,,,,,,
h2_0.40_budget_200_parents_20,diversity_sampling,3,6,1000,200,0.2,1,200,200,0.040082943568038126,20,4.507814791155883,0.025186748635314362,4.5495027946865925,0.04168800353070967,4.550127553625253,0.010016172304179085,0.04231276246937021,,,31003,0.4,200,20,8,diversity_sampling,,,,,,,
h2_0.40_budget_200_parents_20,active_learning_pev,3,6,1000,200,0.2,1,200,200,0.3195954386765352,20,4.507814791155883,0.025186748635314362,0.06302326202331324,-4.444791529132569,4.575789870830449,0.016322884655454308,0.06797507967456617,0.23132302399608307,0.3381267189979553,31003,0.4,200,20,8,active_learning_pev,50.0,150.0,True,0.1852258277137822,0.3195954386765352,,
h2_0.40_budget_200_parents_20,highest_gebv,3,6,1000,200,0.2,1,200,200,0.36089685556426393,20,4.507814791155883,0.025186748635314362,0.09651353835908823,-4.411301252796795,4.6070605418296475,0.016496276895174525,0.09924575067376473,0.050163768988568336,0.14778870300506242,31003,0.4,200,20,8,highest_gebv,50.0,,False,0.1852258277137822,0.36089685556426393,150.0,predicted_gebv
h2_0.40_budget_200_parents_20,random_sampling,3,7,1000,200,0.2,1,200,200,0.327847558425416,20,4.601946172169276,0.014775383898528728,4.684398659533134,0.08245248736385768,4.68465682790668,0.0067284075089345426,0.08271065573740355,,,31003,0.4,200,20,8,random_sampling,,,,,,,
h2_0.40_budget_200_parents_20,fixed_sampling,3,7,1000,200,0.2,1,200,200,0.18678070669225227,20,4.601946172169276,0.014775383898528728,4.655261622437692,0.05331545026841589,4.654358142314039,0.010251251281593873,0.052411970144762954,,,31003,0.4,200,20,8,fixed_sampling,,,,,,,
h2_0.40_budget_200_parents_20,diversity_sampling,3,7,1000,200,0.2,1,200,200,0.29018573210655046,20,4.601946172169276,0.014775383898528728,4.677888708164825,0.07594253599554879,4.681248496944739,0.006773498647548767,0.07930232477546273,,,31003,0.4,200,20,8,diversity_sampling,,,,,,,
h2_0.40_budget_200_parents_20,active_learning_pev,3,7,1000,200,0.2,1,200,200,0.10905446701929744,20,4.601946172169275,0.014775383898528728,0.034546549934668845,-4.567399622234606,4.637141243509965,0.009794781777002532,0.035195071340689665,0.21595562601578422,0.30719205699278973,31003,0.4,200,20,8,active_learning_pev,50.0,150.0,True,0.15179271273263842,0.10905446701929744,,
h2_0.40_budget_200_parents_20,highest_gebv,3,7,1000,200,0.2,1,200,200,0.33439784402246436,20,4.601946172169275,0.014775383898528728,0.1103214670835115,-4.491624705085764,4.716563230575555,0.007560616092865629,0.11461705840627978,0.046680995990755036,0.1308577379968483,31003,0.4,200,20,8,highest_gebv,50.0,,False,0.15179271273263842,0.33439784402246436,150.0,predicted_gebv
h2_0.40_budget_200_parents_20,random_sampling,3,8,1000,200,0.2,1,200,200,0.20102929140190054,20,4.716182782696861,0.007730509714917508,4.731849791818545,0.015667009121684394,4.721477557287659,0.006114920867313202,0.005294774590797857,,,31003,0.4,200,20,8,random_sampling,,,,,,,
h2_0.40_budget_200_parents_20,fixed_sampling,3,8,1000,200,0.2,1,200,200,0.06377688387184183,20,4.716182782696861,0.007730509714917508,4.659578365944747,-0.056604416752113806,4.6606896826238415,0.0016630198495081146,-0.05549310007301944,,,31003,0.4,200,20,8,fixed_sampling,,,,,,,
h2_0.40_budget_200_parents_20,diversity_sampling,3,8,1000,200,0.2,1,200,200,0.18896278780784587,20,4.716182782696861,0.007730509714917508,4.683244632095834,-0.03293815060102734,4.68158258909377,0.002569153728757289,-0.03460019360309108,,,31003,0.4,200,20,8,diversity_sampling,,,,,,,
h2_0.40_budget_200_parents_20,active_learning_pev,3,8,1000,200,0.2,1,200,200,-0.30157657498396295,20,4.716182782696861,0.007730509714917508,-0.13014155595968138,-4.846324338656542,4.592372377875107,0.006695478878410461,-0.12381040482175365,0.23682235600426793,0.3248251969926059,31003,0.4,200,20,8,active_learning_pev,50.0,150.0,True,-0.10916963435498542,-0.30157657498396295,,
h2_0.40_budget_200_parents_20,highest_gebv,3,8,1000,200,0.2,1,200,200,-0.12528855447102466,20,4.716182782696861,0.007730509714917508,-0.07832557268462066,-4.794508355381482,4.632094421173621,0.008777344931399853,-0.08408836152324017,0.04458501498447731,0.13550031199702062,31003,0.4,200,20,8,highest_gebv,50.0,,False,-0.10916963435498542,-0.12528855447102466,150.0,predicted_gebv
h2_0.70_budget_200_parents_20,random_sampling,1,1,1000,200,0.2,1,200,200,0.53182206277291,20,-0.13314627914244168,0.9430240904123077,1.2295067780948812,1.3626530572373228,1.2001120772818483,0.5868559767887147,1.33325835642429,,,32001,0.7,200,20,8,random_sampling,,,,,,,
h2_0.70_budget_200_parents_20,fixed_sampling,1,1,1000,200,0.2,1,200,200,0.6164687221738233,20,-0.13314627914244168,0.9430240904123077,1.1452386562817878,1.2783849354242294,1.1529201292204174,0.7638528916924959,1.286066408362859,,,32001,0.7,200,20,8,fixed_sampling,,,,,,,
h2_0.70_budget_200_parents_20,diversity_sampling,1,1,1000,200,0.2,1,200,200,0.6484709763154731,20,-0.13314627914244168,0.9430240904123077,1.2560190607423514,1.389165339884793,1.2765324415103325,0.6762191192583279,1.409678720652774,,,32001,0.7,200,20,8,diversity_sampling,,,,,,,
h2_0.70_budget_200_parents_20,active_learning_pev,1,1,1000,200,0.2,1,200,200,0.5677506050453187,20,-0.13314627914244165,0.9430240904123077,1.983534256067713,2.1166805352101545,1.8068386898998576,0.46251721792883327,1.9399849690422992,0.4923452159855515,0.579810583993094,32001,0.7,200,20,8,active_learning_pev,50.0,150.0,True,0.40201149435951594,0.5677506050453187,,
h2_0.70_budget_200_parents_20,highest_gebv,1,1,1000,200,0.2,1,200,200,0.568758312889005,20,-0.13314627914244165,0.9430240904123077,2.0573215499822206,2.190467829124662,2.001658782525837,0.5202215798379564,2.1348050616682785,0.30418901998200454,0.3905061070108786,32001,0.7,200,20,8,highest_gebv,50.0,,False,0.40201149435951594,0.568758312889005,150.0,predicted_gebv
h2_0.70_budget_200_parents_20,random_sampling,1,2,1000,200,0.2,1,200,200,0.5913577292036627,20,1.9028695483020055,0.5241354683094959,2.8146629067747604,0.9117933584727549,2.852691503177798,0.5923237925860878,0.9498219548757927,,,32001,0.7,200,20,8,random_sampling,,,,,,,
h2_0.70_budget_200_parents_20,fixed_sampling,1,2,1000,200,0.2,1,200,200,0.4561658899676478,20,1.9028695483020055,0.5241354683094959,2.6078764330585082,0.7050068847565027,2.5947504141384834,0.22138635094781142,0.6918808658364779,,,32001,0.7,200,20,8,fixed_sampling,,,,,,,
h2_0.70_budget_200_parents_20,diversity_sampling,1,2,1000,200,0.2,1,200,200,0.6272432645752862,20,1.9028695483020055,0.5241354683094959,3.2931710118712916,1.390301463569286,3.31652819152882,0.4218413681226973,1.4136586432268143,,,32001,0.7,200,20,8,diversity_sampling,,,,,,,
h2_0.70_budget_200_parents_20,active_learning_pev,1,2,1000,200,0.2,1,200,200,0.4675890301050522,20,1.9028695483020053,0.5241354683094959,1.1374997387632249,-0.7653698095387804,3.0440307466700096,0.4093620709320303,1.1411611983680043,0.3838696160237305,0.4642126399849076,32001,0.7,200,20,8,active_learning_pev,50.0,150.0,True,0.34562665282585353,0.4675890301050522,,
h2_0.70_budget_200_parents_20,highest_gebv,1,2,1000,200,0.2,1,200,200,0.48236547682081954,20,1.9028695483020053,0.5241354683094959,1.360663209249227,-0.5422063390527783,3.2941002099405834,0.41028984685399,1.3912306616385781,0.20869129200582393,0.2935929009981919,32001,0.7,200,20,8,highest_gebv,50.0,,False,0.34562665282585353,0.48236547682081954,150.0,predicted_gebv
h2_0.70_budget_200_parents_20,random_sampling,1,3,1000,200,0.2,1,200,200,0.685652083961899,20,3.311172532015356,0.4564455267730993,4.254984456678839,0.9438119246634828,4.2257188926063876,0.25735939268757707,0.9145463605910313,,,32001,0.7,200,20,8,random_sampling,,,,,,,
h2_0.70_budget_200_parents_20,fixed_sampling,1,3,1000,200,0.2,1,200,200,0.6928242438589425,20,3.311172532015356,0.4564455267730993,4.15398798054524,0.8428154485298842,4.130653956335898,0.2656029579848135,0.8194814243205419,,,32001,0.7,200,20,8,fixed_sampling,,,,,,,
h2_0.70_budget_200_parents_20,diversity_sampling,1,3,1000,200,0.2,1,200,200,0.7217071099333857,20,3.311172532015356,0.4564455267730993,4.197410734089693,0.8862382020743365,4.2141116615870855,0.2578417875358125,0.9029391295717293,,,32001,0.7,200,20,8,diversity_sampling,,,,,,,
h2_0.70_budget_200_parents_20,active_learning_pev,1,3,1000,200,0.2,1,200,200,0.6193275865996871,20,3.3111725320153558,0.4564455267730993,0.7566697446570837,-2.554502787358272,4.066810011805532,0.3049798754668056,0.7556374797901761,0.43204323001555167,0.5266886060126126,32001,0.7,200,20,8,active_learning_pev,50.0,150.0,True,0.3329225045379637,0.6193275865996871,,
h2_0.70_budget_200_parents_20,highest_gebv,1,3,1000,200,0.2,1,200,200,0.5823157127861691,20,3.3111725320153558,0.4564455267730993,0.8510710466746453,-2.4601014853407106,4.189490599415923,0.2722401789357618,0.8783180674005675,0.18912475000252016,0.27194902900373563,32001,0.7,200,20,8,highest_gebv,50.0,,False,0.3329225045379637,0.5823157127861691,150.0,predicted_gebv
h2_0.70_budget_200_parents_20,random_sampling,1,4,1000,200,0.2,1,200,200,0.4716739692402036,20,4.238935418487366,0.262269154446585,4.798314737541381,0.5593793190540151,4.811060637467113,0.17889038388317247,0.572125218979747,,,32001,0.7,200,20,8,random_sampling,,,,,,,
h2_0.70_budget_200_parents_20,fixed_sampling,1,4,1000,200,0.2,1,200,200,0.46484694590192627,20,4.238935418487366,0.262269154446585,4.911326092009736,0.6723906735223695,4.894592136363069,0.30864955678018713,0.6556567178757025,,,32001,0.7,200,20,8,fixed_sampling,,,,,,,
h2_0.70_budget_200_parents_20,diversity_sampling,1,4,1000,200,0.2,1,200,200,0.44803059763531594,20,4.238935418487366,0.262269154446585,4.763681271972408,0.524745853485042,4.758569770748308,0.20198715440183593,0.5196343522609421,,,32001,0.7,200,20,8,diversity_sampling,,,,,,,
h2_0.70_budget_200_parents_20,active_learning_pev,1,4,1000,200,0.2,1,200,200,0.541948837609764,20,4.238935418487366,0.262269154446585,0.7073245957085128,-3.5316108227788536,4.934958333845674,0.18336523634317226,0.6960229153583075,0.3943740050017368,0.48336158401798457,32001,0.7,200,20,8,active_learning_pev,50.0,150.0,True,0.44945865950251596,0.541948837609764,,
h2_0.70_budget_200_parents_20,highest_gebv,1,4,1000,200,0.2,1,200,200,0.5968381219818456,20,4.238935418487366,0.262269154446585,0.9169486959554973,-3.321986722531869,5.182718724543702,0.15693542234670196,0.9437833060563356,0.16436005200375803,0.24218053501681425,32001,0.7,200,20,8,highest_gebv,50.0,,False,0.44945865950251596,0.5968381219818456,150.0,predicted_gebv
h2_0.70_budget_200_parents_20,random_sampling,1,5,1000,200,0.2,1,200,200,0.6218394860763188,20,5.176820838211308,0.17270959291392352,5.666675645693669,0.4898548074823612,5.679130092142375,0.08926040797166193,0.5023092539310676,,,32001,0.7,200,20,8,random_sampling,,,,,,,
h2_0.70_budget_200_parents_20,fixed_sampling,1,5,1000,200,0.2,1,200,200,0.6320973800549416,20,5.176820838211308,0.17270959291392352,5.754590176338639,0.5777693381273314,5.744827005389278,0.06214569212226512,0.5680061671779706,,,32001,0.7,200,20,8,fixed_sampling,,,,,,,
h2_0.70_budget_200_parents_20,diversity_sampling,1,5,1000,200,0.2,1,200,200,0.6133529586984022,20,5.176820838211308,0.17270959291392352,5.656822450453831,0.480001612242523,5.6622386354685235,0.07945485756452263,0.4854177972572158,,,32001,0.7,200,20,8,diversity_sampling,,,,,,,
h2_0.70_budget_200_parents_20,active_learning_pev,1,5,1000,200,0.2,1,200,200,0.5407410727973095,20,5.176820838211308,0.17270959291392354,0.6531694672838724,-4.5236513709274355,5.862535498529722,0.09291001009542847,0.6857146603184141,0.36019774500164203,0.4468917610065546,32001,0.7,200,20,8,active_learning_pev,50.0,150.0,True,0.332525534086223,0.5407410727973095,,
h2_0.70_budget_200_parents_20,highest_gebv,1,5,1000,200,0.2,1,200,200,0.5459993090148727,20,5.176820838211308,0.17270959291392354,0.5735378614535088,-4.603282976757799,5.767141481345089,0.10480030260426053,0.5903206431337811,0.17319846100872383,0.25392495800042525,32001,0.7,200,20,8,highest_gebv,50.0,,False,0.332525534086223,0.5459993090148727,150.0,predicted_gebv
h2_0.70_budget_200_parents_20,random_sampling,1,6,1000,200,0.2,1,200,200,0.5151019939224154,20,5.846696296052682,0.10046499942863148,6.097102246251149,0.25040595019846723,6.098452023031759,0.03977213568235491,0.2517557269790771,,,32001,0.7,200,20,8,random_sampling,,,,,,,
h2_0.70_budget_200_parents_20,fixed_sampling,1,6,1000,200,0.2,1,200,200,0.5356335767941002,20,5.846696296052682,0.10046499942863148,6.1098665076301835,0.26317021157750187,6.1161975048571255,0.021889693219437095,0.26950120880444395,,,32001,0.7,200,20,8,fixed_sampling,,,,,,,
h2_0.70_budget_200_parents_20,diversity_sampling,1,6,1000,200,0.2,1,200,200,0.5555223056928269,20,5.846696296052682,0.10046499942863148,6.099532916648122,0.2528366205954402,6.098506505502675,0.02458441384933027,0.2518102094499932,,,32001,0.7,200,20,8,diversity_sampling,,,,,,,
h2_0.70_budget_200_parents_20,active_learning_pev,1,6,1000,200,0.2,1,200,200,0.4812331348736913,20,5.8466962960526825,0.10046499942863148,0.14074085680725273,-5.70595543924543,5.988883316096971,0.050461748782513534,0.14218702004428874,0.33681636198889464,0.433070007013157,32001,0.7,200,20,8,active_learning_pev,50.0,150.0,True,0.35894860995867556,0.4812331348736913,,
h2_0.70_budget_200_parents_20,highest_gebv,1,6,1000,200,0.2,1,200,200,0.5134348747351578,20,5.8466962960526825,0.10046499942863148,0.33342768101688103,-5.513268615035802,6.173416921758855,0.026064563699400627,0.3267206257061721,0.14035396798863076,0.23254981701029465,32001,0.7,200,20,8,highest_gebv,50.0,,False,0.35894860995867556,0.5134348747351578,150.0,predicted_gebv
h2_0.70_budget_200_parents_20,random_sampling,1,7,1000,200,0.2,1,200,200,0.3869877745187655,20,6.166808594951572,0.02538754207188742,6.291240813224668,0.12443221827309614,6.28238242961539,0.01133581804649919,0.11557383466381754,,,32001,0.7,200,20,8,random_sampling,,,,,,,
h2_0.70_budget_200_parents_20,fixed_sampling,1,7,1000,200,0.2,1,200,200,0.4786728869325352,20,6.166808594951572,0.02538754207188742,6.323699946282541,0.15689135133096865,6.326543009171183,0.017764522077708005,0.15973441421961088,,,32001,0.7,200,20,8,fixed_sampling,,,,,,,
h2_0.70_budget_200_parents_20,diversity_sampling,1,7,1000,200,0.2,1,200,200,0.6310772140835423,20,6.166808594951572,0.02538754207188742,6.366641108778855,0.19983251382728273,6.354194359524559,0.01586691467455843,0.18738576457298706,,,32001,0.7,200,20,8,diversity_sampling,,,,,,,
h2_0.70_budget_200_parents_20,active_learning_pev,1,7,1000,200,0.2,1,200,200,0.3052731743877259,20,6.166808594951573,0.025387542071887422,0.05100692619619729,-6.115801668755376,6.2083573449146705,0.01196749525425514,0.04154874996309754,0.2847988629946485,0.3757468040275853,32001,0.7,200,20,8,active_learning_pev,50.0,150.0,True,0.02511054231933646,0.3052731743877259,,
h2_0.70_budget_200_parents_20,highest_gebv,1,7,1000,200,0.2,1,200,200,0.4817952184268115,20,6.166808594951573,0.025387542071887422,0.06712078568600066,-6.099687809265572,6.242541013760544,0.01332363726519347,0.07573241880897097,0.10988422599621117,0.20369444601237774,32001,0.7,200,20,8,highest_gebv,50.0,,False,0.02511054231933646,0.4817952184268115,150.0,predicted_gebv
h2_0.70_budget_200_parents_20,random_sampling,1,8,1000,200,0.2,1,200,200,0.057814459819878865,20,6.354683729581338,0.013933208594383845,6.406519993299577,0.05183626371823902,6.411207649564051,0.010282023452496765,0.056523919982712556,,,32001,0.7,200,20,8,random_sampling,,,,,,,
h2_0.70_budget_200_parents_20,fixed_sampling,1,8,1000,200,0.2,1,200,200,0.13221979230267406,20,6.354683729581338,0.013933208594383845,6.47691257928644,0.12222884970510162,6.480084144597515,0.00950901444498645,0.12540041501617694,,,32001,0.7,200,20,8,fixed_sampling,,,,,,,
h2_0.70_budget_200_parents_20,diversity_sampling,1,8,1000,200,0.2,1,200,200,0.09536550016385059,20,6.354683729581338,0.013933208594383845,6.41067009970956,0.05598637012822216,6.412493340903659,0.009964320033918011,0.05780961132232054,,,32001,0.7,200,20,8,diversity_sampling,,,,,,,
h2_0.70_budget_200_parents_20,active_learning_pev,1,8,1000,200,0.2,1,200,200,0.3602893734684414,20,6.354683729581337,0.013933208594383845,0.15148041719561728,-6.20320331238572,6.5022911699578145,0.009230035643671721,0.14760744037647733,0.20078778400784358,0.30348339199554175,32001,0.7,200,20,8,active_learning_pev,50.0,150.0,True,0.05247942747020392,0.3602893734684414,,
h2_0.70_budget_200_parents_20,highest_gebv,1,8,1000,200,0.2,1,200,200,0.22210733702878466,20,6.354683729581337,0.013933208594383845,0.12020874876610196,-6.234474980815235,6.478480487050229,0.00812691827815144,0.12379675746889163,0.07008402000064962,0.14754171401727945,32001,0.7,200,20,8,highest_gebv,50.0,,False,0.05247942747020392,0.22210733702878466,150.0,predicted_gebv
h2_0.70_budget_200_parents_20,random_sampling,2,1,1000,200,0.2,1,200,200,0.5695968200398469,20,-0.13314627914244168,0.9430240904123077,1.7719782517874778,1.9051245309299194,1.7376309749437435,0.6465821490198296,1.8707772540861851,,,32002,0.7,200,20,8,random_sampling,,,,,,,
h2_0.70_budget_200_parents_20,fixed_sampling,2,1,1000,200,0.2,1,200,200,0.6142194936245339,20,-0.13314627914244168,0.9430240904123077,1.552349019846159,1.6854952989886005,1.5789699125601038,0.5451533702503745,1.7121161917025454,,,32002,0.7,200,20,8,fixed_sampling,,,,,,,
h2_0.70_budget_200_parents_20,diversity_sampling,2,1,1000,200,0.2,1,200,200,0.5937342253320926,20,-0.13314627914244168,0.9430240904123077,1.2421567376874532,1.3753030168298948,1.3310540895095122,0.9017754939898591,1.4642003686519538,,,32002,0.7,200,20,8,diversity_sampling,,,,,,,
h2_0.70_budget_200_parents_20,active_learning_pev,2,1,1000,200,0.2,1,200,200,0.5281988453974409,20,-0.13314627914244165,0.9430240904123077,1.779582671714833,1.9127289508572747,1.594713556718862,0.7967956511255667,1.7278598358613035,0.5248251960147172,0.6206840100057889,32002,0.7,200,20,8,active_learning_pev,50.0,150.0,True,0.3931970128219808,0.5281988453974409,,
h2_0.70_budget_200_parents_20,highest_gebv,2,1,1000,200,0.2,1,200,200,0.6058412517327518,20,-0.13314627914244165,0.9430240904123077,2.0199492651351627,2.1530955442776043,1.931965199528542,0.47311866851354506,2.0651114786709837,0.2986989299824927,0.37759896300849505,32002,0.7,200,20,8,highest_gebv,50.0,,False,0.3931970128219808,0.6058412517327518,150.0,predicted_gebv
h2_0.70_budget_200_parents_20,random_sampling,2,2,1000,200,0.2,1,200,200,0.5801848337190267,20,1.9027517416669149,0.4854111060830262,2.867888638645568,0.9651368969786533,2.8720005666315465,0.4656847337463473,0.9692488249646316,,,32002,0.7,200,20,8,random_sampling,,,,,,,
h2_0.70_budget_200_parents_20,fixed_sampling,2,2,1000,200,0.2,1,200,200,0.5460741692770739,20,1.9027517416669149,0.4854111060830262,3.106287318506888,1.2035355768399731,3.099752341874641,0.4545284282520975,1.1970006002077263,,,32002,0.7,200,20,8,fixed_sampling,,,,,,,
h2_0.70_budget_200_parents_20,diversity_sampling,2,2,1000,200,0.2,1,200,200,0.5928866304274001,20,1.9027517416669149,0.4854111060830262,3.094333937675076,1.1915821960081612,3.0665608780053994,0.4360110089506559,1.1638091363384846,,,32002,0.7,200,20,8,diversity_sampling,,,,,,,
h2_0.70_budget_200_parents_20,active_learning_pev,2,2,1000,200,0.2,1,200,200,0.5834956444903371,20,1.902751741666915,0.48541110608302623,1.0739150728609177,-0.8288366688059974,2.96416451620361,0.3824708431152402,1.0614127745366948,0.4019411699846387,0.49151017202530056,32002,0.7,200,20,8,active_learning_pev,50.0,150.0,True,0.28665345045860197,0.5834956444903371,,
h2_0.70_budget_200_parents_20,highest_gebv,2,2,1000,200,0.2,1,200,200,0.5433266875876185,20,1.902751741666915,0.48541110608302623,1.240667251157555,-0.6620844905093601,3.105515820138976,0.47109497768351655,1.2027640784720608,0.21305680900695734,0.3009024769999087,32002,0.7,200,20,8,highest_gebv,50.0,,False,0.28665345045860197,0.5433266875876185,150.0,predicted_gebv
h2_0.70_budget_200_parents_20,random_sampling,2,3,1000,200,0.2,1,200,200,0.6476298940113149,20,3.106408501950831,0.5250835944379217,4.309351115442504,1.2029426134916728,4.373496856074015,0.3585943744444242,1.2670883541231834,,,32002,0.7,200,20,8,random_sampling,,,,,,,
h2_0.70_budget_200_parents_20,fixed_sampling,2,3,1000,200,0.2,1,200,200,0.6773684569035605,20,3.106408501950831,0.5250835944379217,4.264333715573824,1.1579252136229927,4.2580613065211965,0.4644254554346718,1.1516528045703653,,,32002,0.7,200,20,8,fixed_sampling,,,,,,,
h2_0.70_budget_200_parents_20,diversity_sampling,2,3,1000,200,0.2,1,200,200,0.7071387025617404,20,3.106408501950831,0.5250835944379217,4.488034789291413,1.3816262873405822,4.4934466495010525,0.41605176836508995,1.3870381475502214,,,32002,0.7,200,20,8,diversity_sampling,,,,,,,
h2_0.70_budget_200_parents_20,active_learning_pev,2,3,1000,200,0.2,1,200,200,0.683890251020359,20,3.106408501950831,0.5250835944379217,1.2331667353010096,-1.8732417666498216,4.323594230771034,0.49323048193267977,1.217185728820203,0.43472308199852705,0.5063066750008147,32002,0.7,200,20,8,active_learning_pev,50.0,150.0,True,0.3178294360011209,0.683890251020359,,
h2_0.70_budget_200_parents_20,highest_gebv,2,3,1000,200,0.2,1,200,200,0.7052722497405005,20,3.106408501950831,0.5250835944379217,1.1687298817259903,-1.9376786202248408,4.247091068547259,0.38125471766999275,1.1406825665964275,0.19110023899702355,0.30057391899754293,32002,0.7,200,20,8,highest_gebv,50.0,,False,0.3178294360011209,0.7052722497405005,150.0,predicted_gebv
h2_0.70_budget_200_parents_20,random_sampling,2,4,1000,200,0.2,1,200,200,0.6765464824549816,20,4.489693682092961,0.46620965740031756,5.370889138120212,0.8811954560272515,5.370750979336273,0.21966269460905,0.8810572972433119,,,32002,0.7,200,20,8,random_sampling,,,,,,,
h2_0.70_budget_200_parents_20,fixed_sampling,2,4,1000,200,0.2,1,200,200,0.6602995989212366,20,4.489693682092961,0.46620965740031756,5.446540438916098,0.9568467568231371,5.437526306246205,0.23060095847849044,0.9478326241532447,,,32002,0.7,200,20,8,fixed_sampling,,,,,,,
h2_0.70_budget_200_parents_20,diversity_sampling,2,4,1000,200,0.2,1,200,200,0.6965197183760302,20,4.489693682092961,0.46620965740031756,5.682961420983709,1.1932677388907482,5.72937449785334,0.19691472608911417,1.2396808157603791,,,32002,0.7,200,20,8,diversity_sampling,,,,,,,
h2_0.70_budget_200_parents_20,active_learning_pev,2,4,1000,200,0.2,1,200,200,0.7114006102760023,20,4.489693682092961,0.4662096574003175,1.2113133093729194,-3.2783803727200413,5.719095163860937,0.16699348075118658,1.229401481767976,0.467472334014019,0.5608950910100248,32002,0.7,200,20,8,active_learning_pev,50.0,150.0,True,0.48758290987635333,0.7114006102760023,,
h2_0.70_budget_200_parents_20,highest_gebv,2,4,1000,200,0.2,1,200,200,0.6902112105896621,20,4.489693682092961,0.4662096574003175,1.24544777251724,-3.244245909575721,5.741959732935787,0.1253990339156618,1.2522660508428265,0.1652469300024677,0.25115606500185095,32002,0.7,200,20,8,highest_gebv,50.0,,False,0.48758290987635333,0.6902112105896621,150.0,predicted_gebv
h2_0.70_budget_200_parents_20,random_sampling,2,5,1000,200,0.2,1,200,200,0.5360507932357234,20,5.7442739689444435,0.13887134053561281,6.141565788567485,0.3972918196230415,6.152260616100495,0.10912652485303966,0.4079866471560516,,,32002,0.7,200,20,8,random_sampling,,,,,,,
h2_0.70_budget_200_parents_20,fixed_sampling,2,5,1000,200,0.2,1,200,200,0.5498171620576561,20,5.7442739689444435,0.13887134053561281,6.1617943014729315,0.41752033252848797,6.153593915847144,0.08752526895185014,0.40931994690270024,,,32002,0.7,200,20,8,fixed_sampling,,,,,,,
h2_0.70_budget_200_parents_20,diversity_sampling,2,5,1000,200,0.2,1,200,200,0.5423100753766554,20,5.7442739689444435,0.13887134053561281,5.989063241722254,0.24478927277781004,6.0001507681641515,0.08431610104046162,0.25587679921970796,,,32002,0.7,200,20,8,diversity_sampling,,,,,,,
h2_0.70_budget_200_parents_20,active_learning_pev,2,5,1000,200,0.2,1,200,200,0.4432381141518396,20,5.7442739689444435,0.13887134053561281,0.19499216205425388,-5.54928180689019,5.936548091161236,0.09142156710141226,0.19227412221679252,0.3282311820075847,0.47050469199893996,32002,0.7,200,20,8,active_learning_pev,50.0,150.0,True,0.2845131662810247,0.4432381141518396,,
h2_0.70_budget_200_parents_20,highest_gebv,2,5,1000,200,0.2,1,200,200,0.24066066629262514,20,5.7442739689444435,0.13887134053561281,0.25512166555409876,-5.489152303390345,5.990312442100376,0.0885179196102896,0.24603847315593264,0.16022574400994927,0.25047334301052615,32002,0.7,200,20,8,highest_gebv,50.0,,False,0.2845131662810247,0.24066066629262514,150.0,predicted_gebv
h2_0.70_budget_200_parents_20,random_sampling,2,6,1000,200,0.2,1,200,200,0.4664204489497554,20,6.17277399140794,0.08672226479109765,6.480407101088273,0.3076331096803333,6.500371360865914,0.04152549350560473,0.32759736945797435,,,32002,0.7,200,20,8,random_sampling,,,,,,,
h2_0.70_budget_200_parents_20,fixed_sampling,2,6,1000,200,0.2,1,200,200,0.5267082140323371,20,6.17277399140794,0.08672226479109765,6.3614170348843855,0.18864304347644545,6.34562521547267,0.04636010947032156,0.17285122406472997,,,32002,0.7,200,20,8,fixed_sampling,,,,,,,
h2_0.70_budget_200_parents_20,diversity_sampling,2,6,1000,200,0.2,1,200,200,0.3526503033446298,20,6.17277399140794,0.08672226479109765,6.3537663276134495,0.18099233620550947,6.350334983054143,0.09203045709910454,0.1775609916462031,,,32002,0.7,200,20,8,diversity_sampling,,,,,,,
h2_0.70_budget_200_parents_20,active_learning_pev,2,6,1000,200,0.2,1,200,200,0.4086974557720651,20,6.172773991407939,0.08672226479109765,0.18950570414333373,-5.983268287264606,6.349453973777861,0.06228186289972109,0.17667998236992144,0.3479290779796429,0.44615780300227925,32002,0.7,200,20,8,active_learning_pev,50.0,150.0,True,0.2667908362752401,0.4086974557720651,,
h2_0.70_budget_200_parents_20,highest_gebv,2,6,1000,200,0.2,1,200,200,0.361301508802744,20,6.172773991407939,0.08672226479109765,0.270863553941031,-5.901910437466908,6.438996196497981,0.048740861002469195,0.2662222050900418,0.1509852290037088,0.24178725699312054,32002,0.7,200,20,8,highest_gebv,50.0,,False,0.2667908362752401,0.361301508802744,150.0,predicted_gebv
h2_0.70_budget_200_parents_20,random_sampling,2,7,1000,200,0.2,1,200,200,0.5204050184777029,20,6.4995281681579575,0.04624544391502817,6.632098129683617,0.13256996152565925,6.640296965295793,0.0544173588479226,0.1407687971378353,,,32002,0.7,200,20,8,random_sampling,,,,,,,
h2_0.70_budget_200_parents_20,fixed_sampling,2,7,1000,200,0.2,1,200,200,0.33916613112875044,20,6.4995281681579575,0.04624544391502817,6.61658059215951,0.11705242400155225,6.61411900218627,0.06566624942365282,0.11459083402831283,,,32002,0.7,200,20,8,fixed_sampling,,,,,,,
h2_0.70_budget_200_parents_20,diversity_sampling,2,7,1000,200,0.2,1,200,200,0.4131647952991904,20,6.4995281681579575,0.04624544391502817,6.748641687014804,0.24911351885684674,6.7409621699690385,0.06255908439762106,0.241434001811081,,,32002,0.7,200,20,8,diversity_sampling,,,,,,,
h2_0.70_budget_200_parents_20,active_learning_pev,2,7,1000,200,0.2,1,200,200,0.4615933776191158,20,6.499528168157958,0.04624544391502816,0.2256258415670458,-6.273902326590912,6.713818547265705,0.06342938514486977,0.21429037910774618,0.3065253679815214,0.3964830479817465,32002,0.7,200,20,8,active_learning_pev,50.0,150.0,True,-0.03192286714542899,0.4615933776191158,,
h2_0.70_budget_200_parents_20,highest_gebv,2,7,1000,200,0.2,1,200,200,0.24675374529309815,20,6.499528168157958,0.04624544391502816,0.08589636541735562,-6.4136318027406025,6.578442478882301,0.04780541164499133,0.0789143107243424,0.08620073401834816,0.17374127299990505,32002,0.7,200,20,8,highest_gebv,50.0,,False,-0.03192286714542899,0.24675374529309815,150.0,predicted_gebv
h2_0.70_budget_200_parents_20,random_sampling,2,8,1000,200,0.2,1,200,200,0.3192090789328306,20,6.737484312003007,0.06195441599240173,6.984324182065613,0.24683987006260644,6.960354425678204,0.07682080346816615,0.2228701136751976,,,32002,0.7,200,20,8,random_sampling,,,,,,,
h2_0.70_budget_200_parents_20,fixed_sampling,2,8,1000,200,0.2,1,200,200,0.2983277015522241,20,6.737484312003007,0.06195441599240173,6.88994419506805,0.15245988306504277,6.868272267387107,0.03307124858720098,0.13078795538410048,,,32002,0.7,200,20,8,fixed_sampling,,,,,,,
h2_0.70_budget_200_parents_20,diversity_sampling,2,8,1000,200,0.2,1,200,200,0.41798949800383756,20,6.737484312003007,0.06195441599240173,6.949050192844098,0.21156588084109096,6.94372855607235,0.06307686513376291,0.20624424406934327,,,32002,0.7,200,20,8,diversity_sampling,,,,,,,
h2_0.70_budget_200_parents_20,active_learning_pev,2,8,1000,200,0.2,1,200,200,0.3221974188520015,20,6.737484312003008,0.061954415992401736,0.16065161391163352,-6.5768326980913745,6.878444006520129,0.0345964818178988,0.14095969451712165,0.2718145049875602,0.36565267699188553,32002,0.7,200,20,8,active_learning_pev,50.0,150.0,True,0.2588826743468943,0.3221974188520015,,
h2_0.70_budget_200_parents_20,highest_gebv,2,8,1000,200,0.2,1,200,200,0.378726920997997,20,6.737484312003008,0.061954415992401736,0.24966452513997392,-6.487819786863033,6.9812497956885355,0.022061305920942426,0.24376548368552786,0.0646650170092471,0.15635251699131913,32002,0.7,200,20,8,highest_gebv,50.0,,False,0.2588826743468943,0.378726920997997,150.0,predicted_gebv
h2_0.70_budget_200_parents_20,random_sampling,3,1,1000,200,0.2,1,200,200,0.5949543054734029,20,-0.13314627914244168,0.9430240904123077,1.178411175700465,1.3115574548429065,1.1537784848386607,0.831053159832973,1.2869247639811023,,,32003,0.7,200,20,8,random_sampling,,,,,,,
h2_0.70_budget_200_parents_20,fixed_sampling,3,1,1000,200,0.2,1,200,200,0.6043411440802373,20,-0.13314627914244168,0.9430240904123077,1.3094113241349736,1.4425576032774152,1.3274257882398781,0.7454809545489939,1.4605720673823197,,,32003,0.7,200,20,8,fixed_sampling,,,,,,,
h2_0.70_budget_200_parents_20,diversity_sampling,3,1,1000,200,0.2,1,200,200,0.598724066081677,20,-0.13314627914244168,0.9430240904123077,0.9674019120128928,1.1005481911553345,0.9296186317361934,0.9200269443740486,1.062764910878635,,,32003,0.7,200,20,8,diversity_sampling,,,,,,,
h2_0.70_budget_200_parents_20,active_learning_pev,3,1,1000,200,0.2,1,200,200,0.5898841005146915,20,-0.13314627914244165,0.9430240904123077,1.8011039153670674,1.934250194509509,1.6502243618792751,0.6851012192665443,1.7833706410217167,0.5138525769871194,0.5909085809835233,32003,0.7,200,20,8,active_learning_pev,50.0,150.0,True,0.4724294640793691,0.5898841005146915,,
h2_0.70_budget_200_parents_20,highest_gebv,3,1,1000,200,0.2,1,200,200,0.5411890292808395,20,-0.13314627914244165,0.9430240904123077,2.043563566003436,2.1767098451458775,1.85563259820878,0.46117522799786265,1.9887788773512216,0.29117686400422826,0.3780276490142569,32003,0.7,200,20,8,highest_gebv,50.0,,False,0.4724294640793691,0.5411890292808395,150.0,predicted_gebv
h2_0.70_budget_200_parents_20,random_sampling,3,2,1000,200,0.2,1,200,200,0.5383632740708757,20,1.8688828063942686,0.44499897889524376,2.7249297290326195,0.8560469226383509,2.681589355444732,0.4507344769256941,0.8127065490504635,,,32003,0.7,200,20,8,random_sampling,,,,,,,
h2_0.70_budget_200_parents_20,fixed_sampling,3,2,1000,200,0.2,1,200,200,0.5557982384952793,20,1.8688828063942686,0.44499897889524376,2.7741130694877945,0.9052302630935258,2.7637901160848157,0.3511802346528819,0.8949073096905471,,,32003,0.7,200,20,8,fixed_sampling,,,,,,,
h2_0.70_budget_200_parents_20,diversity_sampling,3,2,1000,200,0.2,1,200,200,0.6227290932333295,20,1.8688828063942686,0.44499897889524376,3.0906273402533992,1.2217445338591306,3.0706106145401155,0.42492646937117,1.201727808145847,,,32003,0.7,200,20,8,diversity_sampling,,,,,,,
h2_0.70_budget_200_parents_20,active_learning_pev,3,2,1000,200,0.2,1,200,200,0.510092701210557,20,1.8688828063942688,0.4449989788952438,0.9517321431036171,-0.9171506632906518,2.8152494991694477,0.6208500894871573,0.9463666927751788,0.4939001539896708,0.5856504730181769,32003,0.7,200,20,8,active_learning_pev,50.0,150.0,True,0.12288031041268516,0.510092701210557,,
h2_0.70_budget_200_parents_20,highest_gebv,3,2,1000,200,0.2,1,200,200,0.5419740650462019,20,1.8688828063942688,0.4449989788952438,0.9602122338446876,-0.9086705725495813,2.8341113981179116,0.4846914839828105,0.9652285917236427,0.22408487598295324,0.3118967220070772,32003,0.7,200,20,8,highest_gebv,50.0,,False,0.12288031041268516,0.5419740650462019,150.0,predicted_gebv
h2_0.70_budget_200_parents_20,random_sampling,3,3,1000,200,0.2,1,200,200,0.6282143344632438,20,3.07086014841772,0.46129878257333246,4.308182274696965,1.237322126279245,4.307531813828353,0.420931549812107,1.2366716654106331,,,32003,0.7,200,20,8,random_sampling,,,,,,,
h2_0.70_budget_200_parents_20,fixed_sampling,3,3,1000,200,0.2,1,200,200,0.5994785901057541,20,3.07086014841772,0.46129878257333246,4.277255356910033,1.2063952084923133,4.268100094837684,0.42446871835558875,1.197239946419964,,,32003,0.7,200,20,8,fixed_sampling,,,,,,,
h2_0.70_budget_200_parents_20,diversity_sampling,3,3,1000,200,0.2,1,200,200,0.6595674922276648,20,3.07086014841772,0.46129878257333246,4.379849675996418,1.308989527578698,4.397883297719253,0.34467488969193444,1.327023149301533,,,32003,0.7,200,20,8,diversity_sampling,,,,,,,
h2_0.70_budget_200_parents_20,active_learning_pev,3,3,1000,200,0.2,1,200,200,0.6364068698775585,20,3.07086014841772,0.4612987825733325,1.3772371493630717,-1.6936229990546483,4.4154551262255035,0.3332940071333017,1.3445949778077835,0.3609217499906663,0.44239165500039235,32003,0.7,200,20,8,active_learning_pev,50.0,150.0,True,0.25536415798800177,0.6364068698775585,,
h2_0.70_budget_200_parents_20,highest_gebv,3,3,1000,200,0.2,1,200,200,0.6275738353502175,20,3.07086014841772,0.4612987825733325,1.3907668777268596,-1.6800932706908605,4.441426860001915,0.38112657102375797,1.3705667115841949,0.17787785999826156,0.3046966099936981,32003,0.7,200,20,8,highest_gebv,50.0,,False,0.25536415798800177,0.6275738353502175,150.0,predicted_gebv
h2_0.70_budget_200_parents_20,random_sampling,3,4,1000,200,0.2,1,200,200,0.6472847306770003,20,4.433013128596624,0.36480389243250005,5.514071608694392,1.0810584800977683,5.558290127166481,0.2459175495072067,1.1252769985698574,,,32003,0.7,200,20,8,random_sampling,,,,,,,
h2_0.70_budget_200_parents_20,fixed_sampling,3,4,1000,200,0.2,1,200,200,0.6500311573987964,20,4.433013128596624,0.36480389243250005,5.34376427546094,0.9107511468643157,5.352534739192417,0.2656902521134721,0.9195216105957931,,,32003,0.7,200,20,8,fixed_sampling,,,,,,,
h2_0.70_budget_200_parents_20,diversity_sampling,3,4,1000,200,0.2,1,200,200,0.6919038371413339,20,4.433013128596624,0.36480389243250005,5.471107083586086,1.0380939549894626,5.4580682677264205,0.2231437960077168,1.0250551391297966,,,32003,0.7,200,20,8,diversity_sampling,,,,,,,
h2_0.70_budget_200_parents_20,active_learning_pev,3,4,1000,200,0.2,1,200,200,0.5846844690366727,20,4.433013128596624,0.3648038924325001,0.866140282834327,-3.5668728457622967,5.305239420247627,0.17306070048711758,0.8722262916510033,0.3622124569956213,0.4911743540142197,32003,0.7,200,20,8,active_learning_pev,50.0,150.0,True,0.5073072794107466,0.5846844690366727,,
h2_0.70_budget_200_parents_20,highest_gebv,3,4,1000,200,0.2,1,200,200,0.6654497428663815,20,4.433013128596624,0.3648038924325001,0.9574972292194213,-3.4755158993772026,5.386300074895631,0.22671802318080525,0.9532869462990075,0.17863069599843584,0.26114973399671726,32003,0.7,200,20,8,highest_gebv,50.0,,False,0.5073072794107466,0.6654497428663815,150.0,predicted_gebv
h2_0.70_budget_200_parents_20,random_sampling,3,5,1000,200,0.2,1,200,200,0.6088318140519865,20,5.568356763323403,0.24216936648619175,6.08649949594466,0.5181427326212571,6.087744112517528,0.04387946319232102,0.5193873491941243,,,32003,0.7,200,20,8,random_sampling,,,,,,,
h2_0.70_budget_200_parents_20,fixed_sampling,3,5,1000,200,0.2,1,200,200,0.5861314414955894,20,5.568356763323403,0.24216936648619175,6.016396971813667,0.44804020849026394,6.021803382966027,0.053139908319398466,0.4534466196426239,,,32003,0.7,200,20,8,fixed_sampling,,,,,,,
h2_0.70_budget_200_parents_20,diversity_sampling,3,5,1000,200,0.2,1,200,200,0.40392427463191755,20,5.568356763323403,0.24216936648619175,5.873520784296511,0.30516402097310813,5.90140088230243,0.06358072627235893,0.33304411897902675,,,32003,0.7,200,20,8,diversity_sampling,,,,,,,
h2_0.70_budget_200_parents_20,active_learning_pev,3,5,1000,200,0.2,1,200,200,0.6566339063657404,20,5.568356763323403,0.24216936648619175,0.5924684353410725,-4.9758883279823305,6.1736553273139565,0.0445915684901444,0.6052985639905533,0.3803751220111735,0.4756237019901164,32003,0.7,200,20,8,active_learning_pev,50.0,150.0,True,0.4002608660579133,0.6566339063657404,,
h2_0.70_budget_200_parents_20,highest_gebv,3,5,1000,200,0.2,1,200,200,0.5714058239436466,20,5.568356763323403,0.24216936648619175,0.5659884819580829,-5.00236828136532,6.1334253513230435,0.03691816917269772,0.5650685879996402,0.14873466998687945,0.24533831200096756,32003,0.7,200,20,8,highest_gebv,50.0,,False,0.4002608660579133,0.5714058239436466,150.0,predicted_gebv
h2_0.70_budget_200_parents_20,random_sampling,3,6,1000,200,0.2,1,200,200,0.3239716332751685,20,6.183193808716487,0.04607550755113101,6.380266432851265,0.197072624134778,6.381689573993321,0.01467422501353644,0.1984957652768342,,,32003,0.7,200,20,8,random_sampling,,,,,,,
h2_0.70_budget_200_parents_20,fixed_sampling,3,6,1000,200,0.2,1,200,200,0.48533412070995124,20,6.183193808716487,0.04607550755113101,6.381895392576775,0.1987015838602879,6.380816512280584,0.023374665736190958,0.1976227035640976,,,32003,0.7,200,20,8,fixed_sampling,,,,,,,
h2_0.70_budget_200_parents_20,diversity_sampling,3,6,1000,200,0.2,1,200,200,0.42507277085861545,20,6.183193808716487,0.04607550755113101,6.382605984986653,0.19941217627016616,6.368599148540834,0.02427901981913301,0.1854053398243476,,,32003,0.7,200,20,8,diversity_sampling,,,,,,,
h2_0.70_budget_200_parents_20,active_learning_pev,3,6,1000,200,0.2,1,200,200,0.6265867207703076,20,6.183193808716487,0.046075507551131004,0.21938876512302907,-5.9638050435934575,6.396744619068429,0.017256170048067305,0.21355081035194257,0.30064221800421365,0.39802523198886774,32003,0.7,200,20,8,active_learning_pev,50.0,150.0,True,0.24263001574390464,0.6265867207703076,,
h2_0.70_budget_200_parents_20,highest_gebv,3,6,1000,200,0.2,1,200,200,0.38089049899406047,20,6.183193808716487,0.046075507551131004,0.1610327046763303,-6.022161104040157,6.334773792643526,0.032079531125804764,0.1515799839270393,0.10141742700943723,0.1895674680126831,32003,0.7,200,20,8,highest_gebv,50.0,,False,0.24263001574390464,0.38089049899406047,150.0,predicted_gebv
h2_0.70_budget_200_parents_20,random_sampling,3,7,1000,200,0.2,1,200,200,0.4364194649003749,20,6.397532401082217,0.017738242964744733,6.573479442723446,0.17594704164122899,6.579732621043355,0.005805479904896638,0.1822002199611381,,,32003,0.7,200,20,8,random_sampling,,,,,,,
h2_0.70_budget_200_parents_20,fixed_sampling,3,7,1000,200,0.2,1,200,200,0.28241040633245496,20,6.397532401082217,0.017738242964744733,6.474134223623458,0.0766018225412406,6.466568476088597,0.022514976070747234,0.06903607500637943,,,32003,0.7,200,20,8,fixed_sampling,,,,,,,
h2_0.70_budget_200_parents_20,diversity_sampling,3,7,1000,200,0.2,1,200,200,0.07563288222757561,20,6.397532401082217,0.017738242964744733,6.421611101609476,0.02407870052725869,6.43692704404703,0.01670398297413752,0.039394642964812654,,,32003,0.7,200,20,8,diversity_sampling,,,,,,,
h2_0.70_budget_200_parents_20,active_learning_pev,3,7,1000,200,0.2,1,200,200,-0.057940626309289936,20,6.397532401082217,0.017738242964744733,0.03302275940156794,-6.364509641680649,6.427674073769489,0.013969424031005777,0.030141672687271637,0.24785381701076403,0.3308626039943192,32003,0.7,200,20,8,active_learning_pev,50.0,150.0,True,-0.08185351635231733,-0.057940626309289936,,
h2_0.70_budget_200_parents_20,highest_gebv,3,7,1000,200,0.2,1,200,200,0.24745798715628345,20,6.397532401082217,0.017738242964744733,0.021952063896807924,-6.37558033718541,6.417372335990934,0.009277774615185462,0.019839934908716828,0.08319427899550647,0.1675305049866438,32003,0.7,200,20,8,highest_gebv,50.0,,False,-0.08185351635231733,0.24745798715628345,150.0,predicted_gebv
h2_0.70_budget_200_parents_20,random_sampling,3,8,1000,200,0.2,1,200,200,0.2296332962445852,20,6.582010597867211,0.0057771500028913295,6.6300547087680375,0.048044110900826276,6.634069654240192,0.001338680686425201,0.052059056372980805,,,32003,0.7,200,20,8,random_sampling,,,,,,,
h2_0.70_budget_200_parents_20,fixed_sampling,3,8,1000,200,0.2,1,200,200,0.5034354857776095,20,6.582010597867211,0.0057771500028913295,6.627998225780317,0.04598762791310573,6.630571510078643,0.001174102978463573,0.048560912211431884,,,32003,0.7,200,20,8,fixed_sampling,,,,,,,
h2_0.70_budget_200_parents_20,diversity_sampling,3,8,1000,200,0.2,1,200,200,0.33212006463577415,20,6.582010597867211,0.0057771500028913295,6.614742563493852,0.032731965626640935,6.611215984026715,0.0030119539986099846,0.029205386159503632,,,32003,0.7,200,20,8,diversity_sampling,,,,,,,
h2_0.70_budget_200_parents_20,active_learning_pev,3,8,1000,200,0.2,1,200,200,0.30271936173122016,20,6.582010597867211,0.005777150002891329,0.05311730811202492,-6.528893289755186,6.635099118963981,0.0013538335929417084,0.05308852109676998,0.22891051799524575,0.31842411498655565,32003,0.7,200,20,8,active_learning_pev,50.0,150.0,True,0.03186163119139574,0.30271936173122016,,
h2_0.70_budget_200_parents_20,highest_gebv,3,8,1000,200,0.2,1,200,200,0.2166093021474666,20,6.582010597867211,0.005777150002891329,0.03623116254161207,-6.545779435325599,6.614795400463182,0.0021222778058115526,0.0327848025959705,0.05647053002030589,0.13994937401730567,32003,0.7,200,20,8,highest_gebv,50.0,,False,0.03186163119139574,0.2166093021474666,150.0,predicted_gebv
