scenario,best_fixed_strategy,best_fixed_mean_total_gain,oracle_mean_total_gain,oracle_gain_advantage
h2_0.05_budget_100_pop_1000_parents_10_gen_12_loss_standard,diversity_sampling,3.4869979306777634,3.6314444750564068,0.14444654437864335
h2_0.05_budget_100_pop_1000_parents_10_gen_12_loss_strong,highest_gebv,2.704930638854062,4.176438677964045,1.4715080391099828
h2_0.05_budget_100_pop_1000_parents_10_gen_12_loss_weak,active_learning_pev,2.559483194526083,4.466763580859024,1.9072803863329413
h2_0.05_budget_100_pop_1000_parents_10_gen_5_loss_standard,highest_gebv,2.79354376412797,2.902126509325235,0.10858274519726496
h2_0.05_budget_100_pop_1000_parents_10_gen_5_loss_strong,active_learning_pev,3.118760556091606,3.391680191454481,0.2729196353628751
h2_0.05_budget_100_pop_1000_parents_10_gen_5_loss_weak,highest_gebv,3.0623409301124713,2.9431665932388396,-0.11917433687363177
h2_0.05_budget_100_pop_1000_parents_10_gen_8_loss_standard,diversity_sampling,2.57615919170663,4.130365637325503,1.5542064456188727
h2_0.05_budget_100_pop_1000_parents_10_gen_8_loss_strong,highest_gebv,2.1264151123943527,3.9290181534117514,1.8026030410173988
h2_0.05_budget_100_pop_1000_parents_10_gen_8_loss_weak,active_learning_pev,2.9297824872829232,3.4709281183569707,0.5411456310740475
h2_0.05_budget_100_pop_1000_parents_20_gen_12_loss_standard,diversity_sampling,3.2418628107328256,3.8217337817743164,0.5798709710414909
h2_0.05_budget_100_pop_1000_parents_20_gen_12_loss_strong,active_learning_pev,2.898185783106347,3.5570344960880877,0.6588487129817406
h2_0.05_budget_100_pop_1000_parents_20_gen_12_loss_weak,random_sampling,2.727973547194239,3.8546612563885714,1.1266877091943326
h2_0.05_budget_100_pop_1000_parents_20_gen_5_loss_standard,highest_gebv,2.245550518774745,3.412958069073213,1.167407550298468
h2_0.05_budget_100_pop_1000_parents_20_gen_5_loss_strong,active_learning_pev,1.9684511355602374,2.7922514892466883,0.8238003536864509
h2_0.05_budget_100_pop_1000_parents_20_gen_5_loss_weak,fixed_sampling,2.4834888390097665,3.3405183882450604,0.857029549235294
h2_0.05_budget_100_pop_1000_parents_20_gen_8_loss_standard,highest_gebv,2.7743793688721055,4.309820815451967,1.5354414465798611
h2_0.05_budget_100_pop_1000_parents_20_gen_8_loss_strong,highest_gebv,2.968235951442851,4.144531074022047,1.1762951225791958
h2_0.05_budget_100_pop_1000_parents_20_gen_8_loss_weak,diversity_sampling,2.9274277640879682,4.356486974549169,1.4290592104612005
h2_0.05_budget_100_pop_1000_parents_40_gen_12_loss_standard,highest_gebv,3.1847269201948856,4.485825769121463,1.3010988489265771
h2_0.05_budget_100_pop_1000_parents_40_gen_12_loss_strong,diversity_sampling,3.025946053360066,3.9708333192636798,0.9448872659036138
h2_0.05_budget_100_pop_1000_parents_40_gen_12_loss_weak,diversity_sampling,3.432990111674028,5.086406490303358,1.65341637862933
h2_0.05_budget_100_pop_1000_parents_40_gen_5_loss_standard,fixed_sampling,2.0101903802928605,3.806318247984246,1.7961278676913857
h2_0.05_budget_100_pop_1000_parents_40_gen_5_loss_strong,highest_gebv,2.785502808275702,3.296418038082742,0.5109152298070399
h2_0.05_budget_100_pop_1000_parents_40_gen_5_loss_weak,highest_gebv,2.193285103853672,2.978225489315617,0.7849403854619452
h2_0.05_budget_100_pop_1000_parents_40_gen_8_loss_standard,fixed_sampling,2.969786249324398,3.982823380224985,1.013037130900587
h2_0.05_budget_100_pop_1000_parents_40_gen_8_loss_strong,highest_gebv,3.0909627458885853,4.213781585721478,1.122818839832893
h2_0.05_budget_100_pop_1000_parents_40_gen_8_loss_weak,highest_gebv,2.7293594673311397,3.9381450690429536,1.208785601711814
h2_0.05_budget_100_pop_500_parents_10_gen_12_loss_standard,diversity_sampling,2.240295084284218,3.305757392978007,1.0654623086937889
h2_0.05_budget_100_pop_500_parents_10_gen_12_loss_strong,highest_gebv,2.505282756289153,3.9842003082763866,1.4789175519872337
h2_0.05_budget_100_pop_500_parents_10_gen_12_loss_weak,active_learning_pev,3.531630199699233,3.068039691102848,-0.46359050859638495
h2_0.05_budget_100_pop_500_parents_10_gen_5_loss_standard,active_learning_pev,2.853153747985344,3.1770231566221585,0.32386940863681435
h2_0.05_budget_100_pop_500_parents_10_gen_5_loss_strong,highest_gebv,1.8416311492651587,2.8188691313618324,0.9772379820966737
h2_0.05_budget_100_pop_500_parents_10_gen_5_loss_weak,highest_gebv,2.7482192314462277,2.85743230016419,0.10921306871796244
h2_0.05_budget_100_pop_500_parents_10_gen_8_loss_standard,diversity_sampling,2.5167300695866737,3.6917915554776912,1.1750614858910176
h2_0.05_budget_100_pop_500_parents_10_gen_8_loss_strong,highest_gebv,2.664686500858028,4.299564777797374,1.6348782769393462
h2_0.05_budget_100_pop_500_parents_10_gen_8_loss_weak,highest_gebv,2.388537456359779,3.4457371277582367,1.0571996713984575
h2_0.05_budget_100_pop_500_parents_20_gen_12_loss_standard,active_learning_pev,3.4811967707603793,4.263392870423956,0.7821960996635764
h2_0.05_budget_100_pop_500_parents_20_gen_12_loss_strong,fixed_sampling,2.1524758474848826,3.2108880360666787,1.058412188581796
h2_0.05_budget_100_pop_500_parents_20_gen_12_loss_weak,active_learning_pev,3.5929864306053836,3.3748403276082404,-0.2181461029971432
h2_0.05_budget_100_pop_500_parents_20_gen_5_loss_standard,active_learning_pev,2.351553004779451,2.9554253110424704,0.6038723062630194
h2_0.05_budget_100_pop_500_parents_20_gen_5_loss_strong,diversity_sampling,2.291080958851586,3.004010021265253,0.712929062413667
h2_0.05_budget_100_pop_500_parents_20_gen_5_loss_weak,highest_gebv,2.048057437412139,3.328931784832377,1.2808743474202382
h2_0.05_budget_100_pop_500_parents_20_gen_8_loss_standard,highest_gebv,2.4865124340754186,4.256172021245514,1.7696595871700955
h2_0.05_budget_100_pop_500_parents_20_gen_8_loss_strong,active_learning_pev,2.651460844267557,2.739030921784859,0.08757007751730228
h2_0.05_budget_100_pop_500_parents_20_gen_8_loss_weak,fixed_sampling,2.781721761308179,4.024078958805749,1.24235719749757
h2_0.05_budget_100_pop_500_parents_40_gen_12_loss_standard,active_learning_pev,3.171769292750048,3.5888067431776953,0.4170374504276473
h2_0.05_budget_100_pop_500_parents_40_gen_12_loss_strong,random_sampling,2.2162521594957973,3.702690722326658,1.4864385628308607
h2_0.05_budget_100_pop_500_parents_40_gen_12_loss_weak,diversity_sampling,3.5116079182412663,4.680711849532843,1.1691039312915765
h2_0.05_budget_100_pop_500_parents_40_gen_5_loss_standard,diversity_sampling,1.8303144539764877,2.3397681569360893,0.5094537029596016
h2_0.05_budget_100_pop_500_parents_40_gen_5_loss_strong,fixed_sampling,1.833534858116104,2.900969351805715,1.0674344936896112
h2_0.05_budget_100_pop_500_parents_40_gen_5_loss_weak,highest_gebv,1.9883805785730055,3.029928853835735,1.0415482752627294
h2_0.05_budget_100_pop_500_parents_40_gen_8_loss_standard,diversity_sampling,2.4658152259524244,3.8996886283270755,1.433873402374651
h2_0.05_budget_100_pop_500_parents_40_gen_8_loss_strong,diversity_sampling,3.455529228185656,2.93642827505971,-0.5191009531259461
h2_0.05_budget_100_pop_500_parents_40_gen_8_loss_weak,active_learning_pev,2.56572764370116,4.059473743556484,1.4937460998553238
h2_0.05_budget_200_pop_1000_parents_10_gen_12_loss_standard,active_learning_pev,3.606157376327386,3.6837834752713143,0.07762609894392813
h2_0.05_budget_200_pop_1000_parents_10_gen_12_loss_strong,active_learning_pev,2.998580181315502,3.543590676052208,0.5450104947367058
h2_0.05_budget_200_pop_1000_parents_10_gen_12_loss_weak,highest_gebv,3.424574307074432,3.6955713344747565,0.2709970274003246
h2_0.05_budget_200_pop_1000_parents_10_gen_5_loss_standard,highest_gebv,3.025768103906668,3.547393142742091,0.5216250388354231
h2_0.05_budget_200_pop_1000_parents_10_gen_5_loss_strong,highest_gebv,2.751516468154636,3.449098679341363,0.6975822111867269
h2_0.05_budget_200_pop_1000_parents_10_gen_5_loss_weak,active_learning_pev,2.6899639289391124,3.754910731338587,1.0649468023994748
h2_0.05_budget_200_pop_1000_parents_10_gen_8_loss_standard,diversity_sampling,3.1929495862430817,3.4468851084370224,0.2539355221939408
h2_0.05_budget_200_pop_1000_parents_10_gen_8_loss_strong,active_learning_pev,2.7295495285305424,2.9691443261328128,0.23959479760227032
h2_0.05_budget_200_pop_1000_parents_10_gen_8_loss_weak,highest_gebv,2.758120803415753,4.11191763717127,1.3537968337555166
h2_0.05_budget_200_pop_1000_parents_20_gen_12_loss_standard,highest_gebv,3.7004998182973257,3.26256122408167,-0.43793859421565573
h2_0.05_budget_200_pop_1000_parents_20_gen_12_loss_strong,diversity_sampling,2.90171756424177,4.056548395493751,1.154830831251981
h2_0.05_budget_200_pop_1000_parents_20_gen_12_loss_weak,highest_gebv,3.4506848581611784,3.8290324272611174,0.37834756909993894
h2_0.05_budget_200_pop_1000_parents_20_gen_5_loss_standard,fixed_sampling,2.4258402413863154,2.9013763090638016,0.47553606767748624
h2_0.05_budget_200_pop_1000_parents_20_gen_5_loss_strong,diversity_sampling,2.9197469955374102,3.5423893274699565,0.6226423319325463
h2_0.05_budget_200_pop_1000_parents_20_gen_5_loss_weak,active_learning_pev,2.4632485792358865,3.1312788099569087,0.6680302307210222
h2_0.05_budget_200_pop_1000_parents_20_gen_8_loss_standard,diversity_sampling,2.7949692168434956,3.853513254562712,1.0585440377192166
h2_0.05_budget_200_pop_1000_parents_20_gen_8_loss_strong,fixed_sampling,3.283657994805377,3.17328175200177,-0.11037624280360703
h2_0.05_budget_200_pop_1000_parents_20_gen_8_loss_weak,diversity_sampling,3.64839073585593,4.753642468944421,1.1052517330884912
h2_0.05_budget_200_pop_1000_parents_40_gen_12_loss_standard,highest_gebv,3.4009321347194703,4.194963762994035,0.7940316282745643
h2_0.05_budget_200_pop_1000_parents_40_gen_12_loss_strong,highest_gebv,3.6945836218516064,5.190549433010122,1.4959658111585155
h2_0.05_budget_200_pop_1000_parents_40_gen_12_loss_weak,active_learning_pev,4.474061126603988,4.940515397744996,0.466454271141008
h2_0.05_budget_200_pop_1000_parents_40_gen_5_loss_standard,highest_gebv,2.5805135088728997,3.1402352807837612,0.5597217719108616
h2_0.05_budget_200_pop_1000_parents_40_gen_5_loss_strong,fixed_sampling,2.942343678961212,2.8356145353876907,-0.10672914357352115
h2_0.05_budget_200_pop_1000_parents_40_gen_5_loss_weak,diversity_sampling,1.8099613214913386,3.745354958852232,1.9353936373608935
h2_0.05_budget_200_pop_1000_parents_40_gen_8_loss_standard,highest_gebv,3.152154890865526,4.0535055457100215,0.9013506548444954
h2_0.05_budget_200_pop_1000_parents_40_gen_8_loss_strong,diversity_sampling,3.308415771652706,4.172072930492244,0.8636571588395383
h2_0.05_budget_200_pop_1000_parents_40_gen_8_loss_weak,diversity_sampling,3.5439849501574763,3.9799541606071007,0.43596921044962444
h2_0.05_budget_200_pop_500_parents_10_gen_12_loss_standard,random_sampling,3.121306175245298,4.070138781143666,0.9488326058983683
h2_0.05_budget_200_pop_500_parents_10_gen_12_loss_strong,diversity_sampling,3.416829687140776,4.049418732890914,0.6325890457501382
h2_0.05_budget_200_pop_500_parents_10_gen_12_loss_weak,random_sampling,3.339783648801381,3.9857117264522297,0.6459280776508489
h2_0.05_budget_200_pop_500_parents_10_gen_5_loss_standard,highest_gebv,2.729685341739875,3.377109800847885,0.6474244591080098
h2_0.05_budget_200_pop_500_parents_10_gen_5_loss_strong,random_sampling,2.464948230635706,3.495128399859811,1.030180169224105
h2_0.05_budget_200_pop_500_parents_10_gen_5_loss_weak,random_sampling,2.9392980409871483,2.9987340818752704,0.059436040888122044
h2_0.05_budget_200_pop_500_parents_10_gen_8_loss_standard,random_sampling,3.3421037722900677,3.4056215472840443,0.0635177749939766
h2_0.05_budget_200_pop_500_parents_10_gen_8_loss_strong,active_learning_pev,2.7290501507120095,3.6924865655553254,0.9634364148433159
h2_0.05_budget_200_pop_500_parents_10_gen_8_loss_weak,highest_gebv,3.183613743083161,3.3157612114955,0.13214746841233893
h2_0.05_budget_200_pop_500_parents_20_gen_12_loss_standard,active_learning_pev,3.035047252581247,4.367646320963549,1.3325990683823017
h2_0.05_budget_200_pop_500_parents_20_gen_12_loss_strong,diversity_sampling,3.3157637070256047,4.076439329041652,0.7606756220160475
h2_0.05_budget_200_pop_500_parents_20_gen_12_loss_weak,diversity_sampling,3.6266719327497317,4.274427262226956,0.6477553294772243
h2_0.05_budget_200_pop_500_parents_20_gen_5_loss_standard,random_sampling,2.3493189279220292,3.565118435455908,1.2157995075338786
h2_0.05_budget_200_pop_500_parents_20_gen_5_loss_strong,diversity_sampling,2.985741392892608,2.9689358231219063,-0.01680556977070191
h2_0.05_budget_200_pop_500_parents_20_gen_5_loss_weak,highest_gebv,2.7750050581030465,3.5053963542322415,0.730391296129195
h2_0.05_budget_200_pop_500_parents_20_gen_8_loss_standard,active_learning_pev,3.1094465524283748,3.9933923321955707,0.8839457797671959
h2_0.05_budget_200_pop_500_parents_20_gen_8_loss_strong,active_learning_pev,2.692425426496173,3.7453805112890195,1.0529550847928464
h2_0.05_budget_200_pop_500_parents_20_gen_8_loss_weak,highest_gebv,3.2485966138416713,4.347482874300312,1.0988862604586411
h2_0.05_budget_200_pop_500_parents_40_gen_12_loss_standard,highest_gebv,3.836223594261107,4.615349085712704,0.7791254914515968
h2_0.05_budget_200_pop_500_parents_40_gen_12_loss_strong,active_learning_pev,3.134254510987977,4.750076668797199,1.6158221578092218
h2_0.05_budget_200_pop_500_parents_40_gen_12_loss_weak,random_sampling,3.800771623463275,4.5205371820573275,0.7197655585940526
h2_0.05_budget_200_pop_500_parents_40_gen_5_loss_standard,fixed_sampling,2.510657444546709,3.055432889386861,0.5447754448401523
h2_0.05_budget_200_pop_500_parents_40_gen_5_loss_strong,diversity_sampling,2.3637937871142576,2.713076283018637,0.34928249590437943
h2_0.05_budget_200_pop_500_parents_40_gen_5_loss_weak,active_learning_pev,2.5668654230167687,2.99074350820225,0.42387808518548153
h2_0.05_budget_200_pop_500_parents_40_gen_8_loss_standard,highest_gebv,3.5786511108351924,4.035200049181214,0.45654893834602195
h2_0.05_budget_200_pop_500_parents_40_gen_8_loss_strong,random_sampling,3.4447802783528503,3.770462717196098,0.32568243884324755
h2_0.05_budget_200_pop_500_parents_40_gen_8_loss_weak,active_learning_pev,2.9531667379989788,4.750832034232752,1.797665296233773
h2_0.05_budget_75_pop_1000_parents_10_gen_12_loss_standard,fixed_sampling,2.8018370640516643,3.033022698156682,0.2311856341050178
h2_0.05_budget_75_pop_1000_parents_10_gen_12_loss_strong,diversity_sampling,2.01067088206062,4.042150587950301,2.0314797058896814
h2_0.05_budget_75_pop_1000_parents_10_gen_12_loss_weak,highest_gebv,2.38397676338618,3.54656634634514,1.1625895829589599
h2_0.05_budget_75_pop_1000_parents_10_gen_5_loss_standard,diversity_sampling,2.2299456368003887,3.4752053933061418,1.245259756505753
h2_0.05_budget_75_pop_1000_parents_10_gen_5_loss_strong,fixed_sampling,2.289146289769975,2.986377442583286,0.6972311528133113
h2_0.05_budget_75_pop_1000_parents_10_gen_5_loss_weak,diversity_sampling,3.1134621353288847,3.142502183607313,0.0290400482784281
h2_0.05_budget_75_pop_1000_parents_10_gen_8_loss_standard,fixed_sampling,2.325042957014747,3.025002656169395,0.6999596991546482
h2_0.05_budget_75_pop_1000_parents_10_gen_8_loss_strong,highest_gebv,2.1708428321295052,3.5193176071546723,1.348474775025167
h2_0.05_budget_75_pop_1000_parents_10_gen_8_loss_weak,diversity_sampling,3.1754174535516984,2.2320799892080854,-0.943337464343613
h2_0.05_budget_75_pop_1000_parents_20_gen_12_loss_standard,active_learning_pev,3.152048579178949,3.4631438508093972,0.31109527163044826
h2_0.05_budget_75_pop_1000_parents_20_gen_12_loss_strong,diversity_sampling,2.772115636534638,3.929593816881719,1.1574781803470806
h2_0.05_budget_75_pop_1000_parents_20_gen_12_loss_weak,highest_gebv,3.2806023984421047,4.266462443225372,0.985860044783267
h2_0.05_budget_75_pop_1000_parents_20_gen_5_loss_standard,highest_gebv,2.572584308538285,2.8762972371298954,0.30371292859161025
h2_0.05_budget_75_pop_1000_parents_20_gen_5_loss_strong,highest_gebv,2.1413315413887344,3.084065465029376,0.9427339236406418
h2_0.05_budget_75_pop_1000_parents_20_gen_5_loss_weak,random_sampling,1.9284015102028302,2.663895048516969,0.7354935383141386
h2_0.05_budget_75_pop_1000_parents_20_gen_8_loss_standard,diversity_sampling,3.3927601876596944,3.3868997766436677,-0.005860411016026745
h2_0.05_budget_75_pop_1000_parents_20_gen_8_loss_strong,diversity_sampling,3.0514459954223887,3.748418252783958,0.6969722573615691
h2_0.05_budget_75_pop_1000_parents_20_gen_8_loss_weak,diversity_sampling,2.6016119071078108,3.2984481265437613,0.6968362194359505
h2_0.05_budget_75_pop_1000_parents_40_gen_12_loss_standard,diversity_sampling,2.9466247412967532,4.946500591818189,1.9998758505214353
h2_0.05_budget_75_pop_1000_parents_40_gen_12_loss_strong,random_sampling,2.794185734423362,5.10143557138558,2.3072498369622183
h2_0.05_budget_75_pop_1000_parents_40_gen_12_loss_weak,diversity_sampling,2.9308928667556717,4.345198066359373,1.4143051996037013
h2_0.05_budget_75_pop_1000_parents_40_gen_5_loss_standard,active_learning_pev,2.0521832911621694,2.6027183599536805,0.5505350687915112
h2_0.05_budget_75_pop_1000_parents_40_gen_5_loss_strong,diversity_sampling,2.468540163177826,3.3692898710632657,0.9007497078854398
h2_0.05_budget_75_pop_1000_parents_40_gen_5_loss_weak,fixed_sampling,1.7652103339243155,3.2307794803655834,1.465569146441268
h2_0.05_budget_75_pop_1000_parents_40_gen_8_loss_standard,diversity_sampling,2.5442120105122523,3.9644901073346617,1.4202780968224094
h2_0.05_budget_75_pop_1000_parents_40_gen_8_loss_strong,diversity_sampling,2.3250734840165044,3.999055111831851,1.6739816278153468
h2_0.05_budget_75_pop_1000_parents_40_gen_8_loss_weak,diversity_sampling,2.9279625337042794,3.5568468146499828,0.6288842809457034
h2_0.05_budget_75_pop_500_parents_10_gen_12_loss_standard,diversity_sampling,3.222398320228152,3.291585210752633,0.06918689052448102
h2_0.05_budget_75_pop_500_parents_10_gen_12_loss_strong,active_learning_pev,2.396350576945157,3.615347230689178,1.2189966537440209
h2_0.05_budget_75_pop_500_parents_10_gen_12_loss_weak,fixed_sampling,2.7882227417936316,3.7554419417387854,0.9672191999451538
h2_0.05_budget_75_pop_500_parents_10_gen_5_loss_standard,highest_gebv,2.2992731968882167,3.1760780115252545,0.8768048146370377
h2_0.05_budget_75_pop_500_parents_10_gen_5_loss_strong,random_sampling,2.3607796191442296,3.1872667116429505,0.8264870924987209
h2_0.05_budget_75_pop_500_parents_10_gen_5_loss_weak,diversity_sampling,2.5708393187140848,3.1981050975748038,0.627265778860719
h2_0.05_budget_75_pop_500_parents_10_gen_8_loss_standard,highest_gebv,2.7416783133198805,2.990742956587329,0.24906464326744837
h2_0.05_budget_75_pop_500_parents_10_gen_8_loss_strong,fixed_sampling,2.1741481610548483,3.04160028636581,0.8674521253109617
h2_0.05_budget_75_pop_500_parents_10_gen_8_loss_weak,highest_gebv,2.9182392316060013,3.2898644915723296,0.37162525996632834
h2_0.05_budget_75_pop_500_parents_20_gen_12_loss_standard,active_learning_pev,2.544527670575363,3.341651388370897,0.7971237177955337
h2_0.05_budget_75_pop_500_parents_20_gen_12_loss_strong,active_learning_pev,2.061327487537544,3.794733518374064,1.73340603083652
h2_0.05_budget_75_pop_500_parents_20_gen_12_loss_weak,diversity_sampling,2.71661758283862,4.395257016284337,1.6786394334457175
h2_0.05_budget_75_pop_500_parents_20_gen_5_loss_standard,active_learning_pev,2.3816559671776396,2.8000829738377995,0.41842700666015986
h2_0.05_budget_75_pop_500_parents_20_gen_5_loss_strong,random_sampling,1.6408884591217305,3.4214192656818696,1.780530806560139
h2_0.05_budget_75_pop_500_parents_20_gen_5_loss_weak,active_learning_pev,2.5670860056205616,2.9600653875548186,0.3929793819342571
h2_0.05_budget_75_pop_500_parents_20_gen_8_loss_standard,active_learning_pev,2.7124960817470876,4.06601263810919,1.3535165563621026
h2_0.05_budget_75_pop_500_parents_20_gen_8_loss_strong,highest_gebv,2.1294016187992253,3.6607541394660807,1.5313525206668555
h2_0.05_budget_75_pop_500_parents_20_gen_8_loss_weak,highest_gebv,2.538794320726066,4.544135781716025,2.005341460989959
h2_0.05_budget_75_pop_500_parents_40_gen_12_loss_standard,random_sampling,2.353003700467371,4.561473824102019,2.208470123634648
h2_0.05_budget_75_pop_500_parents_40_gen_12_loss_strong,active_learning_pev,3.452745039997976,3.7419979402612635,0.2892529002632873
h2_0.05_budget_75_pop_500_parents_40_gen_12_loss_weak,diversity_sampling,2.7868559461177242,4.256500169346717,1.4696442232289928
h2_0.05_budget_75_pop_500_parents_40_gen_5_loss_standard,random_sampling,2.1600882599688904,2.8982325044678716,0.7381442444989812
h2_0.05_budget_75_pop_500_parents_40_gen_5_loss_strong,active_learning_pev,1.4902063192981192,2.0560910246301543,0.565884705332035
h2_0.05_budget_75_pop_500_parents_40_gen_5_loss_weak,diversity_sampling,1.7164893337759457,2.2254692539679923,0.5089799201920466
h2_0.05_budget_75_pop_500_parents_40_gen_8_loss_standard,diversity_sampling,2.122341935249059,2.773804121244007,0.6514621859949479
h2_0.05_budget_75_pop_500_parents_40_gen_8_loss_strong,active_learning_pev,2.6814390786245017,3.571962515184129,0.8905234365596275
h2_0.05_budget_75_pop_500_parents_40_gen_8_loss_weak,diversity_sampling,4.110140018627216,3.710460749683526,-0.3996792689436899
h2_0.10_budget_100_pop_1000_parents_10_gen_12_loss_standard,fixed_sampling,3.133469522398917,3.2286251214873367,0.09515559908841986
h2_0.10_budget_100_pop_1000_parents_10_gen_12_loss_strong,diversity_sampling,3.8221022511713727,3.7629299026207144,-0.05917234855065834
h2_0.10_budget_100_pop_1000_parents_10_gen_12_loss_weak,active_learning_pev,2.711899925506666,3.6683412214231894,0.9564412959165236
h2_0.10_budget_100_pop_1000_parents_10_gen_5_loss_standard,fixed_sampling,3.0292026799157354,3.1811029686417718,0.15190028872603634
h2_0.10_budget_100_pop_1000_parents_10_gen_5_loss_strong,active_learning_pev,3.722537914291864,4.198335742491659,0.47579782819979544
h2_0.10_budget_100_pop_1000_parents_10_gen_5_loss_weak,active_learning_pev,2.7368159854562943,3.2023295962696317,0.4655136108133373
h2_0.10_budget_100_pop_1000_parents_10_gen_8_loss_standard,fixed_sampling,3.4309149325992627,2.8525664521288445,-0.5783484804704182
h2_0.10_budget_100_pop_1000_parents_10_gen_8_loss_strong,highest_gebv,3.1821935980223235,5.100394299637653,1.9182007016153295
h2_0.10_budget_100_pop_1000_parents_10_gen_8_loss_weak,active_learning_pev,3.359332177304708,3.8001077148309634,0.4407755375262554
h2_0.10_budget_100_pop_1000_parents_20_gen_12_loss_standard,diversity_sampling,4.745068533247326,4.311000469476323,-0.4340680637710035
h2_0.10_budget_100_pop_1000_parents_20_gen_12_loss_strong,random_sampling,3.265869924978499,2.9739108108410295,-0.29195911413746956
h2_0.10_budget_100_pop_1000_parents_20_gen_12_loss_weak,active_learning_pev,3.925226996994258,4.8905614239123265,0.9653344269180684
h2_0.10_budget_100_pop_1000_parents_20_gen_5_loss_standard,highest_gebv,3.6152173874860343,3.152136094497422,-0.46308129298861234
h2_0.10_budget_100_pop_1000_parents_20_gen_5_loss_strong,highest_gebv,2.6539582170856,3.738313748054548,1.0843555309689479
h2_0.10_budget_100_pop_1000_parents_20_gen_5_loss_weak,active_learning_pev,2.9593615625891303,3.0862754425018886,0.12691387991275827
h2_0.10_budget_100_pop_1000_parents_20_gen_8_loss_standard,highest_gebv,4.050362860352469,3.956717319339037,-0.09364554101343225
h2_0.10_budget_100_pop_1000_parents_20_gen_8_loss_strong,diversity_sampling,3.321883885210628,3.9417685134941105,0.6198846282834825
h2_0.10_budget_100_pop_1000_parents_20_gen_8_loss_weak,active_learning_pev,3.2674794536963137,4.665286896331017,1.397807442634703
h2_0.10_budget_100_pop_1000_parents_40_gen_12_loss_standard,diversity_sampling,3.5667412336592084,4.3602254376866085,0.7934842040274002
h2_0.10_budget_100_pop_1000_parents_40_gen_12_loss_strong,fixed_sampling,3.862815220996474,4.902022501036997,1.0392072800405234
h2_0.10_budget_100_pop_1000_parents_40_gen_12_loss_weak,active_learning_pev,3.9663000889482025,4.537356225117241,0.5710561361690387
h2_0.10_budget_100_pop_1000_parents_40_gen_5_loss_standard,active_learning_pev,2.6481219685852024,3.3136883777557693,0.6655664091705669
h2_0.10_budget_100_pop_1000_parents_40_gen_5_loss_strong,diversity_sampling,2.983729132558722,3.681467670371621,0.6977385378128989
h2_0.10_budget_100_pop_1000_parents_40_gen_5_loss_weak,active_learning_pev,3.251255378842723,2.978956874021702,-0.27229850482102114
h2_0.10_budget_100_pop_1000_parents_40_gen_8_loss_standard,highest_gebv,3.7261956292637524,4.997686163789482,1.27149053452573
h2_0.10_budget_100_pop_1000_parents_40_gen_8_loss_strong,active_learning_pev,3.2301881521011673,4.425421625514301,1.1952334734131336
h2_0.10_budget_100_pop_1000_parents_40_gen_8_loss_weak,active_learning_pev,3.7086935531420266,4.496327083815907,0.7876335306738804
h2_0.10_budget_100_pop_500_parents_10_gen_12_loss_standard,active_learning_pev,3.6387836137703076,4.542281775820257,0.9034981620499494
h2_0.10_budget_100_pop_500_parents_10_gen_12_loss_strong,active_learning_pev,3.417859744760076,4.411759668541011,0.9938999237809352
h2_0.10_budget_100_pop_500_parents_10_gen_12_loss_weak,diversity_sampling,3.6954305931824556,3.485251677501205,-0.2101789156812508
h2_0.10_budget_100_pop_500_parents_10_gen_5_loss_standard,highest_gebv,2.9269662527648013,4.051809262555053,1.1248430097902515
h2_0.10_budget_100_pop_500_parents_10_gen_5_loss_strong,diversity_sampling,2.867464059637465,4.400440561385942,1.5329765017484767
h2_0.10_budget_100_pop_500_parents_10_gen_5_loss_weak,diversity_sampling,3.3023579494337483,3.1067120160822292,-0.19564593335151903
h2_0.10_budget_100_pop_500_parents_10_gen_8_loss_standard,highest_gebv,2.944290774397233,3.572081258884849,0.6277904844876159
h2_0.10_budget_100_pop_500_parents_10_gen_8_loss_strong,diversity_sampling,3.1535007217779665,3.6381988277332247,0.4846981059552582
h2_0.10_budget_100_pop_500_parents_10_gen_8_loss_weak,active_learning_pev,2.626805685601276,4.702419557425928,2.0756138718246526
h2_0.10_budget_100_pop_500_parents_20_gen_12_loss_standard,diversity_sampling,3.72333253142619,4.054506224941254,0.3311736935150642
h2_0.10_budget_100_pop_500_parents_20_gen_12_loss_strong,active_learning_pev,2.905019141094659,3.710892463249936,0.8058733221552772
h2_0.10_budget_100_pop_500_parents_20_gen_12_loss_weak,diversity_sampling,3.775698915405012,4.430399824258526,0.6547009088535138
h2_0.10_budget_100_pop_500_parents_20_gen_5_loss_standard,fixed_sampling,3.298005449247744,3.9600469089400527,0.6620414596923085
h2_0.10_budget_100_pop_500_parents_20_gen_5_loss_strong,diversity_sampling,3.023498974311657,2.967282298654838,-0.05621667565681898
h2_0.10_budget_100_pop_500_parents_20_gen_5_loss_weak,highest_gebv,2.76236232494623,3.636414791913019,0.8740524669667891
h2_0.10_budget_100_pop_500_parents_20_gen_8_loss_standard,diversity_sampling,3.1903390861246206,3.7253451025850204,0.5350060164603998
h2_0.10_budget_100_pop_500_parents_20_gen_8_loss_strong,fixed_sampling,3.1303848998207893,5.253797747151105,2.1234128473303158
h2_0.10_budget_100_pop_500_parents_20_gen_8_loss_weak,diversity_sampling,3.557093974951125,4.473352042996272,0.9162580680451469
h2_0.10_budget_100_pop_500_parents_40_gen_12_loss_standard,diversity_sampling,3.3274259731123013,4.3568774007410935,1.0294514276287923
h2_0.10_budget_100_pop_500_parents_40_gen_12_loss_strong,active_learning_pev,3.876844772741195,4.959288907895474,1.082444135154279
h2_0.10_budget_100_pop_500_parents_40_gen_12_loss_weak,highest_gebv,3.5161951817792336,5.434687688029567,1.9184925062503333
h2_0.10_budget_100_pop_500_parents_40_gen_5_loss_standard,random_sampling,2.7058241487262484,3.2736649106448326,0.5678407619185841
h2_0.10_budget_100_pop_500_parents_40_gen_5_loss_strong,highest_gebv,2.609604307288343,3.328702603584919,0.7190982962965764
h2_0.10_budget_100_pop_500_parents_40_gen_5_loss_weak,active_learning_pev,2.911303857882341,3.697950479445,0.7866466215626593
h2_0.10_budget_100_pop_500_parents_40_gen_8_loss_standard,diversity_sampling,3.546754157338311,3.736560523284256,0.18980636594594502
h2_0.10_budget_100_pop_500_parents_40_gen_8_loss_strong,highest_gebv,3.058855045725601,3.5781527427610924,0.5192976970354914
h2_0.10_budget_100_pop_500_parents_40_gen_8_loss_weak,diversity_sampling,3.256554888845915,4.225269799806244,0.9687149109603292
h2_0.10_budget_200_pop_1000_parents_10_gen_12_loss_standard,highest_gebv,3.5479253968014253,3.5984189329539333,0.05049353615250807
h2_0.10_budget_200_pop_1000_parents_10_gen_12_loss_strong,random_sampling,3.315959732829126,2.788892713910586,-0.5270670189185402
h2_0.10_budget_200_pop_1000_parents_10_gen_12_loss_weak,active_learning_pev,3.6481226002791445,3.3115292878197216,-0.3365933124594229
h2_0.10_budget_200_pop_1000_parents_10_gen_5_loss_standard,diversity_sampling,3.365656350843435,3.17088597958503,-0.19477037125840502
h2_0.10_budget_200_pop_1000_parents_10_gen_5_loss_strong,highest_gebv,3.3600762655560747,3.1464226261921264,-0.21365363936394832
h2_0.10_budget_200_pop_1000_parents_10_gen_5_loss_weak,fixed_sampling,3.5940216141997237,3.615463999692294,0.02144238549257027
h2_0.10_budget_200_pop_1000_parents_10_gen_8_loss_standard,random_sampling,3.6956345692550276,4.177980783940219,0.48234621468519157
h2_0.10_budget_200_pop_1000_parents_10_gen_8_loss_strong,active_learning_pev,3.846506201524987,3.673289623657975,-0.17321657786701206
h2_0.10_budget_200_pop_1000_parents_10_gen_8_loss_weak,diversity_sampling,3.6351196095877802,3.872990340857193,0.2378707312694126
h2_0.10_budget_200_pop_1000_parents_20_gen_12_loss_standard,highest_gebv,4.202790821692897,5.291984772095652,1.0891939504027546
h2_0.10_budget_200_pop_1000_parents_20_gen_12_loss_strong,diversity_sampling,4.683584601992167,3.511890507848923,-1.1716940941432439
h2_0.10_budget_200_pop_1000_parents_20_gen_12_loss_weak,fixed_sampling,4.2507296117886755,4.188178744526237,-0.06255086726243864
h2_0.10_budget_200_pop_1000_parents_20_gen_5_loss_standard,highest_gebv,3.2285105943807113,2.8726194624716492,-0.3558911319090621
h2_0.10_budget_200_pop_1000_parents_20_gen_5_loss_strong,active_learning_pev,3.0759601416678564,3.2143273705615485,0.13836722889369213
h2_0.10_budget_200_pop_1000_parents_20_gen_5_loss_weak,active_learning_pev,3.9527750212244666,4.393707789865347,0.4409327686408808
h2_0.10_budget_200_pop_1000_parents_20_gen_8_loss_standard,highest_gebv,4.254291435828841,3.8267023981323205,-0.42758903769652035
h2_0.10_budget_200_pop_1000_parents_20_gen_8_loss_strong,diversity_sampling,3.8209898108072107,3.6988275480377646,-0.12216226276944608
h2_0.10_budget_200_pop_1000_parents_20_gen_8_loss_weak,highest_gebv,4.389555986709177,4.663111937595828,0.2735559508866512
h2_0.10_budget_200_pop_1000_parents_40_gen_12_loss_standard,diversity_sampling,4.292520852761048,4.974211688764417,0.6816908360033693
h2_0.10_budget_200_pop_1000_parents_40_gen_12_loss_strong,diversity_sampling,4.3655798700184105,4.293583844188309,-0.07199602583010112
h2_0.10_budget_200_pop_1000_parents_40_gen_12_loss_weak,active_learning_pev,4.75115394986797,5.380988632517965,0.6298346826499959
h2_0.10_budget_200_pop_1000_parents_40_gen_5_loss_standard,fixed_sampling,3.3461548834448336,3.649666369924528,0.3035114864796946
h2_0.10_budget_200_pop_1000_parents_40_gen_5_loss_strong,highest_gebv,2.7380102214283806,3.232364434674574,0.49435421324619355
h2_0.10_budget_200_pop_1000_parents_40_gen_5_loss_weak,highest_gebv,3.1793695805012674,4.096205565367042,0.916835984865775
h2_0.10_budget_200_pop_1000_parents_40_gen_8_loss_standard,highest_gebv,3.929361997284225,4.145706968318968,0.2163449710347427
h2_0.10_budget_200_pop_1000_parents_40_gen_8_loss_strong,active_learning_pev,4.493459140656903,4.272418869596508,-0.22104027106039492
h2_0.10_budget_200_pop_1000_parents_40_gen_8_loss_weak,active_learning_pev,4.241868378250141,4.750259757932617,0.5083913796824762
h2_0.10_budget_200_pop_500_parents_10_gen_12_loss_standard,random_sampling,3.6162860234639584,3.0904070527639704,-0.525878970699988
h2_0.10_budget_200_pop_500_parents_10_gen_12_loss_strong,random_sampling,3.443619300415829,4.25730138469269,0.8136820842768611
h2_0.10_budget_200_pop_500_parents_10_gen_12_loss_weak,highest_gebv,3.4207279222079072,4.897056819654604,1.4763288974466966
h2_0.10_budget_200_pop_500_parents_10_gen_5_loss_standard,diversity_sampling,3.9490686092198692,4.153366480083869,0.20429787086399953
h2_0.10_budget_200_pop_500_parents_10_gen_5_loss_strong,random_sampling,2.6841736733758332,3.7768941624459504,1.0927204890701172
h2_0.10_budget_200_pop_500_parents_10_gen_5_loss_weak,active_learning_pev,3.32556031854933,3.986857270020364,0.6612969514710341
h2_0.10_budget_200_pop_500_parents_10_gen_8_loss_standard,fixed_sampling,3.705998669041939,3.376396512806206,-0.32960215623573275
h2_0.10_budget_200_pop_500_parents_10_gen_8_loss_strong,active_learning_pev,3.4835317379919637,4.747757742217984,1.2642260042260203
h2_0.10_budget_200_pop_500_parents_10_gen_8_loss_weak,diversity_sampling,3.7726956683589568,4.4091465503131255,0.6364508819541688
h2_0.10_budget_200_pop_500_parents_20_gen_12_loss_standard,diversity_sampling,4.874422610535777,4.86862791273767,-0.005794697798106263
h2_0.10_budget_200_pop_500_parents_20_gen_12_loss_strong,active_learning_pev,3.994590015559023,4.1960164798020605,0.20142646424303745
h2_0.10_budget_200_pop_500_parents_20_gen_12_loss_weak,diversity_sampling,4.107185294006235,3.479298815215286,-0.6278864787909488
h2_0.10_budget_200_pop_500_parents_20_gen_5_loss_standard,active_learning_pev,3.515602043385709,3.517878974806488,0.0022769314207788938
h2_0.10_budget_200_pop_500_parents_20_gen_5_loss_strong,highest_gebv,3.244926090994482,3.8745765375873624,0.6296504465928803
h2_0.10_budget_200_pop_500_parents_20_gen_5_loss_weak,active_learning_pev,3.5085791067411543,3.7918392803885435,0.2832601736473892
h2_0.10_budget_200_pop_500_parents_20_gen_8_loss_standard,highest_gebv,3.8408504881402057,4.726418664421673,0.8855681762814673
h2_0.10_budget_200_pop_500_parents_20_gen_8_loss_strong,diversity_sampling,3.516007915144248,4.876564415733285,1.3605565005890372
h2_0.10_budget_200_pop_500_parents_20_gen_8_loss_weak,active_learning_pev,4.09181938970252,4.726204340565645,0.634384950863125
h2_0.10_budget_200_pop_500_parents_40_gen_12_loss_standard,active_learning_pev,4.34420357307267,5.937175200880369,1.5929716278076995
h2_0.10_budget_200_pop_500_parents_40_gen_12_loss_strong,active_learning_pev,4.608039155654304,4.700298596431861,0.09225944077755699
h2_0.10_budget_200_pop_500_parents_40_gen_12_loss_weak,diversity_sampling,4.814395374984609,5.1440350741260055,0.32963969914139657
h2_0.10_budget_200_pop_500_parents_40_gen_5_loss_standard,random_sampling,2.9505344467421337,3.746091819351046,0.7955573726089122
h2_0.10_budget_200_pop_500_parents_40_gen_5_loss_strong,diversity_sampling,3.0378674335756677,3.469933675369272,0.43206624179360453
h2_0.10_budget_200_pop_500_parents_40_gen_5_loss_weak,random_sampling,2.9374648161417185,3.4861573970160236,0.5486925808743051
h2_0.10_budget_200_pop_500_parents_40_gen_8_loss_standard,highest_gebv,4.098676377143003,4.585844194023088,0.4871678168800848
h2_0.10_budget_200_pop_500_parents_40_gen_8_loss_strong,highest_gebv,3.2420311944254885,4.378722867879193,1.1366916734537047
h2_0.10_budget_200_pop_500_parents_40_gen_8_loss_weak,random_sampling,4.0220959154217155,4.6701837108002415,0.648087795378526
h2_0.10_budget_75_pop_1000_parents_10_gen_12_loss_standard,diversity_sampling,2.8856841628768257,4.227852339836593,1.3421681769597673
h2_0.10_budget_75_pop_1000_parents_10_gen_12_loss_strong,fixed_sampling,3.02246333096082,4.307079033012898,1.2846157020520779
h2_0.10_budget_75_pop_1000_parents_10_gen_12_loss_weak,fixed_sampling,3.1678571323283387,3.5390415467395453,0.37118441441120664
h2_0.10_budget_75_pop_1000_parents_10_gen_5_loss_standard,fixed_sampling,2.7931363874679636,3.169046513549986,0.37591012608202234
h2_0.10_budget_75_pop_1000_parents_10_gen_5_loss_strong,active_learning_pev,2.821990131161444,3.430256143441705,0.6082660122802612
h2_0.10_budget_75_pop_1000_parents_10_gen_5_loss_weak,diversity_sampling,3.082549739064404,2.821471535819559,-0.2610782032448453
h2_0.10_budget_75_pop_1000_parents_10_gen_8_loss_standard,active_learning_pev,4.09206503031458,4.63937673799079,0.5473117076762097
h2_0.10_budget_75_pop_1000_parents_10_gen_8_loss_strong,highest_gebv,3.1499393063969574,2.830111359320559,-0.3198279470763983
h2_0.10_budget_75_pop_1000_parents_10_gen_8_loss_weak,active_learning_pev,3.2884148889800975,3.858245165773475,0.5698302767933776
h2_0.10_budget_75_pop_1000_parents_20_gen_12_loss_standard,random_sampling,3.041599320032224,4.1101821475651805,1.0685828275329565
h2_0.10_budget_75_pop_1000_parents_20_gen_12_loss_strong,diversity_sampling,2.9979223605671854,3.3151548490565586,0.31723248848937313
h2_0.10_budget_75_pop_1000_parents_20_gen_12_loss_weak,random_sampling,3.4705701908560793,4.739431619178545,1.2688614283224653
h2_0.10_budget_75_pop_1000_parents_20_gen_5_loss_standard,highest_gebv,2.9261406373403154,3.5674888176537554,0.64134818031344
h2_0.10_budget_75_pop_1000_parents_20_gen_5_loss_strong,active_learning_pev,2.778077626554017,3.689014301807388,0.9109366752533714
h2_0.10_budget_75_pop_1000_parents_20_gen_5_loss_weak,diversity_sampling,3.0854387157075784,3.075828641731128,-0.00961007397645064
h2_0.10_budget_75_pop_1000_parents_20_gen_8_loss_standard,highest_gebv,3.4941420306228657,3.636053464774824,0.14191143415195828
h2_0.10_budget_75_pop_1000_parents_20_gen_8_loss_strong,highest_gebv,3.8802612846751194,3.631424531332087,-0.24883675334303224
h2_0.10_budget_75_pop_1000_parents_20_gen_8_loss_weak,fixed_sampling,2.779150686067768,3.736488086037593,0.9573373999698251
h2_0.10_budget_75_pop_1000_parents_40_gen_12_loss_standard,active_learning_pev,3.484222827479688,4.228901923376232,0.7446790958965441
h2_0.10_budget_75_pop_1000_parents_40_gen_12_loss_strong,active_learning_pev,3.1010118321824205,4.887264829528097,1.7862529973456764
h2_0.10_budget_75_pop_1000_parents_40_gen_12_loss_weak,highest_gebv,4.08073863875212,4.954267051858271,0.8735284131061514
h2_0.10_budget_75_pop_1000_parents_40_gen_5_loss_standard,active_learning_pev,2.8052242040841016,3.222964290726145,0.41774008664204354
h2_0.10_budget_75_pop_1000_parents_40_gen_5_loss_strong,fixed_sampling,2.822110647890955,4.217271983066367,1.3951613351754122
h2_0.10_budget_75_pop_1000_parents_40_gen_5_loss_weak,fixed_sampling,2.2537241204967633,3.1768001787295006,0.9230760582327373
h2_0.10_budget_75_pop_1000_parents_40_gen_8_loss_standard,active_learning_pev,3.474604251269375,4.528591763069609,1.053987511800234
h2_0.10_budget_75_pop_1000_parents_40_gen_8_loss_strong,diversity_sampling,2.7981366548663367,3.7070616115154365,0.9089249566490998
h2_0.10_budget_75_pop_1000_parents_40_gen_8_loss_weak,highest_gebv,3.5302245218369066,3.834904042193749,0.3046795203568422
h2_0.10_budget_75_pop_500_parents_10_gen_12_loss_standard,active_learning_pev,3.5780256812154163,4.412153542550703,0.8341278613352867
h2_0.10_budget_75_pop_500_parents_10_gen_12_loss_strong,highest_gebv,3.537544766731742,4.068577330716044,0.5310325639843021
h2_0.10_budget_75_pop_500_parents_10_gen_12_loss_weak,diversity_sampling,3.636839733646784,3.3113510431356996,-0.3254886905110843
h2_0.10_budget_75_pop_500_parents_10_gen_5_loss_standard,diversity_sampling,2.1750441831873153,3.3876812469387407,1.2126370637514254
h2_0.10_budget_75_pop_500_parents_10_gen_5_loss_strong,diversity_sampling,2.7372100494488936,3.119740908209193,0.38253085876029935
h2_0.10_budget_75_pop_500_parents_10_gen_5_loss_weak,highest_gebv,2.628900962035104,3.978070211511222,1.3491692494761183
h2_0.10_budget_75_pop_500_parents_10_gen_8_loss_standard,fixed_sampling,3.1602726497065796,3.4738960317609364,0.3136233820543568
h2_0.10_budget_75_pop_500_parents_10_gen_8_loss_strong,highest_gebv,3.0499068108551843,4.4188144121782615,1.3689076013230772
h2_0.10_budget_75_pop_500_parents_10_gen_8_loss_weak,highest_gebv,3.1402064477436,2.8025369413636536,-0.3376695063799464
h2_0.10_budget_75_pop_500_parents_20_gen_12_loss_standard,active_learning_pev,2.7288994645355706,4.2309604505288005,1.50206098599323
h2_0.10_budget_75_pop_500_parents_20_gen_12_loss_strong,active_learning_pev,3.2021768030568993,4.1695890307345875,0.9674122276776882
h2_0.10_budget_75_pop_500_parents_20_gen_12_loss_weak,highest_gebv,3.6350278696927902,3.97622955454658,0.34120168485378954
h2_0.10_budget_75_pop_500_parents_20_gen_5_loss_standard,highest_gebv,3.019031949382692,3.423493631812996,0.4044616824303038
h2_0.10_budget_75_pop_500_parents_20_gen_5_loss_strong,active_learning_pev,1.9785450695839737,3.58613400664343,1.6075889370594565
h2_0.10_budget_75_pop_500_parents_20_gen_5_loss_weak,fixed_sampling,2.573342604127945,3.4285741439834134,0.8552315398554686
h2_0.10_budget_75_pop_500_parents_20_gen_8_loss_standard,highest_gebv,3.1920485211228318,3.8551412006137085,0.6630926794908767
h2_0.10_budget_75_pop_500_parents_20_gen_8_loss_strong,highest_gebv,2.890455513198342,3.890751879184357,1.0002963659860153
h2_0.10_budget_75_pop_500_parents_20_gen_8_loss_weak,diversity_sampling,3.116906162711798,3.8590658029407545,0.7421596402289565
h2_0.10_budget_75_pop_500_parents_40_gen_12_loss_standard,diversity_sampling,3.359378014167314,4.307611939948785,0.9482339257814711
h2_0.10_budget_75_pop_500_parents_40_gen_12_loss_strong,diversity_sampling,3.5941719145169118,3.6239229800158075,0.029751065498895723
h2_0.10_budget_75_pop_500_parents_40_gen_12_loss_weak,fixed_sampling,3.698463754019242,4.58198502533446,0.8835212713152183
h2_0.10_budget_75_pop_500_parents_40_gen_5_loss_standard,active_learning_pev,2.004763034049477,3.2669285990439056,1.2621655649944286
h2_0.10_budget_75_pop_500_parents_40_gen_5_loss_strong,active_learning_pev,2.958365100238959,3.333716737906077,0.375351637667118
h2_0.10_budget_75_pop_500_parents_40_gen_5_loss_weak,fixed_sampling,2.5665423742060463,3.255933096753324,0.689390722547278
h2_0.10_budget_75_pop_500_parents_40_gen_8_loss_standard,fixed_sampling,3.2537585058811427,3.950925198849962,0.6971666929688194
h2_0.10_budget_75_pop_500_parents_40_gen_8_loss_strong,diversity_sampling,3.304546829500724,3.8822183405263053,0.5776715110255815
h2_0.10_budget_75_pop_500_parents_40_gen_8_loss_weak,diversity_sampling,3.257012358645158,3.4935498466820127,0.2365374880368547
h2_0.20_budget_100_pop_1000_parents_10_gen_12_loss_standard,diversity_sampling,4.311803952011776,3.921823472190365,-0.3899804798214115
h2_0.20_budget_100_pop_1000_parents_10_gen_12_loss_strong,highest_gebv,4.653708727543997,3.814007437239134,-0.8397012903048626
h2_0.20_budget_100_pop_1000_parents_10_gen_12_loss_weak,diversity_sampling,4.068172576782569,4.0499773761342475,-0.018195200648321475
h2_0.20_budget_100_pop_1000_parents_10_gen_5_loss_standard,diversity_sampling,3.770626365886416,4.069394726667589,0.2987683607811733
h2_0.20_budget_100_pop_1000_parents_10_gen_5_loss_strong,diversity_sampling,3.607493239669194,3.324143413861789,-0.283349825807405
h2_0.20_budget_100_pop_1000_parents_10_gen_5_loss_weak,diversity_sampling,3.6507357708968518,5.192246799926353,1.5415110290295009
h2_0.20_budget_100_pop_1000_parents_10_gen_8_loss_standard,diversity_sampling,4.389819396535288,3.7831232242770256,-0.6066961722582627
h2_0.20_budget_100_pop_1000_parents_10_gen_8_loss_strong,highest_gebv,3.9448053937776524,5.067849155082954,1.123043761305302
h2_0.20_budget_100_pop_1000_parents_10_gen_8_loss_weak,diversity_sampling,4.142567971139574,4.048055067464383,-0.09451290367519061
h2_0.20_budget_100_pop_1000_parents_20_gen_12_loss_standard,diversity_sampling,4.829247466624828,4.872494359691103,0.04324689306627505
h2_0.20_budget_100_pop_1000_parents_20_gen_12_loss_strong,diversity_sampling,4.242120897654765,4.038566970633032,-0.20355392702173258
h2_0.20_budget_100_pop_1000_parents_20_gen_12_loss_weak,diversity_sampling,4.506317961247568,5.240009569084784,0.7336916078372164
h2_0.20_budget_100_pop_1000_parents_20_gen_5_loss_standard,diversity_sampling,3.654720227608378,3.825896534137718,0.17117630652933968
h2_0.20_budget_100_pop_1000_parents_20_gen_5_loss_strong,active_learning_pev,3.4946590143697183,3.8785074952475926,0.3838484808778744
h2_0.20_budget_100_pop_1000_parents_20_gen_5_loss_weak,diversity_sampling,3.4386564546923606,3.440371412973946,0.0017149582815854103
h2_0.20_budget_100_pop_1000_parents_20_gen_8_loss_standard,active_learning_pev,4.363997371866506,4.041007396595771,-0.32298997527073503
h2_0.20_budget_100_pop_1000_parents_20_gen_8_loss_strong,active_learning_pev,3.9165617448190253,4.48457639698231,0.5680146521632845
h2_0.20_budget_100_pop_1000_parents_20_gen_8_loss_weak,random_sampling,4.184421596916576,4.412867352171552,0.22844575525497568
h2_0.20_budget_100_pop_1000_parents_40_gen_12_loss_standard,highest_gebv,5.337891011797687,4.5849100760876516,-0.7529809357100357
h2_0.20_budget_100_pop_1000_parents_40_gen_12_loss_strong,diversity_sampling,4.5291433527973055,4.506330550402089,-0.022812802395216103
h2_0.20_budget_100_pop_1000_parents_40_gen_12_loss_weak,diversity_sampling,5.28057347637219,4.126536893565812,-1.1540365828063779
h2_0.20_budget_100_pop_1000_parents_40_gen_5_loss_standard,highest_gebv,3.7645174691366265,3.7478505187157283,-0.016666950420898274
h2_0.20_budget_100_pop_1000_parents_40_gen_5_loss_strong,diversity_sampling,3.918953726653656,4.251635256525737,0.3326815298720809
h2_0.20_budget_100_pop_1000_parents_40_gen_5_loss_weak,diversity_sampling,3.216253864831908,2.9576497398055053,-0.2586041250264026
h2_0.20_budget_100_pop_1000_parents_40_gen_8_loss_standard,active_learning_pev,3.9875689117970783,4.3646884860664885,0.37711957426941023
h2_0.20_budget_100_pop_1000_parents_40_gen_8_loss_strong,active_learning_pev,3.607042241631506,3.4401121785276643,-0.16693006310384195
h2_0.20_budget_100_pop_1000_parents_40_gen_8_loss_weak,diversity_sampling,4.6076068875806735,3.5606385420591224,-1.046968345521551
h2_0.20_budget_100_pop_500_parents_10_gen_12_loss_standard,diversity_sampling,4.798195561604785,3.879616250374198,-0.9185793112305864
h2_0.20_budget_100_pop_500_parents_10_gen_12_loss_strong,active_learning_pev,4.066979709306618,3.110912723015107,-0.956066986291511
h2_0.20_budget_100_pop_500_parents_10_gen_12_loss_weak,highest_gebv,4.034114890613338,4.614068914825161,0.5799540242118226
h2_0.20_budget_100_pop_500_parents_10_gen_5_loss_standard,highest_gebv,3.362853183091944,5.109702322014654,1.7468491389227094
h2_0.20_budget_100_pop_500_parents_10_gen_5_loss_strong,diversity_sampling,3.0202302340873017,3.851442110356503,0.8312118762692013
h2_0.20_budget_100_pop_500_parents_10_gen_5_loss_weak,highest_gebv,3.403721362020864,4.049467982737263,0.6457466207163991
h2_0.20_budget_100_pop_500_parents_10_gen_8_loss_standard,active_learning_pev,4.174515215624681,4.190181117182788,0.015665901558106654
h2_0.20_budget_100_pop_500_parents_10_gen_8_loss_strong,highest_gebv,3.6798521272011055,4.49481905333662,0.8149669261355146
h2_0.20_budget_100_pop_500_parents_10_gen_8_loss_weak,fixed_sampling,4.33015422495678,3.9541376358384546,-0.37601658911832514
h2_0.20_budget_100_pop_500_parents_20_gen_12_loss_standard,highest_gebv,4.514443874339958,5.331377483059168,0.8169336087192098
h2_0.20_budget_100_pop_500_parents_20_gen_12_loss_strong,active_learning_pev,4.029719714812006,3.7600197533618656,-0.2696999614501405
h2_0.20_budget_100_pop_500_parents_20_gen_12_loss_weak,diversity_sampling,4.277057670845226,5.875798518129652,1.598740847284426
h2_0.20_budget_100_pop_500_parents_20_gen_5_loss_standard,highest_gebv,4.061040999643858,4.4691790054493845,0.40813800580552684
h2_0.20_budget_100_pop_500_parents_20_gen_5_loss_strong,fixed_sampling,3.1343041443584974,3.615064537410683,0.48076039305218554
h2_0.20_budget_100_pop_500_parents_20_gen_5_loss_weak,active_learning_pev,3.5654378826133772,3.6398416202460333,0.07440373763265606
h2_0.20_budget_100_pop_500_parents_20_gen_8_loss_standard,diversity_sampling,3.817415028702202,4.40073032813958,0.5833152994373778
h2_0.20_budget_100_pop_500_parents_20_gen_8_loss_strong,random_sampling,3.76228725472694,4.420828814838054,0.658541560111114
h2_0.20_budget_100_pop_500_parents_20_gen_8_loss_weak,highest_gebv,4.273250726785714,4.7826732203606435,0.5094224935749292
h2_0.20_budget_100_pop_500_parents_40_gen_12_loss_standard,random_sampling,4.576066802390692,4.880668512938045,0.3046017105473533
h2_0.20_budget_100_pop_500_parents_40_gen_12_loss_strong,highest_gebv,4.052794476208625,4.860529888701985,0.8077354124933604
h2_0.20_budget_100_pop_500_parents_40_gen_12_loss_weak,active_learning_pev,4.905659341810423,4.80906526674591,-0.09659407506451245
h2_0.20_budget_100_pop_500_parents_40_gen_5_loss_standard,diversity_sampling,3.252898292414956,3.7767142089267765,0.5238159165118206
h2_0.20_budget_100_pop_500_parents_40_gen_5_loss_strong,diversity_sampling,2.7615183103149064,3.854294959248445,1.0927766489335387
h2_0.20_budget_100_pop_500_parents_40_gen_5_loss_weak,active_learning_pev,3.151345411556653,3.6644956842979464,0.5131502727412935
h2_0.20_budget_100_pop_500_parents_40_gen_8_loss_standard,highest_gebv,4.209443597322861,5.44406214162685,1.2346185443039897
h2_0.20_budget_100_pop_500_parents_40_gen_8_loss_strong,fixed_sampling,4.471456588782351,3.3061123572154707,-1.16534423156688
h2_0.20_budget_100_pop_500_parents_40_gen_8_loss_weak,fixed_sampling,4.566229649163641,5.1922719287003956,0.6260422795367546
h2_0.20_budget_200_pop_1000_parents_10_gen_12_loss_standard,fixed_sampling,4.559069078620884,3.540163253487325,-1.018905825133559
h2_0.20_budget_200_pop_1000_parents_10_gen_12_loss_strong,highest_gebv,4.292842354115156,4.451452132783426,0.15860977866826964
h2_0.20_budget_200_pop_1000_parents_10_gen_12_loss_weak,random_sampling,3.814055723665378,2.855611570463497,-0.958444153201881
h2_0.20_budget_200_pop_1000_parents_10_gen_5_loss_standard,active_learning_pev,4.055695010944013,4.699438146320401,0.643743135376388
h2_0.20_budget_200_pop_1000_parents_10_gen_5_loss_strong,fixed_sampling,4.170217801957571,4.71958799244124,0.5493701904836694
h2_0.20_budget_200_pop_1000_parents_10_gen_5_loss_weak,diversity_sampling,3.831213548440377,3.890856257527389,0.05964270908701197
h2_0.20_budget_200_pop_1000_parents_10_gen_8_loss_standard,diversity_sampling,4.672329108195632,3.5569751132523435,-1.115353994943289
h2_0.20_budget_200_pop_1000_parents_10_gen_8_loss_strong,active_learning_pev,4.302858226955249,3.7983071932562695,-0.5045510336989794
h2_0.20_budget_200_pop_1000_parents_10_gen_8_loss_weak,random_sampling,4.128509420316161,4.508025993444875,0.379516573128714
h2_0.20_budget_200_pop_1000_parents_20_gen_12_loss_standard,diversity_sampling,4.987440227937553,4.6682792434896525,-0.3191609844479002
h2_0.20_budget_200_pop_1000_parents_20_gen_12_loss_strong,diversity_sampling,4.292811655607221,4.313835470522007,0.021023814914785888
h2_0.20_budget_200_pop_1000_parents_20_gen_12_loss_weak,diversity_sampling,5.289963405817232,5.7355099412225625,0.44554653540533096
h2_0.20_budget_200_pop_1000_parents_20_gen_5_loss_standard,diversity_sampling,4.23526949654596,4.80909599496989,0.5738264984239301
h2_0.20_budget_200_pop_1000_parents_20_gen_5_loss_strong,active_learning_pev,3.6650136478503295,4.022332984134465,0.3573193362841356
h2_0.20_budget_200_pop_1000_parents_20_gen_5_loss_weak,diversity_sampling,3.735129359824852,3.38236355542984,-0.3527658043950117
h2_0.20_budget_200_pop_1000_parents_20_gen_8_loss_standard,fixed_sampling,4.384319412055168,2.999970795156441,-1.3843486168987273
h2_0.20_budget_200_pop_1000_parents_20_gen_8_loss_strong,diversity_sampling,4.373629905873734,5.426352794538183,1.0527228886644497
h2_0.20_budget_200_pop_1000_parents_20_gen_8_loss_weak,diversity_sampling,5.1115451711767514,4.564533264032615,-0.5470119071441362
h2_0.20_budget_200_pop_1000_parents_40_gen_12_loss_standard,random_sampling,4.3301658612955025,5.952302504929105,1.6221366436336027
h2_0.20_budget_200_pop_1000_parents_40_gen_12_loss_strong,diversity_sampling,6.122045155780384,5.492403216255002,-0.6296419395253823
h2_0.20_budget_200_pop_1000_parents_40_gen_12_loss_weak,active_learning_pev,5.6224670818787645,5.9713192600344405,0.34885217815567593
h2_0.20_budget_200_pop_1000_parents_40_gen_5_loss_standard,highest_gebv,4.1168157783924775,4.2778313426116545,0.16101556421917707
h2_0.20_budget_200_pop_1000_parents_40_gen_5_loss_strong,fixed_sampling,3.773359520880256,3.5874858553765456,-0.18587366550371032
h2_0.20_budget_200_pop_1000_parents_40_gen_5_loss_weak,diversity_sampling,3.7605560203730257,4.387765453383874,0.6272094330108486
h2_0.20_budget_200_pop_1000_parents_40_gen_8_loss_standard,highest_gebv,4.831096330022302,5.535466183897824,0.7043698538755212
h2_0.20_budget_200_pop_1000_parents_40_gen_8_loss_strong,highest_gebv,4.354581105761259,4.827822031630524,0.47324092586926536
h2_0.20_budget_200_pop_1000_parents_40_gen_8_loss_weak,diversity_sampling,5.1400543073227105,5.629118210056533,0.4890639027338226
h2_0.20_budget_200_pop_500_parents_10_gen_12_loss_standard,diversity_sampling,4.0328122646535745,3.6872739816542555,-0.345538282999319
h2_0.20_budget_200_pop_500_parents_10_gen_12_loss_strong,active_learning_pev,4.881842758925745,4.016316096715682,-0.8655266622100628
h2_0.20_budget_200_pop_500_parents_10_gen_12_loss_weak,highest_gebv,3.934693638252528,3.8158817989553397,-0.1188118392971882
h2_0.20_budget_200_pop_500_parents_10_gen_5_loss_standard,fixed_sampling,4.183564313343452,4.1142798445919135,-0.0692844687515386
h2_0.20_budget_200_pop_500_parents_10_gen_5_loss_strong,diversity_sampling,3.7762684869959995,4.430450331452572,0.6541818444565721
h2_0.20_budget_200_pop_500_parents_10_gen_5_loss_weak,active_learning_pev,4.274293941778424,4.341291599800038,0.06699765802161384
h2_0.20_budget_200_pop_500_parents_10_gen_8_loss_standard,active_learning_pev,4.0664866185507345,4.42487660837551,0.35838998982477577
h2_0.20_budget_200_pop_500_parents_10_gen_8_loss_strong,active_learning_pev,4.13040254717705,5.066458470653779,0.9360559234767294
h2_0.20_budget_200_pop_500_parents_10_gen_8_loss_weak,diversity_sampling,4.387353427722182,4.621604392709441,0.2342509649872584
h2_0.20_budget_200_pop_500_parents_20_gen_12_loss_standard,diversity_sampling,4.590116881730448,5.366923817036416,0.7768069353059683
h2_0.20_budget_200_pop_500_parents_20_gen_12_loss_strong,fixed_sampling,4.353436949087409,4.523883386550973,0.17044643746356414
h2_0.20_budget_200_pop_500_parents_20_gen_12_loss_weak,highest_gebv,5.101580737420918,5.655196678073287,0.5536159406523691
h2_0.20_budget_200_pop_500_parents_20_gen_5_loss_standard,diversity_sampling,4.144348841088079,4.142902399274376,-0.0014464418137034585
h2_0.20_budget_200_pop_500_parents_20_gen_5_loss_strong,diversity_sampling,3.5077087166079495,3.7285936275511795,0.22088491094323004
h2_0.20_budget_200_pop_500_parents_20_gen_5_loss_weak,active_learning_pev,4.1058103987851995,4.366857483248465,0.2610470844632653
h2_0.20_budget_200_pop_500_parents_20_gen_8_loss_standard,diversity_sampling,5.082132569682577,4.07018937306106,-1.0119431966215169
h2_0.20_budget_200_pop_500_parents_20_gen_8_loss_strong,active_learning_pev,4.1492542376253265,4.934514521902837,0.78526028427751
h2_0.20_budget_200_pop_500_parents_20_gen_8_loss_weak,fixed_sampling,4.525904361018928,4.425754333891795,-0.10015002712713361
h2_0.20_budget_200_pop_500_parents_40_gen_12_loss_standard,random_sampling,5.42157417847845,5.7197768649598215,0.29820268648137116
h2_0.20_budget_200_pop_500_parents_40_gen_12_loss_strong,highest_gebv,5.2062958160458495,5.408953882263144,0.20265806621729432
h2_0.20_budget_200_pop_500_parents_40_gen_12_loss_weak,active_learning_pev,5.131226489337707,5.665189031537628,0.5339625421999212
h2_0.20_budget_200_pop_500_parents_40_gen_5_loss_standard,highest_gebv,3.6779122368046475,3.520353251376244,-0.15755898542840363
h2_0.20_budget_200_pop_500_parents_40_gen_5_loss_strong,highest_gebv,3.9664612226114504,4.126595359172064,0.16013413656061326
h2_0.20_budget_200_pop_500_parents_40_gen_5_loss_weak,active_learning_pev,3.6725572939198017,3.8499323848741156,0.17737509095431392
h2_0.20_budget_200_pop_500_parents_40_gen_8_loss_standard,active_learning_pev,5.004683829237147,5.4769946937056675,0.4723108644685201
h2_0.20_budget_200_pop_500_parents_40_gen_8_loss_strong,diversity_sampling,4.863222047786844,5.35101691747764,0.4877948696907959
h2_0.20_budget_200_pop_500_parents_40_gen_8_loss_weak,highest_gebv,4.80034129135356,4.900568861945054,0.10022757059149345
h2_0.20_budget_75_pop_1000_parents_10_gen_12_loss_standard,active_learning_pev,4.344690263659088,4.507299508710844,0.16260924505175556
h2_0.20_budget_75_pop_1000_parents_10_gen_12_loss_strong,diversity_sampling,3.691096410976977,4.15620937544507,0.46511296446809336
h2_0.20_budget_75_pop_1000_parents_10_gen_12_loss_weak,fixed_sampling,4.022401439685077,3.3159905627761006,-0.7064108769089765
h2_0.20_budget_75_pop_1000_parents_10_gen_5_loss_standard,diversity_sampling,3.2739699304774206,3.956749593444656,0.6827796629672354
h2_0.20_budget_75_pop_1000_parents_10_gen_5_loss_strong,highest_gebv,3.7240823037587596,4.401159619055137,0.6770773152963772
h2_0.20_budget_75_pop_1000_parents_10_gen_5_loss_weak,fixed_sampling,3.7898232849415465,2.915175470803564,-0.8746478141379823
h2_0.20_budget_75_pop_1000_parents_10_gen_8_loss_standard,active_learning_pev,3.879153893582956,4.407824351415139,0.5286704578321832
h2_0.20_budget_75_pop_1000_parents_10_gen_8_loss_strong,active_learning_pev,4.615593052167742,4.820223198356617,0.2046301461888751
h2_0.20_budget_75_pop_1000_parents_10_gen_8_loss_weak,active_learning_pev,4.492863487764917,4.60818296221968,0.11531947445476298
h2_0.20_budget_75_pop_1000_parents_20_gen_12_loss_standard,diversity_sampling,4.824501184824334,4.116769855646512,-0.7077313291778218
h2_0.20_budget_75_pop_1000_parents_20_gen_12_loss_strong,diversity_sampling,5.192790088726849,3.5879080283221207,-1.6048820604047287
h2_0.20_budget_75_pop_1000_parents_20_gen_12_loss_weak,active_learning_pev,4.70832958470324,4.149174494290945,-0.5591550904122942
h2_0.20_budget_75_pop_1000_parents_20_gen_5_loss_standard,highest_gebv,2.971821790037977,3.9871343485713417,1.0153125585333647
h2_0.20_budget_75_pop_1000_parents_20_gen_5_loss_strong,active_learning_pev,4.021852495256239,4.920535660701014,0.8986831654447753
h2_0.20_budget_75_pop_1000_parents_20_gen_5_loss_weak,active_learning_pev,3.6271655293535012,3.637287387694171,0.01012185834066992
h2_0.20_budget_75_pop_1000_parents_20_gen_8_loss_standard,random_sampling,3.456216028315415,4.610386973649487,1.1541709453340725
h2_0.20_budget_75_pop_1000_parents_20_gen_8_loss_strong,active_learning_pev,3.837463677401853,4.675304298951034,0.8378406215491814
h2_0.20_budget_75_pop_1000_parents_20_gen_8_loss_weak,active_learning_pev,4.2509890286934215,4.4910985102773395,0.24010948158391798
h2_0.20_budget_75_pop_1000_parents_40_gen_12_loss_standard,active_learning_pev,3.770832286839911,4.09176457433756,0.32093228749764924
h2_0.20_budget_75_pop_1000_parents_40_gen_12_loss_strong,diversity_sampling,4.788275392398618,5.229569117362881,0.4412937249642628
h2_0.20_budget_75_pop_1000_parents_40_gen_12_loss_weak,diversity_sampling,5.1906569737998725,4.082076025192209,-1.1085809486076634
h2_0.20_budget_75_pop_1000_parents_40_gen_5_loss_standard,active_learning_pev,3.316577580493227,4.01304067572158,0.6964630952283533
h2_0.20_budget_75_pop_1000_parents_40_gen_5_loss_strong,highest_gebv,3.6226500778372013,3.5194160184334202,-0.10323405940378105
h2_0.20_budget_75_pop_1000_parents_40_gen_5_loss_weak,fixed_sampling,2.9228370086468174,3.7537378519026916,0.8309008432558742
h2_0.20_budget_75_pop_1000_parents_40_gen_8_loss_standard,fixed_sampling,4.487972878531702,4.794525768451957,0.30655288992025564
h2_0.20_budget_75_pop_1000_parents_40_gen_8_loss_strong,diversity_sampling,3.793305224926493,4.698906269441936,0.9056010445154432
h2_0.20_budget_75_pop_1000_parents_40_gen_8_loss_weak,fixed_sampling,4.356505742125739,4.9119105796656894,0.5554048375399505
h2_0.20_budget_75_pop_500_parents_10_gen_12_loss_standard,diversity_sampling,3.369580237847076,4.277579607645745,0.9079993697986688
h2_0.20_budget_75_pop_500_parents_10_gen_12_loss_strong,diversity_sampling,3.7906614765869793,3.6609251446365163,-0.12973633195046297
h2_0.20_budget_75_pop_500_parents_10_gen_12_loss_weak,diversity_sampling,4.30057158981888,4.593401965726508,0.29283037590762806
h2_0.20_budget_75_pop_500_parents_10_gen_5_loss_standard,highest_gebv,2.999299883512182,3.748663961755008,0.7493640782428264
h2_0.20_budget_75_pop_500_parents_10_gen_5_loss_strong,highest_gebv,4.350048546474203,3.3659849775935946,-0.9840635688806083
h2_0.20_budget_75_pop_500_parents_10_gen_5_loss_weak,highest_gebv,3.4342480289304675,4.521663343336823,1.0874153144063556
h2_0.20_budget_75_pop_500_parents_10_gen_8_loss_standard,diversity_sampling,3.389437630740069,3.849977157981147,0.4605395272410777
h2_0.20_budget_75_pop_500_parents_10_gen_8_loss_strong,diversity_sampling,3.032170135317777,4.27787792424046,1.2457077889226835
h2_0.20_budget_75_pop_500_parents_10_gen_8_loss_weak,diversity_sampling,3.9144594077205856,3.9556860689996074,0.04122666127902175
h2_0.20_budget_75_pop_500_parents_20_gen_12_loss_standard,diversity_sampling,3.9605949447823847,4.893603351892602,0.9330084071102172
h2_0.20_budget_75_pop_500_parents_20_gen_12_loss_strong,active_learning_pev,3.7716854387240226,3.602273746447503,-0.16941169227651942
h2_0.20_budget_75_pop_500_parents_20_gen_12_loss_weak,active_learning_pev,3.6933606896401527,4.1060263092196605,0.41266561957950776
h2_0.20_budget_75_pop_500_parents_20_gen_5_loss_standard,highest_gebv,3.133617566346716,4.319797091579537,1.1861795252328213
h2_0.20_budget_75_pop_500_parents_20_gen_5_loss_strong,diversity_sampling,3.352481581528734,2.9944649353241846,-0.35801664620454954
h2_0.20_budget_75_pop_500_parents_20_gen_5_loss_weak,highest_gebv,3.3083297356940427,3.686695205393446,0.37836546969940343
h2_0.20_budget_75_pop_500_parents_20_gen_8_loss_standard,highest_gebv,3.412223635440835,4.573377440489057,1.1611538050482215
h2_0.20_budget_75_pop_500_parents_20_gen_8_loss_strong,diversity_sampling,3.6582900524365285,4.413617095500198,0.7553270430636698
h2_0.20_budget_75_pop_500_parents_20_gen_8_loss_weak,random_sampling,3.318863895054379,4.507919240658537,1.189055345604158
h2_0.20_budget_75_pop_500_parents_40_gen_12_loss_standard,active_learning_pev,4.2638197580707535,4.097467224530068,-0.16635253354068524
h2_0.20_budget_75_pop_500_parents_40_gen_12_loss_strong,highest_gebv,3.9669471690075575,4.596438477489497,0.6294913084819393
h2_0.20_budget_75_pop_500_parents_40_gen_12_loss_weak,diversity_sampling,4.527088124714467,5.797503442814661,1.270415318100194
h2_0.20_budget_75_pop_500_parents_40_gen_5_loss_standard,fixed_sampling,2.973641452686126,3.7948222587295795,0.8211808060434533
h2_0.20_budget_75_pop_500_parents_40_gen_5_loss_strong,diversity_sampling,3.4161695478649112,3.838575583271847,0.42240603540693566
h2_0.20_budget_75_pop_500_parents_40_gen_5_loss_weak,random_sampling,2.8658514239316255,3.11564812300954,0.24979669907791457
h2_0.20_budget_75_pop_500_parents_40_gen_8_loss_standard,random_sampling,3.8402334692775697,4.718959509540008,0.8787260402624386
h2_0.20_budget_75_pop_500_parents_40_gen_8_loss_strong,diversity_sampling,3.087157550998549,3.5381745642395948,0.4510170132410458
h2_0.20_budget_75_pop_500_parents_40_gen_8_loss_weak,active_learning_pev,4.192432350785008,4.441571841435474,0.2491394906504656
h2_0.40_budget_100_pop_1000_parents_10_gen_12_loss_standard,diversity_sampling,4.95871421772852,5.433619369092265,0.4749051513637452
h2_0.40_budget_100_pop_1000_parents_10_gen_12_loss_strong,diversity_sampling,5.466479602609506,3.5143750903836612,-1.9521045122258447
h2_0.40_budget_100_pop_1000_parents_10_gen_12_loss_weak,fixed_sampling,5.034670071323074,5.5298575499062474,0.4951874785831736
h2_0.40_budget_100_pop_1000_parents_10_gen_5_loss_standard,diversity_sampling,4.494004503442491,4.015458421995367,-0.4785460814471234
h2_0.40_budget_100_pop_1000_parents_10_gen_5_loss_strong,fixed_sampling,4.313304934965095,4.658632464902005,0.3453275299369096
h2_0.40_budget_100_pop_1000_parents_10_gen_5_loss_weak,diversity_sampling,4.688420647474983,4.115411382383049,-0.5730092650919341
h2_0.40_budget_100_pop_1000_parents_10_gen_8_loss_standard,active_learning_pev,4.861722666573158,4.934137887916717,0.07241522134355893
h2_0.40_budget_100_pop_1000_parents_10_gen_8_loss_strong,diversity_sampling,4.832477927283182,4.882625952797155,0.05014802551397324
h2_0.40_budget_100_pop_1000_parents_10_gen_8_loss_weak,diversity_sampling,5.394529067468987,4.828656398793566,-0.5658726686754214
h2_0.40_budget_100_pop_1000_parents_20_gen_12_loss_standard,diversity_sampling,5.9566889373998855,5.543334335243066,-0.4133546021568195
h2_0.40_budget_100_pop_1000_parents_20_gen_12_loss_strong,fixed_sampling,4.939793112612493,4.7108841668516375,-0.22890894576085596
h2_0.40_budget_100_pop_1000_parents_20_gen_12_loss_weak,diversity_sampling,5.809852773896815,5.748972242755685,-0.060880531141130234
h2_0.40_budget_100_pop_1000_parents_20_gen_5_loss_standard,highest_gebv,4.267841032429985,4.369392156104843,0.10155112367485852
h2_0.40_budget_100_pop_1000_parents_20_gen_5_loss_strong,diversity_sampling,4.717441804645876,4.021722458171074,-0.6957193464748022
h2_0.40_budget_100_pop_1000_parents_20_gen_5_loss_weak,active_learning_pev,4.545612759767407,3.716246301947417,-0.8293664578199906
h2_0.40_budget_100_pop_1000_parents_20_gen_8_loss_standard,active_learning_pev,4.741300812726127,4.665593428232289,-0.07570738449383807
h2_0.40_budget_100_pop_1000_parents_20_gen_8_loss_strong,diversity_sampling,4.80631948703945,5.349911044278777,0.5435915572393268
h2_0.40_budget_100_pop_1000_parents_20_gen_8_loss_weak,fixed_sampling,5.2325650810050455,4.822374688075352,-0.4101903929296933
h2_0.40_budget_100_pop_1000_parents_40_gen_12_loss_standard,diversity_sampling,5.765887115991511,5.888960921791646,0.12307380580013483
h2_0.40_budget_100_pop_1000_parents_40_gen_12_loss_strong,diversity_sampling,5.698027788830338,5.439908250111483,-0.25811953871885507
h2_0.40_budget_100_pop_1000_parents_40_gen_12_loss_weak,active_learning_pev,6.233271556325575,5.734798625018745,-0.49847293130683035
h2_0.40_budget_100_pop_1000_parents_40_gen_5_loss_standard,diversity_sampling,3.999803299044854,3.8567912133916935,-0.1430120856531607
h2_0.40_budget_100_pop_1000_parents_40_gen_5_loss_strong,fixed_sampling,3.651337369287679,4.101384332090995,0.45004696280331613
h2_0.40_budget_100_pop_1000_parents_40_gen_5_loss_weak,active_learning_pev,3.9360715841499037,4.1995805618824305,0.2635089777325268
h2_0.40_budget_100_pop_1000_parents_40_gen_8_loss_standard,highest_gebv,5.12536995310142,5.3448311275278995,0.2194611744264794
h2_0.40_budget_100_pop_1000_parents_40_gen_8_loss_strong,active_learning_pev,5.228593387475722,5.909006742070887,0.6804133545951654
h2_0.40_budget_100_pop_1000_parents_40_gen_8_loss_weak,highest_gebv,5.9158253487114,6.478480621120265,0.5626552724088647
h2_0.40_budget_100_pop_500_parents_10_gen_12_loss_standard,diversity_sampling,5.097195484966913,5.329941265908686,0.232745780941773
h2_0.40_budget_100_pop_500_parents_10_gen_12_loss_strong,diversity_sampling,4.290481749963755,4.948717704714699,0.6582359547509444
h2_0.40_budget_100_pop_500_parents_10_gen_12_loss_weak,diversity_sampling,5.015702511527664,4.623500775589904,-0.39220173593775964
h2_0.40_budget_100_pop_500_parents_10_gen_5_loss_standard,highest_gebv,4.295957306821911,4.467644749478748,0.17168744265683777
h2_0.40_budget_100_pop_500_parents_10_gen_5_loss_strong,highest_gebv,3.9304583446575987,4.522914842486014,0.5924564978284157
h2_0.40_budget_100_pop_500_parents_10_gen_5_loss_weak,active_learning_pev,4.765611709262604,5.302909956076469,0.5372982468138652
h2_0.40_budget_100_pop_500_parents_10_gen_8_loss_standard,diversity_sampling,4.377732692602785,4.566370721945152,0.18863802934236684
h2_0.40_budget_100_pop_500_parents_10_gen_8_loss_strong,diversity_sampling,4.295592376600362,4.786455446852073,0.49086307025171116
h2_0.40_budget_100_pop_500_parents_10_gen_8_loss_weak,active_learning_pev,4.46462539003891,4.12693867478712,-0.33768671525178995
h2_0.40_budget_100_pop_500_parents_20_gen_12_loss_standard,active_learning_pev,5.803630326366732,5.297375359884079,-0.5062549664826532
h2_0.40_budget_100_pop_500_parents_20_gen_12_loss_strong,diversity_sampling,4.226447211725994,4.933556258309943,0.7071090465839482
h2_0.40_budget_100_pop_500_parents_20_gen_12_loss_weak,random_sampling,5.179847990479544,5.214720428628688,0.03487243814914365
h2_0.40_budget_100_pop_500_parents_20_gen_5_loss_standard,highest_gebv,4.372001312500928,3.697776186648719,-0.6742251258522094
h2_0.40_budget_100_pop_500_parents_20_gen_5_loss_strong,fixed_sampling,3.820243567172218,4.258425236827294,0.43818166965507555
h2_0.40_budget_100_pop_500_parents_20_gen_5_loss_weak,active_learning_pev,3.951181622584894,4.629482939933678,0.678301317348784
h2_0.40_budget_100_pop_500_parents_20_gen_8_loss_standard,highest_gebv,4.529821313169779,5.189535467801479,0.6597141546316996
h2_0.40_budget_100_pop_500_parents_20_gen_8_loss_strong,random_sampling,4.881825393466624,5.162974239133258,0.28114884566663445
h2_0.40_budget_100_pop_500_parents_20_gen_8_loss_weak,active_learning_pev,5.1007672503875225,5.072106804474228,-0.028660445913294197
h2_0.40_budget_100_pop_500_parents_40_gen_12_loss_standard,active_learning_pev,5.987552574339699,5.728326593654994,-0.2592259806847057
h2_0.40_budget_100_pop_500_parents_40_gen_12_loss_strong,fixed_sampling,5.375824922416048,6.165284127618538,0.7894592052024896
h2_0.40_budget_100_pop_500_parents_40_gen_12_loss_weak,highest_gebv,5.64824640323877,6.608111302106294,0.959864898867524
h2_0.40_budget_100_pop_500_parents_40_gen_5_loss_standard,active_learning_pev,3.345647013803832,3.8442577081128064,0.49861069430897453
h2_0.40_budget_100_pop_500_parents_40_gen_5_loss_strong,active_learning_pev,3.356501588732378,3.8786636605178124,0.5221620717854343
h2_0.40_budget_100_pop_500_parents_40_gen_5_loss_weak,fixed_sampling,3.6309550128755625,4.433922577450794,0.8029675645752312
h2_0.40_budget_100_pop_500_parents_40_gen_8_loss_standard,active_learning_pev,5.059288729714215,5.292978857587214,0.23369012787299948
h2_0.40_budget_100_pop_500_parents_40_gen_8_loss_strong,diversity_sampling,5.127889124160686,4.235483195181205,-0.892405928979481
h2_0.40_budget_100_pop_500_parents_40_gen_8_loss_weak,diversity_sampling,5.071060364956488,5.136810292859241,0.06574992790275314
h2_0.40_budget_200_pop_1000_parents_10_gen_12_loss_standard,diversity_sampling,5.489197439840475,5.955972012364107,0.4667745725236321
h2_0.40_budget_200_pop_1000_parents_10_gen_12_loss_strong,diversity_sampling,5.455223823155183,4.996974433039667,-0.45824939011551624
h2_0.40_budget_200_pop_1000_parents_10_gen_12_loss_weak,diversity_sampling,5.65389504722033,4.708899579497474,-0.9449954677228565
h2_0.40_budget_200_pop_1000_parents_10_gen_5_loss_standard,diversity_sampling,5.709800543224085,4.598843441811682,-1.110957101412403
h2_0.40_budget_200_pop_1000_parents_10_gen_5_loss_strong,highest_gebv,4.8988959232095555,4.563786834112906,-0.33510908909664927
h2_0.40_budget_200_pop_1000_parents_10_gen_5_loss_weak,active_learning_pev,5.581453781337806,5.725563922677331,0.14411014133952538
h2_0.40_budget_200_pop_1000_parents_10_gen_8_loss_standard,diversity_sampling,5.827076110256127,5.7445331226510215,-0.08254298760510537
h2_0.40_budget_200_pop_1000_parents_10_gen_8_loss_strong,highest_gebv,5.104479379290642,4.985254370194817,-0.11922500909582467
h2_0.40_budget_200_pop_1000_parents_10_gen_8_loss_weak,fixed_sampling,4.7983129222588845,4.43776594211094,-0.3605469801479444
h2_0.40_budget_200_pop_1000_parents_20_gen_12_loss_standard,active_learning_pev,6.218156400520949,6.016954461332946,-0.2012019391880031
h2_0.40_budget_200_pop_1000_parents_20_gen_12_loss_strong,diversity_sampling,6.186156260468901,5.463604284185652,-0.7225519762832491
h2_0.40_budget_200_pop_1000_parents_20_gen_12_loss_weak,diversity_sampling,6.0941601856317655,4.986239349494398,-1.1079208361373674
h2_0.40_budget_200_pop_1000_parents_20_gen_5_loss_standard,random_sampling,4.698655651822983,5.485775441033698,0.7871197892107151
h2_0.40_budget_200_pop_1000_parents_20_gen_5_loss_strong,diversity_sampling,5.099980129289705,4.809944192598324,-0.29003593669138095
h2_0.40_budget_200_pop_1000_parents_20_gen_5_loss_weak,active_learning_pev,5.155142536176775,4.814634809561923,-0.3405077266148515
h2_0.40_budget_200_pop_1000_parents_20_gen_8_loss_standard,diversity_sampling,5.55722411561687,6.3504119968602915,0.7931878812434219
h2_0.40_budget_200_pop_1000_parents_20_gen_8_loss_strong,fixed_sampling,5.323343068118638,5.754423903859627,0.431080835740989
h2_0.40_budget_200_pop_1000_parents_20_gen_8_loss_weak,active_learning_pev,6.572872377284296,6.567624859723712,-0.005247517560583503
h2_0.40_budget_200_pop_1000_parents_40_gen_12_loss_standard,diversity_sampling,6.187731868314201,6.8180977697046385,0.6303659013904372
h2_0.40_budget_200_pop_1000_parents_40_gen_12_loss_strong,diversity_sampling,5.723858612338488,5.795983560551581,0.07212494821309257
h2_0.40_budget_200_pop_1000_parents_40_gen_12_loss_weak,diversity_sampling,6.273619321791355,5.45914297855411,-0.8144763432372457
h2_0.40_budget_200_pop_1000_parents_40_gen_5_loss_standard,highest_gebv,5.412285998453725,5.317002872626996,-0.09528312582672882
h2_0.40_budget_200_pop_1000_parents_40_gen_5_loss_strong,active_learning_pev,4.53640728213386,4.923164124559652,0.38675684242579234
h2_0.40_budget_200_pop_1000_parents_40_gen_5_loss_weak,active_learning_pev,4.153932873903277,4.825370369974041,0.6714374960707641
h2_0.40_budget_200_pop_1000_parents_40_gen_8_loss_standard,highest_gebv,6.040068517356541,6.452626870191119,0.4125583528345773
h2_0.40_budget_200_pop_1000_parents_40_gen_8_loss_strong,diversity_sampling,6.003252901162533,5.933362894720806,-0.06989000644172716
h2_0.40_budget_200_pop_1000_parents_40_gen_8_loss_weak,highest_gebv,5.671648188536763,5.864874823749836,0.19322663521307248
h2_0.40_budget_200_pop_500_parents_10_gen_12_loss_standard,highest_gebv,5.125439906289189,5.8850901792310095,0.7596502729418209
h2_0.40_budget_200_pop_500_parents_10_gen_12_loss_strong,active_learning_pev,5.490703337464275,5.756391069809105,0.2656877323448299
h2_0.40_budget_200_pop_500_parents_10_gen_12_loss_weak,fixed_sampling,5.170563282076812,5.4343031287832,0.26373984670638784
h2_0.40_budget_200_pop_500_parents_10_gen_5_loss_standard,random_sampling,5.206103179712889,5.4532557439263805,0.24715256421349174
h2_0.40_budget_200_pop_500_parents_10_gen_5_loss_strong,diversity_sampling,4.668171688759894,4.097167484510801,-0.5710042042490926
h2_0.40_budget_200_pop_500_parents_10_gen_5_loss_weak,highest_gebv,4.5764830424286975,4.58631583705981,0.009832794631112307
h2_0.40_budget_200_pop_500_parents_10_gen_8_loss_standard,fixed_sampling,5.332972081290013,5.8207764945912395,0.4878044133012267
h2_0.40_budget_200_pop_500_parents_10_gen_8_loss_strong,fixed_sampling,5.236616424846477,5.130104270576272,-0.106512154270205
h2_0.40_budget_200_pop_500_parents_10_gen_8_loss_weak,active_learning_pev,5.161391077943275,5.113027130296147,-0.048363947647128036
h2_0.40_budget_200_pop_500_parents_20_gen_12_loss_standard,diversity_sampling,6.067349033146112,6.154724288568171,0.08737525542205926
h2_0.40_budget_200_pop_500_parents_20_gen_12_loss_strong,active_learning_pev,5.917870779142469,5.381869559874748,-0.536001219267721
h2_0.40_budget_200_pop_500_parents_20_gen_12_loss_weak,highest_gebv,5.958108557423024,6.0997702159345275,0.14166165851150314
h2_0.40_budget_200_pop_500_parents_20_gen_5_loss_standard,active_learning_pev,4.993631878216518,5.607098167996114,0.6134662897795957
h2_0.40_budget_200_pop_500_parents_20_gen_5_loss_strong,diversity_sampling,4.574495460937378,5.2970602270102995,0.7225647660729217
h2_0.40_budget_200_pop_500_parents_20_gen_5_loss_weak,highest_gebv,4.462850071589806,5.047215598010859,0.5843655264210534
h2_0.40_budget_200_pop_500_parents_20_gen_8_loss_standard,active_learning_pev,4.92046640872313,4.916997135653354,-0.003469273069776513
h2_0.40_budget_200_pop_500_parents_20_gen_8_loss_strong,active_learning_pev,6.006711882556146,4.801284177929787,-1.2054277046263584
h2_0.40_budget_200_pop_500_parents_20_gen_8_loss_weak,fixed_sampling,5.627910499913031,5.947004554050342,0.3190940541373113
h2_0.40_budget_200_pop_500_parents_40_gen_12_loss_standard,highest_gebv,5.943534473796594,6.7025807177849686,0.759046243988375
h2_0.40_budget_200_pop_500_parents_40_gen_12_loss_strong,highest_gebv,6.106717408000459,5.401298184475407,-0.7054192235250518
h2_0.40_budget_200_pop_500_parents_40_gen_12_loss_weak,active_learning_pev,6.336195077179833,7.217559754667913,0.8813646774880795
h2_0.40_budget_200_pop_500_parents_40_gen_5_loss_standard,highest_gebv,4.3941074266462605,4.658423419647134,0.2643159930008734
h2_0.40_budget_200_pop_500_parents_40_gen_5_loss_strong,highest_gebv,4.546274600141937,4.6844040940885305,0.13812949394659313
h2_0.40_budget_200_pop_500_parents_40_gen_5_loss_weak,active_learning_pev,4.219836795982279,4.798553690062717,0.5787168940804381
h2_0.40_budget_200_pop_500_parents_40_gen_8_loss_standard,fixed_sampling,5.489921315131899,5.862075725913564,0.3721544107816648
h2_0.40_budget_200_pop_500_parents_40_gen_8_loss_strong,active_learning_pev,5.538048274530342,5.009780428741536,-0.5282678457888066
h2_0.40_budget_200_pop_500_parents_40_gen_8_loss_weak,diversity_sampling,5.842488519770273,5.889942241085876,0.04745372131560277
h2_0.40_budget_75_pop_1000_parents_10_gen_12_loss_standard,diversity_sampling,4.952212379654369,5.003396814458502,0.05118443480413326
h2_0.40_budget_75_pop_1000_parents_10_gen_12_loss_strong,active_learning_pev,5.247418802942615,4.812605381748735,-0.4348134211938799
h2_0.40_budget_75_pop_1000_parents_10_gen_12_loss_weak,highest_gebv,4.808748602493295,4.762676534200917,-0.046072068292377644
h2_0.40_budget_75_pop_1000_parents_10_gen_5_loss_standard,diversity_sampling,4.254955417646223,4.281087691564273,0.02613227391804962
h2_0.40_budget_75_pop_1000_parents_10_gen_5_loss_strong,active_learning_pev,4.792049915549929,3.604744406938044,-1.1873055086118849
h2_0.40_budget_75_pop_1000_parents_10_gen_5_loss_weak,active_learning_pev,4.379199121783208,5.1143522337563665,0.7351531119731582
h2_0.40_budget_75_pop_1000_parents_10_gen_8_loss_standard,diversity_sampling,3.937278529012703,4.237761929593192,0.3004834005804886
h2_0.40_budget_75_pop_1000_parents_10_gen_8_loss_strong,active_learning_pev,5.160561367217618,4.483686087334498,-0.6768752798831192
h2_0.40_budget_75_pop_1000_parents_10_gen_8_loss_weak,active_learning_pev,5.71809213875423,5.219889358430841,-0.49820278032338905
h2_0.40_budget_75_pop_1000_parents_20_gen_12_loss_standard,active_learning_pev,5.12710252852568,4.7688390473292115,-0.35826348119646845
h2_0.40_budget_75_pop_1000_parents_20_gen_12_loss_strong,diversity_sampling,5.222967863879863,4.497522956482231,-0.7254449073976321
h2_0.40_budget_75_pop_1000_parents_20_gen_12_loss_weak,diversity_sampling,5.422751123385013,4.577559150947352,-0.8451919724376609
h2_0.40_budget_75_pop_1000_parents_20_gen_5_loss_standard,active_learning_pev,4.349742462025612,4.774619201137028,0.4248767391114159
h2_0.40_budget_75_pop_1000_parents_20_gen_5_loss_strong,active_learning_pev,5.07946082153472,4.7818839369596615,-0.2975768845750588
h2_0.40_budget_75_pop_1000_parents_20_gen_5_loss_weak,active_learning_pev,4.341141757681969,5.290927140477478,0.9497853827955085
h2_0.40_budget_75_pop_1000_parents_20_gen_8_loss_standard,active_learning_pev,5.358950016099782,5.3137127735559675,-0.04523724254381456
h2_0.40_budget_75_pop_1000_parents_20_gen_8_loss_strong,highest_gebv,4.806600145062849,4.4691602650707685,-0.3374398799920808
h2_0.40_budget_75_pop_1000_parents_20_gen_8_loss_weak,diversity_sampling,5.398680971749108,4.940690278789634,-0.45799069295947437
h2_0.40_budget_75_pop_1000_parents_40_gen_12_loss_standard,highest_gebv,6.27961655934894,6.232254140788491,-0.04736241856044909
h2_0.40_budget_75_pop_1000_parents_40_gen_12_loss_strong,active_learning_pev,5.766438832989096,5.291090551502147,-0.47534828148694963
h2_0.40_budget_75_pop_1000_parents_40_gen_12_loss_weak,active_learning_pev,5.920171738008563,6.145612067644336,0.22544032963577365
h2_0.40_budget_75_pop_1000_parents_40_gen_5_loss_standard,diversity_sampling,3.909728307808891,3.8526250330459955,-0.05710327476289567
h2_0.40_budget_75_pop_1000_parents_40_gen_5_loss_strong,highest_gebv,4.331165753780949,4.07958613113913,-0.25157962264181943
h2_0.40_budget_75_pop_1000_parents_40_gen_5_loss_weak,diversity_sampling,4.04934974879526,4.455510520209024,0.40616077141376383
h2_0.40_budget_75_pop_1000_parents_40_gen_8_loss_standard,highest_gebv,4.794193398897242,5.4607235941158265,0.6665301952185843
h2_0.40_budget_75_pop_1000_parents_40_gen_8_loss_strong,highest_gebv,4.465930053030775,4.455367878892108,-0.010562174138666336
h2_0.40_budget_75_pop_1000_parents_40_gen_8_loss_weak,diversity_sampling,5.168872626417879,5.794614923920027,0.625742297502148
h2_0.40_budget_75_pop_500_parents_10_gen_12_loss_standard,diversity_sampling,5.2489292271238375,4.521577301718893,-0.7273519254049443
h2_0.40_budget_75_pop_500_parents_10_gen_12_loss_strong,diversity_sampling,4.329000496743766,4.964241959927961,0.6352414631841947
h2_0.40_budget_75_pop_500_parents_10_gen_12_loss_weak,active_learning_pev,4.501865237689073,5.356438040114814,0.8545728024257411
h2_0.40_budget_75_pop_500_parents_10_gen_5_loss_standard,highest_gebv,4.0529044965331655,4.664950324598421,0.6120458280652556
h2_0.40_budget_75_pop_500_parents_10_gen_5_loss_strong,active_learning_pev,4.054213156394497,4.500170817639014,0.44595766124451686
h2_0.40_budget_75_pop_500_parents_10_gen_5_loss_weak,highest_gebv,4.096962448060733,4.415952681117763,0.31899023305703
h2_0.40_budget_75_pop_500_parents_10_gen_8_loss_standard,highest_gebv,4.4374639270995395,5.3800720347079185,0.942608107608379
h2_0.40_budget_75_pop_500_parents_10_gen_8_loss_strong,highest_gebv,4.6713723998755645,4.51431276166844,-0.15705963820712476
h2_0.40_budget_75_pop_500_parents_10_gen_8_loss_weak,diversity_sampling,5.007001945252731,5.648855636772731,0.6418536915199997
h2_0.40_budget_75_pop_500_parents_20_gen_12_loss_standard,diversity_sampling,4.814555914501976,4.125088511273398,-0.6894674032285781
h2_0.40_budget_75_pop_500_parents_20_gen_12_loss_strong,highest_gebv,4.185846709525619,5.06943895660822,0.8835922470826008
h2_0.40_budget_75_pop_500_parents_20_gen_12_loss_weak,highest_gebv,6.065600369019935,6.045812243081912,-0.019788125938023704
h2_0.40_budget_75_pop_500_parents_20_gen_5_loss_standard,highest_gebv,4.3242675280076375,4.687113073764354,0.36284554575671635
h2_0.40_budget_75_pop_500_parents_20_gen_5_loss_strong,highest_gebv,3.8415900648194103,4.6313246444540885,0.7897345796346782
h2_0.40_budget_75_pop_500_parents_20_gen_5_loss_weak,active_learning_pev,4.1493933833706045,4.3226784417489625,0.17328505837835806
h2_0.40_budget_75_pop_500_parents_20_gen_8_loss_standard,diversity_sampling,5.080089277669095,4.841214570414963,-0.23887470725413174
h2_0.40_budget_75_pop_500_parents_20_gen_8_loss_strong,diversity_sampling,4.999901300621199,4.156308967700174,-0.8435923329210251
h2_0.40_budget_75_pop_500_parents_20_gen_8_loss_weak,active_learning_pev,4.768658440911536,5.13405041855789,0.3653919776463539
h2_0.40_budget_75_pop_500_parents_40_gen_12_loss_standard,active_learning_pev,5.3822771625609365,6.3196532383631405,0.9373760758022041
h2_0.40_budget_75_pop_500_parents_40_gen_12_loss_strong,diversity_sampling,4.963930331089769,4.903984997014709,-0.059945334075059975
h2_0.40_budget_75_pop_500_parents_40_gen_12_loss_weak,diversity_sampling,5.601999894833764,6.4687796206709764,0.8667797258372127
h2_0.40_budget_75_pop_500_parents_40_gen_5_loss_standard,diversity_sampling,3.4993868779352666,3.782870140624117,0.2834832626888506
h2_0.40_budget_75_pop_500_parents_40_gen_5_loss_strong,diversity_sampling,3.6070045233762733,3.7900389279479954,0.18303440457172204
h2_0.40_budget_75_pop_500_parents_40_gen_5_loss_weak,active_learning_pev,3.2738914490261752,3.9342028088507153,0.66031135982454
h2_0.40_budget_75_pop_500_parents_40_gen_8_loss_standard,diversity_sampling,4.978894357078985,4.95258975344845,-0.02630460363053544
h2_0.40_budget_75_pop_500_parents_40_gen_8_loss_strong,active_learning_pev,4.213478982941415,5.263301588465253,1.049822605523838
h2_0.40_budget_75_pop_500_parents_40_gen_8_loss_weak,highest_gebv,4.719244630670008,5.533931273283163,0.8146866426131547
h2_0.70_budget_100_pop_1000_parents_10_gen_12_loss_standard,diversity_sampling,5.318978440659194,5.740407230427054,0.4214287897678597
h2_0.70_budget_100_pop_1000_parents_10_gen_12_loss_strong,active_learning_pev,6.479135249845139,5.248937951724435,-1.2301972981207037
h2_0.70_budget_100_pop_1000_parents_10_gen_12_loss_weak,diversity_sampling,6.725005700428597,4.563074222793497,-2.1619314776351004
h2_0.70_budget_100_pop_1000_parents_10_gen_5_loss_standard,diversity_sampling,5.377868035276937,4.8198437467435715,-0.5580242885333657
h2_0.70_budget_100_pop_1000_parents_10_gen_5_loss_strong,diversity_sampling,5.250339340580605,5.343806406188769,0.09346706560816376
h2_0.70_budget_100_pop_1000_parents_10_gen_5_loss_weak,diversity_sampling,5.484965299027906,4.504343452804458,-0.980621846223448
h2_0.70_budget_100_pop_1000_parents_10_gen_8_loss_standard,active_learning_pev,5.951549465722047,6.0439748796835815,0.09242541396153481
h2_0.70_budget_100_pop_1000_parents_10_gen_8_loss_strong,diversity_sampling,6.316395898990815,5.551548569420184,-0.7648473295706308
h2_0.70_budget_100_pop_1000_parents_10_gen_8_loss_weak,diversity_sampling,6.1657026897003275,5.620372964319962,-0.5453297253803653
h2_0.70_budget_100_pop_1000_parents_20_gen_12_loss_standard,diversity_sampling,6.732691583844974,6.691823104898869,-0.04086847894610557
h2_0.70_budget_100_pop_1000_parents_20_gen_12_loss_strong,active_learning_pev,6.627264134023036,6.363061882942152,-0.26420225108088324
h2_0.70_budget_100_pop_1000_parents_20_gen_12_loss_weak,highest_gebv,7.163178449853773,7.246721753451314,0.08354330359754059
h2_0.70_budget_100_pop_1000_parents_20_gen_5_loss_standard,diversity_sampling,5.359836434743374,5.114075439038918,-0.24576099570445642
h2_0.70_budget_100_pop_1000_parents_20_gen_5_loss_strong,highest_gebv,5.418764347882932,6.15700844494767,0.7382440970647384
h2_0.70_budget_100_pop_1000_parents_20_gen_5_loss_weak,highest_gebv,5.728950779474527,5.45078131224491,-0.2781694672296169
h2_0.70_budget_100_pop_1000_parents_20_gen_8_loss_standard,active_learning_pev,6.422521717816642,6.649815421167875,0.22729370335123278
h2_0.70_budget_100_pop_1000_parents_20_gen_8_loss_strong,diversity_sampling,6.479691257628719,7.037783947418478,0.5580926897897589
h2_0.70_budget_100_pop_1000_parents_20_gen_8_loss_weak,diversity_sampling,6.464127419684863,6.7782887879425955,0.3141613682577322
h2_0.70_budget_100_pop_1000_parents_40_gen_12_loss_standard,fixed_sampling,6.482313546866197,7.047567788017246,0.5652542411510488
h2_0.70_budget_100_pop_1000_parents_40_gen_12_loss_strong,diversity_sampling,6.604264460006841,5.975285265462207,-0.6289791945446339
h2_0.70_budget_100_pop_1000_parents_40_gen_12_loss_weak,active_learning_pev,6.626297183377628,7.193568534086206,0.5672713507085785
h2_0.70_budget_100_pop_1000_parents_40_gen_5_loss_standard,diversity_sampling,4.596176708200608,4.59578933354194,-0.000387374658668449
h2_0.70_budget_100_pop_1000_parents_40_gen_5_loss_strong,active_learning_pev,4.65515032887371,4.22696596415035,-0.42818436472336074
h2_0.70_budget_100_pop_1000_parents_40_gen_5_loss_weak,highest_gebv,5.13118942031522,5.401876530938473,0.27068711062325335
h2_0.70_budget_100_pop_1000_parents_40_gen_8_loss_standard,diversity_sampling,6.558312697958889,6.263552165896836,-0.2947605320620532
h2_0.70_budget_100_pop_1000_parents_40_gen_8_loss_strong,diversity_sampling,6.152050669850545,5.872699640532797,-0.27935102931774747
h2_0.70_budget_100_pop_1000_parents_40_gen_8_loss_weak,diversity_sampling,6.142157703957949,6.789569167241893,0.6474114632839445
h2_0.70_budget_100_pop_500_parents_10_gen_12_loss_standard,active_learning_pev,5.617551106497431,6.455810877460003,0.8382597709625719
h2_0.70_budget_100_pop_500_parents_10_gen_12_loss_strong,active_learning_pev,4.704181731918637,5.8284231531686865,1.1242414212500496
h2_0.70_budget_100_pop_500_parents_10_gen_12_loss_weak,diversity_sampling,6.07559823453214,5.997238131053489,-0.07836010347865052
h2_0.70_budget_100_pop_500_parents_10_gen_5_loss_standard,highest_gebv,5.34841645308433,5.6080722046899885,0.2596557516056581
h2_0.70_budget_100_pop_500_parents_10_gen_5_loss_strong,highest_gebv,5.124585974603065,5.621421343183774,0.496835368580709
h2_0.70_budget_100_pop_500_parents_10_gen_5_loss_weak,diversity_sampling,5.209238069799492,5.016913725401973,-0.19232434439751955
h2_0.70_budget_100_pop_500_parents_10_gen_8_loss_standard,random_sampling,5.909631229975761,5.721059650650002,-0.1885715793257594
h2_0.70_budget_100_pop_500_parents_10_gen_8_loss_strong,active_learning_pev,5.742755357134812,5.31421691117739,-0.42853844595742263
h2_0.70_budget_100_pop_500_parents_10_gen_8_loss_weak,fixed_sampling,5.1255063402019525,6.893922080451481,1.7684157402495284
h2_0.70_budget_100_pop_500_parents_20_gen_12_loss_standard,active_learning_pev,7.262662699062292,6.466240180582253,-0.7964225184800391
h2_0.70_budget_100_pop_500_parents_20_gen_12_loss_strong,diversity_sampling,6.184762799931193,5.772167522352571,-0.4125952775786228
h2_0.70_budget_100_pop_500_parents_20_gen_12_loss_weak,active_learning_pev,7.423517106807615,6.865572400624605,-0.5579447061830098
h2_0.70_budget_100_pop_500_parents_20_gen_5_loss_standard,highest_gebv,4.917372464091774,4.911723151872918,-0.005649312218856117
h2_0.70_budget_100_pop_500_parents_20_gen_5_loss_strong,highest_gebv,5.154592198784087,4.943683434848267,-0.21090876393582025
h2_0.70_budget_100_pop_500_parents_20_gen_5_loss_weak,random_sampling,4.958241711044134,5.2712958714261875,0.3130541603820536
h2_0.70_budget_100_pop_500_parents_20_gen_8_loss_standard,diversity_sampling,5.477530526182484,5.13441917842247,-0.34311134776001406
h2_0.70_budget_100_pop_500_parents_20_gen_8_loss_strong,active_learning_pev,5.230994430348768,5.078730303618976,-0.15226412672979173
h2_0.70_budget_100_pop_500_parents_20_gen_8_loss_weak,diversity_sampling,6.262488329540912,5.510936530191448,-0.751551799349464
h2_0.70_budget_100_pop_500_parents_40_gen_12_loss_standard,random_sampling,7.151088450218587,6.989663594394167,-0.16142485582442045
h2_0.70_budget_100_pop_500_parents_40_gen_12_loss_strong,highest_gebv,6.501410465376392,6.273058467383848,-0.2283519979925437
h2_0.70_budget_100_pop_500_parents_40_gen_12_loss_weak,active_learning_pev,6.906240843759561,7.184629099886885,0.27838825612732343
h2_0.70_budget_100_pop_500_parents_40_gen_5_loss_standard,highest_gebv,4.514249992676818,4.952627618374167,0.43837762569734906
h2_0.70_budget_100_pop_500_parents_40_gen_5_loss_strong,highest_gebv,4.273112497938848,4.58974448723774,0.3166319892988927
h2_0.70_budget_100_pop_500_parents_40_gen_5_loss_weak,diversity_sampling,4.707243216573288,4.852741601430817,0.14549838485752886
h2_0.70_budget_100_pop_500_parents_40_gen_8_loss_standard,diversity_sampling,6.058218126568072,6.426715995688997,0.3684978691209251
h2_0.70_budget_100_pop_500_parents_40_gen_8_loss_strong,highest_gebv,5.314812709375928,4.633437733642132,-0.6813749757337959
h2_0.70_budget_100_pop_500_parents_40_gen_8_loss_weak,active_learning_pev,5.752209491623918,6.183443776133877,0.4312342845099586
h2_0.70_budget_200_pop_1000_parents_10_gen_12_loss_standard,diversity_sampling,6.243995858587926,6.281683331263864,0.03768747267593753
h2_0.70_budget_200_pop_1000_parents_10_gen_12_loss_strong,fixed_sampling,6.603014789574828,6.852144563102498,0.2491297735276703
h2_0.70_budget_200_pop_1000_parents_10_gen_12_loss_weak,diversity_sampling,6.809290186021823,5.815910614186954,-0.9933795718348684
h2_0.70_budget_200_pop_1000_parents_10_gen_5_loss_standard,diversity_sampling,6.126487291020531,6.161270257878544,0.034782966858013076
h2_0.70_budget_200_pop_1000_parents_10_gen_5_loss_strong,diversity_sampling,6.106920520269207,5.714332079970589,-0.39258844029861795
h2_0.70_budget_200_pop_1000_parents_10_gen_5_loss_weak,diversity_sampling,6.42456347602148,5.066403492256339,-1.358159983765141
h2_0.70_budget_200_pop_1000_parents_10_gen_8_loss_standard,diversity_sampling,6.889323123541247,5.022156171925026,-1.8671669516162206
h2_0.70_budget_200_pop_1000_parents_10_gen_8_loss_strong,diversity_sampling,6.63898395232579,6.697816659205135,0.058832706879345054
h2_0.70_budget_200_pop_1000_parents_10_gen_8_loss_weak,diversity_sampling,7.441717943275077,5.241900766762404,-2.1998171765126733
h2_0.70_budget_200_pop_1000_parents_20_gen_12_loss_standard,diversity_sampling,7.3791469320395064,7.476822260029169,0.09767532798966272
h2_0.70_budget_200_pop_1000_parents_20_gen_12_loss_strong,active_learning_pev,7.651238823931727,7.055977903069798,-0.5952609208619286
h2_0.70_budget_200_pop_1000_parents_20_gen_12_loss_weak,active_learning_pev,8.137440801858196,8.040289893553068,-0.09715090830512807
h2_0.70_budget_200_pop_1000_parents_20_gen_5_loss_standard,diversity_sampling,5.804919548817776,6.027017611296553,0.22209806247877673
h2_0.70_budget_200_pop_1000_parents_20_gen_5_loss_strong,diversity_sampling,5.912802092641617,5.901974750892573,-0.010827341749044095
h2_0.70_budget_200_pop_1000_parents_20_gen_5_loss_weak,active_learning_pev,6.140532519636384,5.658505077421805,-0.48202744221457916
h2_0.70_budget_200_pop_1000_parents_20_gen_8_loss_standard,active_learning_pev,7.337253955485479,6.8310041431380775,-0.5062498123474013
h2_0.70_budget_200_pop_1000_parents_20_gen_8_loss_strong,diversity_sampling,6.8163803466367625,6.567109214301431,-0.24927113233533138
h2_0.70_budget_200_pop_1000_parents_20_gen_8_loss_weak,active_learning_pev,6.660066433161226,6.81238966724542,0.15232323408419468
h2_0.70_budget_200_pop_1000_parents_40_gen_12_loss_standard,active_learning_pev,7.362532909409122,7.174764483789886,-0.187768425619236
h2_0.70_budget_200_pop_1000_parents_40_gen_12_loss_strong,diversity_sampling,7.904144059582741,7.485512642212409,-0.4186314173703316
h2_0.70_budget_200_pop_1000_parents_40_gen_12_loss_weak,diversity_sampling,7.84356954642996,7.3717874712744385,-0.47178207515552195
h2_0.70_budget_200_pop_1000_parents_40_gen_5_loss_standard,highest_gebv,5.2844904457501585,5.562039906265512,0.27754946051535345
h2_0.70_budget_200_pop_1000_parents_40_gen_5_loss_strong,diversity_sampling,5.437096601423145,5.171059566564035,-0.2660370348591101
h2_0.70_budget_200_pop_1000_parents_40_gen_5_loss_weak,diversity_sampling,5.421031510991896,5.286111543580744,-0.1349199674111521
h2_0.70_budget_200_pop_1000_parents_40_gen_8_loss_standard,diversity_sampling,6.82306838160446,7.0350915109926015,0.21202312938814138
h2_0.70_budget_200_pop_1000_parents_40_gen_8_loss_strong,diversity_sampling,7.042049538626663,6.877032934836404,-0.16501660379025918
h2_0.70_budget_200_pop_1000_parents_40_gen_8_loss_weak,highest_gebv,7.177129369585252,7.607940160494473,0.4308107909092209
h2_0.70_budget_200_pop_500_parents_10_gen_12_loss_standard,active_learning_pev,6.539596474973524,6.103170411344313,-0.4364260636292112
h2_0.70_budget_200_pop_500_parents_10_gen_12_loss_strong,fixed_sampling,6.006460057295338,6.1877080732093575,0.1812480159140195
h2_0.70_budget_200_pop_500_parents_10_gen_12_loss_weak,diversity_sampling,6.505939955601858,6.356196148775545,-0.1497438068263124
h2_0.70_budget_200_pop_500_parents_10_gen_5_loss_standard,active_learning_pev,5.313453809351153,5.937492604052141,0.6240387947009882
h2_0.70_budget_200_pop_500_parents_10_gen_5_loss_strong,active_learning_pev,5.623891680301121,5.671206877007929,0.04731519670680839
h2_0.70_budget_200_pop_500_parents_10_gen_5_loss_weak,highest_gebv,5.550492428306513,5.1937794165022835,-0.35671301180422965
h2_0.70_budget_200_pop_500_parents_10_gen_8_loss_standard,diversity_sampling,6.187659234273947,6.683953778839725,0.49629454456577804
h2_0.70_budget_200_pop_500_parents_10_gen_8_loss_strong,fixed_sampling,6.240728914958233,5.9785238690885585,-0.2622050458696741
h2_0.70_budget_200_pop_500_parents_10_gen_8_loss_weak,highest_gebv,6.492739573826547,6.574439195716013,0.08169962188946567
h2_0.70_budget_200_pop_500_parents_20_gen_12_loss_standard,fixed_sampling,6.550308490496711,6.28818083912559,-0.26212765137112104
h2_0.70_budget_200_pop_500_parents_20_gen_12_loss_strong,active_learning_pev,6.9628143932803725,7.333356216641934,0.3705418233615614
h2_0.70_budget_200_pop_500_parents_20_gen_12_loss_weak,diversity_sampling,7.714897948298078,7.4265641190526495,-0.2883338292454285
h2_0.70_budget_200_pop_500_parents_20_gen_5_loss_standard,highest_gebv,5.280979091302164,5.673095291589175,0.39211620028701066
h2_0.70_budget_200_pop_500_parents_20_gen_5_loss_strong,highest_gebv,5.76029777810878,6.090088963720116,0.32979118561133625
h2_0.70_budget_200_pop_500_parents_20_gen_5_loss_weak,diversity_sampling,5.807446017041755,5.778787565544758,-0.028658451496997195
h2_0.70_budget_200_pop_500_parents_20_gen_8_loss_standard,diversity_sampling,6.1387822190489105,6.8930535098751875,0.754271290826277
h2_0.70_budget_200_pop_500_parents_20_gen_8_loss_strong,highest_gebv,6.824464931304821,7.148537533617808,0.3240726023129872
h2_0.70_budget_200_pop_500_parents_20_gen_8_loss_weak,highest_gebv,6.82483317209648,7.048148299227427,0.22331512713094703
h2_0.70_budget_200_pop_500_parents_40_gen_12_loss_standard,highest_gebv,7.361536014779188,7.870010376345728,0.5084743615665399
h2_0.70_budget_200_pop_500_parents_40_gen_12_loss_strong,diversity_sampling,6.862923441899331,6.8840570427435095,0.0211336008441787
h2_0.70_budget_200_pop_500_parents_40_gen_12_loss_weak,active_learning_pev,7.762687196491065,6.967816207246822,-0.7948709892442425
h2_0.70_budget_200_pop_500_parents_40_gen_5_loss_standard,random_sampling,5.183952907138656,5.399658272792174,0.21570536565351794
h2_0.70_budget_200_pop_500_parents_40_gen_5_loss_strong,random_sampling,4.971658425450081,4.825023355022637,-0.14663507042744417
h2_0.70_budget_200_pop_500_parents_40_gen_5_loss_weak,fixed_sampling,5.110342287112954,5.307539833341218,0.19719754622826358
h2_0.70_budget_200_pop_500_parents_40_gen_8_loss_standard,active_learning_pev,6.761217489461053,6.423086217121359,-0.33813127233969453
h2_0.70_budget_200_pop_500_parents_40_gen_8_loss_strong,highest_gebv,6.2537163861450695,6.774491008173975,0.5207746220289051
h2_0.70_budget_200_pop_500_parents_40_gen_8_loss_weak,highest_gebv,6.862653700669327,6.804496188638313,-0.0581575120310136
h2_0.70_budget_75_pop_1000_parents_10_gen_12_loss_standard,diversity_sampling,5.489497852066922,3.8625877618551967,-1.6269100902117253
h2_0.70_budget_75_pop_1000_parents_10_gen_12_loss_strong,diversity_sampling,6.165309372361752,5.640328643690566,-0.5249807286711858
h2_0.70_budget_75_pop_1000_parents_10_gen_12_loss_weak,diversity_sampling,6.206063217059641,5.578105388354669,-0.6279578287049716
h2_0.70_budget_75_pop_1000_parents_10_gen_5_loss_standard,active_learning_pev,5.383412730948901,4.979954231165091,-0.40345849978381043
h2_0.70_budget_75_pop_1000_parents_10_gen_5_loss_strong,active_learning_pev,5.4349010406389455,5.480342260628025,0.045441219989079684
h2_0.70_budget_75_pop_1000_parents_10_gen_5_loss_weak,diversity_sampling,5.55540638629158,5.842133845391314,0.2867274590997342
h2_0.70_budget_75_pop_1000_parents_10_gen_8_loss_standard,diversity_sampling,5.974841802351215,5.709384362324752,-0.2654574400264629
h2_0.70_budget_75_pop_1000_parents_10_gen_8_loss_strong,diversity_sampling,5.847651816215827,6.393830712213216,0.5461788959973886
h2_0.70_budget_75_pop_1000_parents_10_gen_8_loss_weak,diversity_sampling,6.328984211440272,5.676918260062386,-0.6520659513778853
h2_0.70_budget_75_pop_1000_parents_20_gen_12_loss_standard,highest_gebv,5.945550612425212,6.96284878824148,1.0172981758162685
h2_0.70_budget_75_pop_1000_parents_20_gen_12_loss_strong,highest_gebv,6.217213683567363,6.438111419700779,0.22089773613341634
h2_0.70_budget_75_pop_1000_parents_20_gen_12_loss_weak,active_learning_pev,6.169150000080953,7.755845701042332,1.5866957009613785
h2_0.70_budget_75_pop_1000_parents_20_gen_5_loss_standard,diversity_sampling,5.348193347538275,5.488718411915996,0.14052506437772116
h2_0.70_budget_75_pop_1000_parents_20_gen_5_loss_strong,diversity_sampling,5.052243597928752,4.647962625911709,-0.40428097201704283
h2_0.70_budget_75_pop_1000_parents_20_gen_5_loss_weak,diversity_sampling,5.337919468898328,5.590858137384504,0.2529386684861761
h2_0.70_budget_75_pop_1000_parents_20_gen_8_loss_standard,active_learning_pev,6.08940337399619,5.845816178906811,-0.2435871950893791
h2_0.70_budget_75_pop_1000_parents_20_gen_8_loss_strong,highest_gebv,5.8246459694399855,5.944683892838461,0.12003792339847585
h2_0.70_budget_75_pop_1000_parents_20_gen_8_loss_weak,diversity_sampling,5.957541401716319,6.268653055541738,0.31111165382541905
h2_0.70_budget_75_pop_1000_parents_40_gen_12_loss_standard,active_learning_pev,6.596502421086302,6.657118494702384,0.06061607361608168
h2_0.70_budget_75_pop_1000_parents_40_gen_12_loss_strong,active_learning_pev,6.386255371763807,6.368015028220011,-0.018240343543795667
h2_0.70_budget_75_pop_1000_parents_40_gen_12_loss_weak,diversity_sampling,7.108141721343742,6.028519990034153,-1.0796217313095893
h2_0.70_budget_75_pop_1000_parents_40_gen_5_loss_standard,highest_gebv,5.207345514528025,4.742868440481707,-0.464477074046318
h2_0.70_budget_75_pop_1000_parents_40_gen_5_loss_strong,active_learning_pev,4.676475553281747,4.323331919874083,-0.3531436334076634
h2_0.70_budget_75_pop_1000_parents_40_gen_5_loss_weak,diversity_sampling,4.69460286881982,4.724327940507812,0.029725071687991544
h2_0.70_budget_75_pop_1000_parents_40_gen_8_loss_standard,diversity_sampling,5.753852197629641,5.873510984112053,0.1196587864824119
h2_0.70_budget_75_pop_1000_parents_40_gen_8_loss_strong,highest_gebv,5.650422293916615,5.715274988513371,0.06485269459675536
h2_0.70_budget_75_pop_1000_parents_40_gen_8_loss_weak,active_learning_pev,5.740158026378949,6.357274239271181,0.6171162128922321
h2_0.70_budget_75_pop_500_parents_10_gen_12_loss_standard,diversity_sampling,5.446068545154596,5.056771864056572,-0.3892966810980232
h2_0.70_budget_75_pop_500_parents_10_gen_12_loss_strong,diversity_sampling,5.93514553706548,5.992049245948395,0.056903708882914295
h2_0.70_budget_75_pop_500_parents_10_gen_12_loss_weak,diversity_sampling,5.434699692791351,5.914820969212715,0.4801212764213645
h2_0.70_budget_75_pop_500_parents_10_gen_5_loss_standard,diversity_sampling,5.35648721561557,5.103504667599545,-0.2529825480160257
h2_0.70_budget_75_pop_500_parents_10_gen_5_loss_strong,highest_gebv,4.995490121090265,5.08688424251649,0.09139412142622483
h2_0.70_budget_75_pop_500_parents_10_gen_5_loss_weak,highest_gebv,4.935648501482643,4.840564928472047,-0.09508357301059522
h2_0.70_budget_75_pop_500_parents_10_gen_8_loss_standard,diversity_sampling,5.82692362335118,5.19215860803986,-0.63476501531132
h2_0.70_budget_75_pop_500_parents_10_gen_8_loss_strong,diversity_sampling,5.297192011921752,5.460053627704279,0.16286161578252667
h2_0.70_budget_75_pop_500_parents_10_gen_8_loss_weak,highest_gebv,5.471561212619741,5.500336790803577,0.02877557818383636
h2_0.70_budget_75_pop_500_parents_20_gen_12_loss_standard,fixed_sampling,5.646274987863191,5.460589606810494,-0.18568538105269727
h2_0.70_budget_75_pop_500_parents_20_gen_12_loss_strong,highest_gebv,5.264316247648274,5.593923374288356,0.32960712664008174
h2_0.70_budget_75_pop_500_parents_20_gen_12_loss_weak,diversity_sampling,6.801058093073897,6.098864589362549,-0.7021935037113485
h2_0.70_budget_75_pop_500_parents_20_gen_5_loss_standard,highest_gebv,4.786309541489224,4.712628938629081,-0.07368060286014355
h2_0.70_budget_75_pop_500_parents_20_gen_5_loss_strong,fixed_sampling,4.002355093178568,4.618125777458066,0.6157706842794983
h2_0.70_budget_75_pop_500_parents_20_gen_5_loss_weak,random_sampling,4.51220798933841,4.657603722765357,0.14539573342694645
h2_0.70_budget_75_pop_500_parents_20_gen_8_loss_standard,active_learning_pev,5.659221317709714,5.691484298131911,0.032262980422196996
h2_0.70_budget_75_pop_500_parents_20_gen_8_loss_strong,highest_gebv,4.9514375216545465,5.550177353504014,0.5987398318494677
h2_0.70_budget_75_pop_500_parents_20_gen_8_loss_weak,active_learning_pev,5.933209621929234,5.571778053724338,-0.3614315682048961
h2_0.70_budget_75_pop_500_parents_40_gen_12_loss_standard,diversity_sampling,6.521130320445867,6.474003258072384,-0.047127062373482964
h2_0.70_budget_75_pop_500_parents_40_gen_12_loss_strong,diversity_sampling,6.0014599453617175,5.587560557707826,-0.4138993876538919
h2_0.70_budget_75_pop_500_parents_40_gen_12_loss_weak,highest_gebv,6.742436438049162,6.763969332696999,0.021532894647837253
h2_0.70_budget_75_pop_500_parents_40_gen_5_loss_standard,fixed_sampling,3.7906353606477565,4.330565827176501,0.5399304665287441
h2_0.70_budget_75_pop_500_parents_40_gen_5_loss_strong,active_learning_pev,4.233702078250762,3.9199248329258842,-0.31377724532487816
h2_0.70_budget_75_pop_500_parents_40_gen_5_loss_weak,random_sampling,4.329843555772441,4.62171834571909,0.2918747899466494
h2_0.70_budget_75_pop_500_parents_40_gen_8_loss_standard,active_learning_pev,5.3920088375947115,6.405411333484313,1.0134024958896015
h2_0.70_budget_75_pop_500_parents_40_gen_8_loss_strong,fixed_sampling,4.780873565834205,5.121173085635065,0.34029951980086004
h2_0.70_budget_75_pop_500_parents_40_gen_8_loss_weak,highest_gebv,5.704321106422803,5.967787157058718,0.2634660506359152
