scenario,strategy,replicate,seed,number_of_generations,total_number_phenotyped,initial_mean_genetic_value,final_mean_genetic_value,total_realized_genetic_gain,mean_gain_per_generation,gain_standard_deviation,gain_per_100_phenotypes,area_under_genetic_gain_curve,mean_prediction_accuracy,final_prediction_accuracy,minimum_prediction_accuracy,maximum_prediction_accuracy,prediction_accuracy_variability,initial_genetic_variance,final_genetic_variance,variance_retention,rate_of_variance_loss,cumulative_phenotyping_cost,mean_selection_seconds,mean_cycle_seconds,mean_initial_model_accuracy,mean_final_model_accuracy,total_cycle_seconds
h2_0.05_budget_200_pop_1000_parents_20_gen_8_loss_standard,averaged_one_step_switching_5_draws,1,42001,8,1600,-0.13314627914244165,4.596950425812138,4.73009670495458,0.5912620881193223,0.35042144378215795,0.29563104405966123,23.75609365731562,0.36861645405046356,0.3373432200686513,0.14752185851734226,0.5446020623196354,0.14502938990267786,0.9430240904123077,0.023633571533817156,0.025061471678294155,-0.11173018935096857,1600.0,0.23676825250004185,0.3226235219917726,0.16191992572262232,0.30353864274876396,1.2904940879670903
h2_0.05_budget_200_pop_1000_parents_20_gen_8_loss_standard,averaged_one_step_switching_5_draws,2,42002,8,1600,-0.13314627914244165,2.8384893310640638,2.9716356102065054,0.371454451275813,0.48877928583941926,0.18572722563790658,18.95151580033568,0.329162011769806,0.028505840326921,-0.1552709150283411,0.6356498796070245,0.29799710287414255,0.9430240904123077,0.00035178518124279976,0.0003730394428089241,-0.11590105960583522,1600.0,0.2043253024967271,0.29680327550158836,0.06491638911515323,0.18288799273986905,1.1872131020063534
h2_0.05_budget_200_pop_1000_parents_20_gen_8_loss_standard,averaged_one_step_switching_5_draws,3,42003,8,1600,-0.13314627914244165,2.619412758234406,2.7525590373768476,0.34406987967210595,0.4775576763477479,0.17203493983605297,17.592879858131926,0.3329635331192743,0.2123549977776564,0.14453244280663238,0.5905380057942843,0.17234437791530888,0.9430240904123077,0.00030264224622957204,0.0003209273753518335,-0.11022363796494039,1600.0,0.18433245412961696,0.27874514612267376,0.04301826972870754,0.3329635331192743,2.22996116898139
h2_0.05_budget_200_pop_1000_parents_20_gen_8_loss_standard,averaged_one_step_switching_5_draws,4,42004,8,1600,-0.13314627914244168,3.679423773799111,3.8125700529415525,0.476571256617694,0.2717559266366348,0.23828562830884703,18.10626211723672,0.33333276967864856,0.07691222830017626,0.07691222830017626,0.5023249886937061,0.1438871349228205,0.9430240904123077,0.011169557429412637,0.011844403067719191,-0.10465574312055237,1600.0,0.11998785900650547,0.21262689419672826,0.08123364585345974,0.2940564350233319,1.0631344709836412
h2_0.05_budget_200_pop_1000_parents_20_gen_8_loss_standard,averaged_one_step_switching_5_draws,5,42005,8,1600,-0.13314627914244165,4.8667941325825765,4.999940411725018,0.6249925514656272,0.4640660376918313,0.31249627573281363,27.610464312615075,0.30630819396706505,-0.20148792949687053,-0.20148792949687053,0.718906096895975,0.28861060070463407,0.9430240904123077,0.02756623142648666,0.02923173618442153,-0.11228547989056102,1600.0,0.21880244333685064,0.3036648950073868,0.06934550310344478,0.2667804940747605,0.9109946850221604
h2_0.05_budget_200_pop_1000_parents_20_gen_8_loss_standard,averaged_one_step_switching_5_draws,6,42006,8,1600,-0.13314627914244168,4.27009969725065,4.403245976393092,0.5504057470491364,0.31417374747873167,0.27520287352456824,21.724743959311617,0.3737261640979762,0.4562239436239521,0.035117592810401124,0.59185056555441,0.17515370430650418,0.9430240904123077,0.02203932438178612,0.023370902828314933,-0.11496682477574854,1600.0,0.27564727474964457,0.35966035599267343,0.18202886660375253,0.36779259341244086,1.4386414239706937
h2_0.05_budget_200_pop_1000_parents_20_gen_8_loss_standard,averaged_one_step_switching_5_draws,7,42007,8,1600,-0.13314627914244168,4.267277936857476,4.400424215999918,0.5500530269999897,0.43187750532502167,0.27502651349999485,23.46797212314631,0.31185543332016286,0.25570269253268657,0.20594369681906605,0.4270376408272615,0.06950456511828719,0.9430240904123077,0.017461525597077036,0.01851652123695221,-0.1173815485465613,1600.0,0.15953773799701593,0.24080663839704358,0.12718093557082388,0.31859034227950617,1.2040331919852179
h2_0.05_budget_200_pop_1000_parents_20_gen_8_loss_standard,averaged_one_step_switching_5_draws,8,42008,8,1600,-0.13314627914244168,3.7526098472391785,3.88575612638162,0.48571951579770245,0.39734838668258243,0.24285975789885128,19.391311261945937,0.2742467568992487,0.3953696244495181,-0.16257070403225038,0.4439821760594695,0.1896670924166695,0.9430240904123077,0.15319684828409058,0.16245274096562057,-0.0846515008128991,1600.0,0.16318044099413478,0.2691626376666439,0.23091597791146387,0.3209147982881451,0.8074879129999317
h2_0.05_budget_200_pop_1000_parents_20_gen_8_loss_standard,averaged_one_step_switching_5_draws,9,42009,8,1600,-0.13314627914244165,4.59415848229214,4.727304761434581,0.5909130951793226,0.3528970176258453,0.29545654758966133,24.562283333894385,0.33181424122741043,0.3398611082941363,0.07458668708771721,0.6558885126918944,0.16040123905363665,0.9430240904123077,0.025820161704538973,0.02738017190340272,-0.12692786218033691,1600.0,0.21503060677059693,0.2977656882503652,0.26528871323736747,0.39358353210228997,1.1910627530014608
h2_0.05_budget_200_pop_1000_parents_20_gen_8_loss_standard,averaged_one_step_switching_5_draws,10,42010,8,1600,-0.13314627914244168,4.573965552635307,4.707111831777748,0.5883889789722186,0.2777779664392238,0.29419448948610927,22.633911215583463,0.3484052343691907,0.5413623598219817,0.1057147803757702,0.5551661366613541,0.16579786138601252,0.9430240904123077,0.015032801238055348,0.015941057488237365,-0.11356760633141325,1600.0,0.19025425333044646,0.2807464055028201,0.1568638742010822,0.3331597307007126,1.6844784330169205
h2_0.05_budget_200_pop_1000_parents_20_gen_8_loss_standard,averaged_one_step_switching_5_draws,11,42011,8,1600,-0.13314627914244168,3.3464162646151845,3.479562543757626,0.4349453179697033,0.48523519963017847,0.21747265898485166,20.19082777220639,0.3430035285935117,0.27724956788617783,0.10353903967509127,0.6737481941387189,0.1897421841337319,0.9430240904123077,0.02291234809749866,0.02429667315018533,-0.1162940725455245,1600.0,0.12960336019750684,0.21446467139176092,0.24909474614520383,0.3362338844090405,1.0723233569588047
h2_0.05_budget_200_pop_1000_parents_20_gen_8_loss_standard,averaged_one_step_switching_5_draws,12,42012,8,1600,-0.13314627914244165,4.639717627249964,4.772863906392406,0.5966079882990507,0.4608489848567036,0.29830399414952535,25.532850789366602,0.3806826945660883,0.20576210946430412,0.1066344388938011,0.5666429357396862,0.17605927241933272,0.9430240904123077,0.023354315795713402,0.024765343784062248,-0.12430054956334204,1600.0,0.15849977049219888,0.2388134027569322,0.22405839337438677,0.2519003179689768,0.9552536110277288
h2_0.05_budget_200_pop_1000_parents_20_gen_8_loss_standard,averaged_one_step_switching_5_draws,13,42013,8,1600,-0.13314627914244165,4.450818564107321,4.583964843249762,0.5729956054062203,0.42761297766558465,0.28649780270311015,23.749362973304155,0.30141737501404375,0.2173010102167739,0.20399058782065738,0.5352617808450019,0.11125886217581267,0.9430240904123077,0.12267008699988448,0.13008160475121142,-0.09107420386498807,1600.0,0.25699929966261453,0.34378786517481785,0.1383470160581131,0.3216881747997111,2.062727191048907
h2_0.05_budget_200_pop_1000_parents_20_gen_8_loss_standard,averaged_one_step_switching_5_draws,14,42014,8,1600,-0.13314627914244168,2.8315383477457274,2.964684626888169,0.37058557836102113,0.5662644037090198,0.18529278918051056,19.78155477138216,0.29942425137537154,0.0,0.0,0.6272759187866325,0.22336766104331957,0.9430240904123077,0.0,0.0,-0.10877017187453801,1600.0,0.19587763200009553,0.288149247673573,0.16078213970608882,0.40528703987879733,0.8644477430207189
h2_0.05_budget_200_pop_1000_parents_20_gen_8_loss_standard,averaged_one_step_switching_5_draws,15,42015,8,1600,-0.13314627914244165,2.2106664807922582,2.3438127599347,0.2929765949918376,0.21721964168428,0.14648829749591874,12.157025699618295,0.1870515070062082,0.29766178178292174,-0.005364351364295065,0.4901586904979721,0.1568984279520583,0.9430240904123077,0.03989077680285386,0.04230090960392419,-0.10008905434673031,1600.0,0.22168673100046968,0.31366324800183065,0.05161765221687022,0.19001035590205714,1.881979488010984
h2_0.05_budget_200_pop_1000_parents_20_gen_8_loss_standard,averaged_one_step_switching_5_draws,16,42016,8,1600,-0.13314627914244165,3.041210580675758,3.1743568598181997,0.3967946074772751,0.39497208556446667,0.19839730373863748,18.227607969454823,0.41931154383719976,0.5737801707422163,0.23251906993676444,0.6427338002839711,0.14410143902811978,0.9430240904123077,0.002569309083219902,0.0027245423625355657,-0.12224195323137028,1600.0,0.22932381324790185,0.3264559692397597,0.3131365826803665,0.4214943212494299,1.305823876959039
h2_0.05_budget_200_pop_1000_parents_20_gen_8_loss_standard,averaged_one_step_switching_5_draws,17,42017,8,1600,-0.13314627914244168,2.0987427145575706,2.231888993700012,0.27898612421250146,0.34770174315121594,0.13949306210625076,13.994742109189373,0.21514801762046487,0.0,-0.025150296717205995,0.6073450124466788,0.23433546074064387,0.9430240904123077,0.0,0.0,-0.09946434600142817,1600.0,0.15892323000783412,0.24682544199943854,0.26684632349477533,0.3301712554732051,0.7404763259983156
h2_0.05_budget_200_pop_1000_parents_20_gen_8_loss_standard,averaged_one_step_switching_5_draws,18,42018,8,1600,-0.13314627914244165,3.9200227548935205,4.053169034035962,0.506646129254495,0.4909990225248536,0.25332306462724763,23.05080326082112,0.3766291949713524,0.10817318560713962,0.10817318560713962,0.6717202312047018,0.18638766918921498,0.9430240904123077,0.0051163511591260525,0.005425472383095843,-0.11531178738620916,1600.0,0.19489631675969576,0.2815216525050346,0.10154904578192797,0.29901653347395907,1.1260866100201383
h2_0.05_budget_200_pop_1000_parents_20_gen_8_loss_standard,averaged_one_step_switching_5_draws,19,42019,8,1600,-0.13314627914244168,3.5200132191657385,3.65315949830818,0.4566449372885226,0.3510002645125239,0.22832246864426128,19.43826149243862,0.2828549698056388,-0.14291668240909414,-0.14291668240909414,0.6784292757346696,0.2647017275605264,0.9430240904123077,0.04385771526839142,0.04650752373591645,-0.11641477138792718,1600.0,0.16704196299542673,0.24881998032409078,0.1226077056552255,0.24955319240997656,0.7464599409722723
h2_0.05_budget_200_pop_1000_parents_20_gen_8_loss_standard,averaged_one_step_switching_5_draws,20,42020,8,1600,-0.13314627914244165,3.6624763146411192,3.795622593783561,0.47445282422294516,0.35755112554452806,0.23722641211147258,19.612094644075018,0.3098933691677233,0.28251102878305223,0.11646203382049716,0.4985339129407076,0.11844985664398877,0.9430240904123077,0.013236648075059015,0.014036383809953047,-0.11413955608470212,1600.0,0.17537391399673652,0.26682045351481065,0.1588644723282555,0.2780566692174612,0.5336409070296213
h2_0.05_budget_200_pop_1000_parents_20_gen_8_loss_strong,averaged_one_step_switching_5_draws,1,43001,8,1600,-0.13314627914244165,3.937362271664232,4.070508550806673,0.5088135688508342,0.4255084537253558,0.2544067844254171,22.953773671522207,0.23272046849985714,-0.007287084235895753,-0.007287084235895753,0.419411946710633,0.12996608546779287,0.9430240904123077,0.013675015561817414,0.014501236713728535,-0.11432038212400362,1600.0,0.1817130233393982,0.26594475433618453,0.006602327325421803,0.280348971068712,0.7978342630085535
h2_0.05_budget_200_pop_1000_parents_20_gen_8_loss_strong,averaged_one_step_switching_5_draws,2,43002,8,1600,-0.13314627914244168,4.853731894675309,4.98687817381775,0.6233597717272188,0.33464347337774697,0.3116798858636094,24.93077336697225,0.41764075122522093,0.5502544721851804,0.1600357694945213,0.5613009417401443,0.13218646500356634,0.9430240904123077,0.021610576103852582,0.022916250309580145,-0.15792535752521134,1600.0,0.17114913625118788,0.27132835300290026,0.18455650361683784,0.4766978433569746,1.085313412011601
h2_0.05_budget_200_pop_1000_parents_20_gen_8_loss_strong,averaged_one_step_switching_5_draws,3,43003,8,1600,-0.13314627914244168,3.203822263761068,3.3369685429035094,0.41712106786293873,0.35132970303055605,0.20856053393146934,17.025519054835055,0.28263838020716503,0.24684465224910687,0.11929830037781324,0.4447888948832243,0.12573827656037892,0.9430240904123077,0.0014405340813706663,0.0015275686973604651,-0.12956065779772655,1600.0,0.09564911300549284,0.19334086801003045,0.1714764592032064,0.2912845273810396,0.5800226040300913
h2_0.05_budget_200_pop_1000_parents_20_gen_8_loss_strong,averaged_one_step_switching_5_draws,4,43004,8,1600,-0.13314627914244165,3.837461335667235,3.9706076148096767,0.4963259518512095,0.4346661278470737,0.24816297592560477,23.029499206184877,0.42937710778649457,0.009950835415615302,0.009950835415615302,0.5744096961552088,0.20751575106573178,0.9430240904123077,0.004912752962760707,0.005209573130430592,-0.12125013824954427,1600.0,0.2964714875051868,0.39042645075096516,0.1937052931001734,0.3409346887534962,1.5617058030038606
h2_0.05_budget_200_pop_1000_parents_20_gen_8_loss_strong,averaged_one_step_switching_5_draws,5,43005,8,1600,-0.13314627914244168,3.833832706139306,3.9669789852817474,0.4958723731602185,0.34561480714635323,0.2479361865801092,21.312216530878672,0.24315989326795143,-0.04205097482158047,-0.04205097482158047,0.41624749394783206,0.1313000982962618,0.9430240904123077,1.1963139965209897e-06,1.268593250887089e-06,-0.11969496290411116,1600.0,0.17006489366758615,0.2545062450032371,0.2745776499734292,0.27891228199699897,0.7635187350097112
h2_0.05_budget_200_pop_1000_parents_20_gen_8_loss_strong,averaged_one_step_switching_5_draws,6,43006,8,1600,-0.13314627914244165,3.7589871346967767,3.8921334138392183,0.48651667672990234,0.548613440812812,0.24325833836495114,23.08991692450126,0.3364543438283148,0.0,0.0,0.6127459128828735,0.21676499630437263,0.9430240904123077,0.0,0.0,-0.13860364433418423,1600.0,0.1986077010127095,0.2804149286627459,0.35015443046452815,0.3688409313073306,0.8412447859882377
h2_0.05_budget_200_pop_1000_parents_20_gen_8_loss_strong,averaged_one_step_switching_5_draws,7,43007,8,1600,-0.13314627914244165,4.8318517209422085,4.96499800008465,0.6206247500105811,0.5057823377441139,0.31031237500529063,26.36062421161096,0.3851568819599791,0.38180387534664,0.19830902685804808,0.618178569078739,0.14385003294842025,0.9430240904123077,0.010611206056808693,0.011252317056046018,-0.13182719017436165,1600.0,0.2616511753294617,0.3522146626686056,0.2740739647449193,0.38110974166090933,1.056643988005817
h2_0.05_budget_200_pop_1000_parents_20_gen_8_loss_strong,averaged_one_step_switching_5_draws,8,43008,8,1600,-0.13314627914244168,2.881883728070336,3.015030007212778,0.3768787509015972,0.30730109057262356,0.1884393754507986,16.78299107031456,0.3239952740221424,0.0,0.0,0.6885790346330248,0.23758405800762245,0.9430240904123077,0.0,0.0,-0.11890638917195165,1600.0,0.14559465433315685,0.22836557100526989,0.08119581489288012,0.27685600833396934,0.6850967130158097
h2_0.05_budget_200_pop_1000_parents_20_gen_8_loss_strong,averaged_one_step_switching_5_draws,9,43009,8,1600,-0.13314627914244165,3.011425005280066,3.1445712844225078,0.39307141055281347,0.5263337593654671,0.19653570527640674,19.467520825348576,0.3437773353256873,0.5197483491099636,-0.036888734438547975,0.7242745776759849,0.2426024919211859,0.9430240904123077,0.0,0.0,-0.1139156743001573,1600.0,0.2496418146765791,0.3346005503359872,0.2179186551251319,0.22778273094939594,1.0038016510079615
h2_0.05_budget_200_pop_1000_parents_20_gen_8_loss_strong,averaged_one_step_switching_5_draws,10,43010,8,1600,-0.13314627914244165,2.8724969279422674,3.005643207084709,0.37570540088558874,0.5640161369557063,0.1878527004427943,19.99044065533228,0.3132252432918233,0.15124700885090292,0.07887525134924755,0.6571113195579762,0.19724258328282923,0.9430240904123077,1.9741263894419717e-31,2.093399743986229e-31,-0.11243928290872282,1600.0,0.14213841983291786,0.2261196059989743,0.23232163965827535,0.36689432586839404,1.3567176359938458
h2_0.05_budget_200_pop_1000_parents_20_gen_8_loss_strong,averaged_one_step_switching_5_draws,11,43011,8,1600,-0.13314627914244168,3.6771653925891727,3.8103116717316143,0.47628895896645174,0.3040608242437333,0.2381444794832259,19.49200995420586,0.3470426851800752,0.37141040099408607,0.06596354624191622,0.5715192103135828,0.1445020450503395,0.9430240904123077,0.007299627957230258,0.00774065904725586,-0.11560180807727814,1600.0,0.1190536427529878,0.20487160600168863,-0.06773102327648313,0.30949531060044977,0.8194864240067545
h2_0.05_budget_200_pop_1000_parents_20_gen_8_loss_strong,averaged_one_step_switching_5_draws,12,43012,8,1600,-0.13314627914244168,4.352498152125906,4.485644431268348,0.5607055539085436,0.5384856058010518,0.28035277695427174,26.558591866183228,0.3023898552714801,0.4394141621942106,-0.10242013508156882,0.6136186064395199,0.23363493509398717,0.9430240904123077,0.0,0.0,-0.13393506005350145,1600.0,0.1452433660015231,0.21993183699669316,0.2269324577549868,0.3578337691517162,0.43986367399338633
h2_0.05_budget_200_pop_1000_parents_20_gen_8_loss_strong,averaged_one_step_switching_5_draws,13,43013,8,1600,-0.13314627914244165,3.6889976306547148,3.8221439097971563,0.4777679887246446,0.4837528109061689,0.23888399436232227,22.575474325435913,0.3180647991754074,0.46453945429092697,-0.15088640740300027,0.5127133206136905,0.2259105734900466,0.9430240904123077,0.004048231714722445,0.0042928189808517855,-0.11771488128851113,1600.0,0.2618544480064884,0.34774669200608815,0.11261622412436782,0.3394606585197626,1.0432400760182645
h2_0.05_budget_200_pop_1000_parents_20_gen_8_loss_strong,averaged_one_step_switching_5_draws,14,43014,8,1600,-0.13314627914244168,3.168441595774937,3.3015878749173786,0.41269848436467227,0.49564880408356926,0.20634924218233616,20.33391157941619,0.22244890855585414,0.08933475141794722,0.03532579132306952,0.565431568982255,0.1757065825525065,0.9430240904123077,0.0028770759251648707,0.0030509039529488156,-0.10109968440598968,1600.0,0.20542761966741332,0.2924485406644332,0.14534262754305602,0.2663966204232175,0.8773456219932996
h2_0.05_budget_200_pop_1000_parents_20_gen_8_loss_strong,averaged_one_step_switching_5_draws,15,43015,8,1600,-0.13314627914244165,3.871462988873077,4.0046092680155185,0.5005761585019398,0.443756358827066,0.2502880792509699,21.954288899686944,0.31868928399959284,0.38008824621710124,-0.0053962041928465035,0.5242701086518942,0.15917281675113074,0.9430240904123077,0.040350740708274414,0.04278866374519904,-0.10531856498868766,1600.0,0.2298764586041216,0.324749767605681,0.0781606907195131,0.35096664821542045,1.6237488380284049
h2_0.05_budget_200_pop_1000_parents_20_gen_8_loss_strong,averaged_one_step_switching_5_draws,16,43016,8,1600,-0.13314627914244168,3.7311775196528534,3.864323798795295,0.4830404748494118,0.4692409250479232,0.24152023742470596,21.767267785823243,0.26839844046502437,0.44971434123396825,-0.15893553359312595,0.5365048801508632,0.21469982424366257,0.9430240904123077,0.015505043789574256,0.016441832130497495,-0.10790331229483845,1600.0,0.16282703776232665,0.24526139250519918,0.3661740806160919,0.3692729246349103,0.9810455700207967
h2_0.05_budget_200_pop_1000_parents_20_gen_8_loss_strong,averaged_one_step_switching_5_draws,17,43017,8,1600,-0.13314627914244168,4.2472512530151265,4.380397532157568,0.5475496915196962,0.42386119847276243,0.273774845759848,23.224467208066436,0.3822208473024372,0.0,0.0,0.6297424401718235,0.20881703603889065,0.9430240904123077,0.0,0.0,-0.11587487532815176,1600.0,0.12015629824600182,0.1995603690011194,0.29108776519946616,0.45661527279144976,0.7982414760044776
h2_0.05_budget_200_pop_1000_parents_20_gen_8_loss_strong,averaged_one_step_switching_5_draws,18,43018,8,1600,-0.13314627914244168,2.8946335095573463,3.027779788699788,0.37847247358747343,0.35843263430226335,0.18923623679373675,16.908531390574936,0.28921447773884124,0.0,0.0,0.5536196854917526,0.191252817157859,0.9430240904123077,0.0,0.0,-0.10005327319480957,1600.0,0.2547431150014745,0.3373241499939468,0.025313148730929547,0.24624943705233504,0.6746482999878936
h2_0.05_budget_200_pop_1000_parents_20_gen_8_loss_strong,averaged_one_step_switching_5_draws,19,43019,8,1600,-0.13314627914244168,3.618458575625065,3.7516048547675065,0.46895060684593826,0.3657465236396838,0.23447530342296918,20.752310721266653,0.2964672998565205,0.21799459499371818,0.10859152570786886,0.41580614520557396,0.12041615828400154,0.9430240904123077,0.01579957161030592,0.01675415482058157,-0.11717188565702762,1600.0,0.1866961912601255,0.27235838624619646,0.16689909972511835,0.3226816225755995,1.0894335449847858
h2_0.05_budget_200_pop_1000_parents_20_gen_8_loss_strong,averaged_one_step_switching_5_draws,20,43020,8,1600,-0.13314627914244168,4.329322153465309,4.462468432607751,0.5578085540759687,0.4931377839432039,0.2789042770379844,24.717776489492138,0.2546771126985374,-0.04255273535674138,-0.04255273535674138,0.4501311984373065,0.18119846110238827,0.9430240904123077,0.05143116167548829,0.0545385448774714,-0.1102054967024829,1600.0,0.18750792733044364,0.27197903801182594,0.21440986764777095,0.20425897706699736,0.8159371140354779
h2_0.05_budget_200_pop_1000_parents_40_gen_8_loss_standard,averaged_one_step_switching_5_draws,1,44001,8,1600,-0.13314627914244168,3.2340454347253007,3.3671917138677423,0.42089896423346784,0.3617903341632132,0.21044948211673392,18.83382322504573,0.2508145370771808,0.16488887201806138,-0.006197401224089777,0.5122922653760801,0.14998903917111603,0.9430240904123077,0.032951466821828305,0.03494233833137954,-0.11945332553144741,1600.0,0.2868408716652387,0.403115390673823,0.08781770801861477,0.22366124539001722,1.209346172021469
h2_0.05_budget_200_pop_1000_parents_40_gen_8_loss_standard,averaged_one_step_switching_5_draws,2,44002,8,1600,-0.13314627914244165,3.130840021090532,3.2639863002329736,0.40799828752912165,0.4021849130685842,0.20399914376456085,18.508202338450104,0.3217466924544063,0.2664470210012504,-0.029887242525727536,0.5432805828973539,0.18090709655040008,0.9430240904123077,4.599431834000703e-05,4.877321672651804e-05,-0.1359728759854807,1600.0,0.2576799893383092,0.3435988423346619,0.15612122070402382,0.31125518230401766,2.0615930540079717
h2_0.05_budget_200_pop_1000_parents_40_gen_8_loss_standard,averaged_one_step_switching_5_draws,3,44003,8,1600,-0.13314627914244165,3.670128516882191,3.8032747960246325,0.47540934950307906,0.29798579884960325,0.23770467475153953,19.379836473418088,0.3916701961152077,0.24428805953062324,0.0868420867969846,0.6193932214223978,0.1897545910197619,0.9430240904123077,0.03150874899748238,0.03341245395301213,-0.13320219281090884,1600.0,0.2716795213345904,0.35531639434824075,0.38946774830434777,0.4452686884886318,1.0659491830447223
h2_0.05_budget_200_pop_1000_parents_40_gen_8_loss_standard,averaged_one_step_switching_5_draws,4,44004,8,1600,-0.13314627914244168,3.414713082962054,3.5478593621044956,0.44348242026306206,0.343702270567451,0.22174121013153097,13.615877315835522,0.26219608344691503,0.3429762721442555,-0.0895764375262953,0.3640330809256903,0.1515871123581526,0.9430240904123077,0.0651797498271662,0.06911779931164685,-0.11453194143906421,1600.0,0.24287416674633278,0.3239589994918788,0.1587067382610592,0.33235576926235544,1.2958359979675151
h2_0.05_budget_200_pop_1000_parents_40_gen_8_loss_standard,averaged_one_step_switching_5_draws,5,44005,8,1600,-0.13314627914244165,3.542498040277504,3.6756443194199457,0.4594555399274932,0.33757116624234124,0.22972776996374658,19.459642257346868,0.28249220484466253,0.1672783975970763,0.026681950405986532,0.5581948296188451,0.16714823281424115,0.9430240904123077,0.0834386546356566,0.08847987605404191,-0.11690857154260256,1600.0,0.2599465218421149,0.3523337971661628,0.17600452245185608,0.2775733346661669,2.1140027829969767
h2_0.05_budget_200_pop_1000_parents_40_gen_8_loss_standard,averaged_one_step_switching_5_draws,6,44006,8,1600,-0.13314627914244165,3.465871827697773,3.5990181068402145,0.44987726335502687,0.31298851392458304,0.22493863167751343,18.59863004978357,0.3302652971646049,0.3379591649770083,0.07734281427189149,0.5315631258439396,0.13690013619701488,0.9430240904123077,0.06435700078029957,0.06824534116849708,-0.10984131439966151,1600.0,0.3497051256010309,0.4351413065975066,0.22991864989997265,0.39366749479679325,2.175706532987533
h2_0.05_budget_200_pop_1000_parents_40_gen_8_loss_standard,averaged_one_step_switching_5_draws,7,44007,8,1600,-0.13314627914244165,3.4989276494752013,3.632073928617643,0.45400924107720536,0.2682710445638364,0.22700462053860268,17.819007271707065,0.18050349106564192,0.1459007552594834,-0.014577975304155054,0.31397693019128375,0.11250268266080565,0.9430240904123077,0.14138011753844848,0.1499220634720312,-0.08359130556976073,1600.0,0.21010134024254512,0.30205239175847964,0.11990831905940319,0.19214486164439704,1.2082095670339186
h2_0.05_budget_200_pop_1000_parents_40_gen_8_loss_standard,averaged_one_step_switching_5_draws,8,44008,8,1600,-0.13314627914244165,3.111300486498584,3.2444467656410256,0.4055558457051282,0.4504339886717744,0.2027779228525641,18.997732649363236,0.3555746704780902,0.15617498710324101,0.15617498710324101,0.5879358903176083,0.1303249680485067,0.9430240904123077,0.006851365886450451,0.007265313745542711,-0.11853902050157114,1600.0,0.20672628600732423,0.3115342656771342,0.1418656189332317,0.23765094613253038,0.9346027970314026
h2_0.05_budget_200_pop_1000_parents_40_gen_8_loss_standard,averaged_one_step_switching_5_draws,9,44009,8,1600,-0.13314627914244165,3.879412279319829,4.0125585584622705,0.5015698198077838,0.39260145301082316,0.2507849099038919,21.201263630817643,0.32686997880498503,0.2613895072053904,0.1582490553624686,0.6673688407992558,0.16609204391612947,0.9430240904123077,0.1194577669471456,0.126675201791416,-0.1079784330356182,1600.0,0.2576715603354387,0.34286375499990146,0.21212176346635314,0.3382921280266055,1.0285912649997044
h2_0.05_budget_200_pop_1000_parents_40_gen_8_loss_standard,averaged_one_step_switching_5_draws,10,44010,8,1600,-0.13314627914244165,4.255958104563955,4.389104383706397,0.5486380479632995,0.4653918145298951,0.2743190239816498,24.904849478705287,0.3131459999126921,0.12909665278545857,0.12909665278545857,0.5966877002756948,0.15378120910067355,0.9430240904123077,0.014745731441156306,0.01563664342308498,-0.11492940773349555,1600.0,0.30274718701063347,0.3879856843365512,0.193514322335793,0.2985387727644961,1.1639570530096535
h2_0.05_budget_200_pop_1000_parents_40_gen_8_loss_standard,averaged_one_step_switching_5_draws,11,44011,8,1600,-0.13314627914244165,3.8505475114443954,3.983693790586837,0.49796172382335463,0.4161692040591333,0.24898086191167731,21.504756634770658,0.31717160785718723,0.22249978144297125,0.04006624081819581,0.5477327835751764,0.15725768919503902,0.9430240904123077,0.009738915294884964,0.010327323971784146,-0.14052505216294536,1600.0,0.30135485701612197,0.3868042929971125,0.24467040531366133,0.30387077060132545,0.3868042929971125
h2_0.05_budget_200_pop_1000_parents_40_gen_8_loss_standard,averaged_one_step_switching_5_draws,12,44012,8,1600,-0.13314627914244168,4.650524086448876,4.783670365591318,0.5979587956989147,0.23362424082249625,0.2989793978494574,21.524480951946813,0.27577644954381697,0.36553265279347397,0.10080436403563964,0.5389133710166428,0.14806372466840192,0.9430240904123077,0.24986091773251554,0.2649570888727473,-0.09639463076835982,1600.0,0.2443537262515747,0.333968063503562,0.14941478680566436,0.22145451031329497,1.335872254014248
h2_0.05_budget_200_pop_1000_parents_40_gen_8_loss_standard,averaged_one_step_switching_5_draws,13,44013,8,1600,-0.13314627914244168,3.441258406942833,3.5744046860852747,0.4468005857606593,0.3797965805442206,0.22340029288032964,18.801938531470825,0.24272839282051178,0.01596488337325071,0.01596488337325071,0.48564356974894785,0.15376175499187716,0.9430240904123077,0.04112061269982429,0.04360505009139861,-0.12024449784052026,1600.0,0.2688944486629528,0.37873121699279483,0.11460877681357763,0.2933910904143015,1.1361936509783845
h2_0.05_budget_200_pop_1000_parents_40_gen_8_loss_standard,averaged_one_step_switching_5_draws,14,44014,8,1600,-0.13314627914244165,2.9125439823390034,3.045690261481445,0.3807112826851806,0.4827099171066748,0.1903556413425903,18.523427206027215,0.26293134779249716,0.1501730620152792,0.07577158181577368,0.5910132704375591,0.1618348851325866,0.9430240904123077,0.013732475768377092,0.014562168568114731,-0.12224868925469735,1600.0,0.15090591233456507,0.23640583866896728,0.1430045295351948,0.2490816900948627,0.7092175160069019
h2_0.05_budget_200_pop_1000_parents_40_gen_8_loss_standard,averaged_one_step_switching_5_draws,15,44015,8,1600,-0.13314627914244165,4.039213268008426,4.172359547150868,0.5215449433938585,0.2565289498590579,0.26077247169692924,20.34376636267081,0.2805834027091808,0.308145892389851,-0.011784699178306613,0.4060010473682357,0.1367901136171847,0.9430240904123077,0.1512940796188604,0.16043501025802195,-0.12319167297124475,1600.0,0.24755451174860355,0.3391128915027366,0.18281262089147052,0.2651007017419271,1.3564515660109464
h2_0.05_budget_200_pop_1000_parents_40_gen_8_loss_standard,averaged_one_step_switching_5_draws,16,44016,8,1600,-0.13314627914244168,4.592468907893559,4.725615187036,0.5907018983795,0.2273980010962474,0.29535094918975,22.062147282504117,0.35115878036721615,0.2847971942392266,0.17557905716084232,0.5926657927666819,0.14227358516174865,0.9430240904123077,0.06793640121747932,0.07204100288442924,-0.11786760893450351,1600.0,0.3924533120104267,0.4765345813357271,0.34340919518671625,0.4281671984550479,1.4296037440071814
h2_0.05_budget_200_pop_1000_parents_40_gen_8_loss_standard,averaged_one_step_switching_5_draws,17,44017,8,1600,-0.13314627914244165,4.0493400558351285,4.18248633497757,0.5228107918721963,0.2886565980171292,0.26140539593609813,21.25255265656315,0.32614876536704274,0.26198270734121754,0.18413019734393732,0.4762353409718483,0.10892662533891732,0.9430240904123077,0.07653412860177873,0.08115819031549511,-0.1272111015941169,1600.0,0.22825557699979981,0.3181738575003692,0.12853472447842293,0.32535718942170383,1.2726954300014768
h2_0.05_budget_200_pop_1000_parents_40_gen_8_loss_standard,averaged_one_step_switching_5_draws,18,44018,8,1600,-0.13314627914244168,3.2488514834992643,3.381997762641706,0.42274972033021324,0.4581897800945961,0.21137486016510662,19.8357225024071,0.3322142250166361,0.12824609124705347,0.12824609124705347,0.5435104964416297,0.1528038129819351,0.9430240904123077,0.004988934988625493,0.00529035794456135,-0.12338010323893986,1600.0,0.2204849483387079,0.30231254066651064,0.10672547262657373,0.2518082392250804,0.906937621999532
h2_0.05_budget_200_pop_1000_parents_40_gen_8_loss_standard,averaged_one_step_switching_5_draws,19,44019,8,1600,-0.13314627914244165,4.963991302612564,5.097137581755006,0.6371421977193757,0.40916668186699184,0.3185710988596879,25.360478277831117,0.36393580654356494,0.07187381955657943,0.07187381955657943,0.6259379842842197,0.19530040338212568,0.9430240904123077,0.03760648634004044,0.03987860620145789,-0.1311656170855346,1600.0,0.26927353732753545,0.3561310693233584,0.20822457252598123,0.40639855144004366,1.0683932079700753
h2_0.05_budget_200_pop_1000_parents_40_gen_8_loss_standard,averaged_one_step_switching_5_draws,20,44020,8,1600,-0.13314627914244168,4.2152760138262675,4.348422292968709,0.5435527866210886,0.3683808143439714,0.2717763933105443,22.392701930728315,0.30639720958862676,0.07515844703844711,-0.06946210625966279,0.5690328212600015,0.21697857620539637,0.9430240904123077,0.04750431133215461,0.05037444092375714,-0.11074488378913075,1600.0,0.30789906899735797,0.393759973012493,0.08179879996355376,0.4498820465093678,0.787519946024986
h2_0.05_budget_200_pop_1000_parents_40_gen_8_loss_strong,averaged_one_step_switching_5_draws,1,45001,8,1600,-0.13314627914244165,2.7061907200524367,2.8393369991948783,0.3549171248993598,0.24263721656788517,0.1774585624496799,14.959284770097222,0.2831169522970001,0.23741068888272093,0.2110816908015916,0.5278263362077419,0.10186768530081111,0.9430240904123077,0.03072750289164723,0.0325840062879121,-0.09973681649669887,1600.0,0.21616294540581293,0.2997323467978276,0.2642760643472598,0.29931881108489067,1.4986617339891382
h2_0.05_budget_200_pop_1000_parents_40_gen_8_loss_strong,averaged_one_step_switching_5_draws,2,45002,8,1600,-0.13314627914244165,4.521804030408337,4.654950309550778,0.5818687886938474,0.41159338580184646,0.29093439434692364,24.39832999660888,0.35457383480464344,0.15751674968200136,0.15751674968200136,0.6648432235520374,0.167711096971997,0.9430240904123077,0.04680960692489315,0.0496377636592795,-0.12038964935031918,1600.0,0.2110560799992527,0.29289003599842545,0.19534053351660458,0.3098917121272782,1.1715601439937018
h2_0.05_budget_200_pop_1000_parents_40_gen_8_loss_strong,averaged_one_step_switching_5_draws,3,45003,8,1600,-0.13314627914244165,4.179669264847798,4.31281554399024,0.5391019429987799,0.4126131683737415,0.26955097149939,22.93187238979644,0.3647407638276139,0.19929620712795745,0.19929620712795745,0.5637365377272014,0.1330575347011436,0.9430240904123077,0.03479628761436097,0.036898620054496574,-0.10633790816668,1600.0,0.3467856650046694,0.45802140100083005,0.15381978408039385,0.30750175613730785,1.37406420300249
h2_0.05_budget_200_pop_1000_parents_40_gen_8_loss_strong,averaged_one_step_switching_5_draws,4,45004,8,1600,-0.13314627914244165,4.385476100127941,4.518622379270383,0.5648277974087978,0.4084185696140532,0.2824138987043989,23.084796632391697,0.2513155886156852,0.16394085072337877,0.13503505856930456,0.5919813525022465,0.16038260068693924,0.9430240904123077,0.0585628118083646,0.0621010771662894,-0.13197718347880458,1600.0,0.1790347551626231,0.26213722599398653,0.14428777115106928,0.2367053078700955,1.5728233559639193
h2_0.05_budget_200_pop_1000_parents_40_gen_8_loss_strong,averaged_one_step_switching_5_draws,5,45005,8,1600,-0.13314627914244165,3.1064890839839356,3.2396353631263772,0.4049544203907971,0.45898133426617715,0.20247721019539858,18.887086630672833,0.3688328184031002,0.3061909499309027,0.10392388701587416,0.5656568433244961,0.15195849165164738,0.9430240904123077,0.006936692173350389,0.007355795301387834,-0.12140171766257161,1600.0,0.18488959179376252,0.27269944939762353,0.2345665672127324,0.39497817339070573,1.3634972469881177
h2_0.05_budget_200_pop_1000_parents_40_gen_8_loss_strong,averaged_one_step_switching_5_draws,6,45006,8,1600,-0.13314627914244165,4.781040861768566,4.914187140911007,0.6142733926138759,0.30465623401504277,0.30713669630693796,23.89768816265783,0.41001757632653896,0.5055242142274423,0.1876753354704677,0.6180298222699738,0.14057342538809578,0.9430240904123077,0.007293588102202874,0.007734254274473498,-0.13178496221049996,1600.0,0.2535141632470186,0.3372052342601819,0.20569901864016032,0.40493155291676847,1.3488209370407276
h2_0.05_budget_200_pop_1000_parents_40_gen_8_loss_strong,averaged_one_step_switching_5_draws,7,45007,8,1600,-0.13314627914244165,4.4258053363267456,4.558951615469187,0.5698689519336484,0.4293186150741888,0.2849344759668242,24.894838590429103,0.3255451521842988,0.243348592210865,0.06404300748736179,0.5294221565360933,0.16860978156204096,0.9430240904123077,0.07765426105588627,0.08234599926491208,-0.12346462334925529,1600.0,0.22813628750736825,0.32550222524878336,0.24242185221508117,0.3958628486804326,1.3020089009951334
h2_0.05_budget_200_pop_1000_parents_40_gen_8_loss_strong,averaged_one_step_switching_5_draws,8,45008,8,1600,-0.13314627914244168,4.338381999944291,4.471528279086733,0.5589410348858417,0.2912621396750438,0.2794705174429208,21.032221220607664,0.29405715365150076,0.12320930838807155,0.11533706208903237,0.479129605556471,0.1315429043128296,0.9430240904123077,0.054223781726462535,0.057499890276138,-0.11477367731156701,1600.0,0.17449176280060782,0.2677271763968747,0.1509549585560464,0.25854259665523144,1.3386358819843736
h2_0.05_budget_200_pop_1000_parents_40_gen_8_loss_strong,averaged_one_step_switching_5_draws,9,45009,8,1600,-0.13314627914244168,4.252107791596032,4.3852540707384735,0.5481567588423093,0.21852560479688907,0.2740783794211546,19.728823101713225,0.369663306956994,0.3932867843094057,0.10645445974130505,0.607947070399403,0.1697091440110904,0.9430240904123077,0.05427934948063843,0.0575588153393902,-0.10676901481790098,1600.0,0.13045035766360039,0.22549894499631287,0.2999321044339047,0.3927657735656531,0.6764968349889386
h2_0.05_budget_200_pop_1000_parents_40_gen_8_loss_strong,averaged_one_step_switching_5_draws,10,45010,8,1600,-0.13314627914244165,4.797557993361605,4.930704272504046,0.6163380340630058,0.38971250471548524,0.3081690170315029,21.982670052607908,0.2945240586573097,0.2731529806255523,0.142921397772321,0.5341610906641383,0.12325162737263917,0.9430240904123077,0.07947325842458845,0.08427489735690767,-0.12318929569204265,1600.0,0.22534268950403202,0.317721332758083,0.22184028743464101,0.2473013448985149,1.270885331032332
h2_0.05_budget_200_pop_1000_parents_40_gen_8_loss_strong,averaged_one_step_switching_5_draws,11,45011,8,1600,-0.13314627914244165,4.755151469461299,4.8882977486037404,0.6110372185754676,0.4352538878820406,0.3055186092877338,26.078029759862446,0.3775601419633673,0.2004361584723578,0.2004361584723578,0.6085468583080329,0.13901372963638065,0.9430240904123077,0.006082365738324569,0.006449851918062078,-0.12711937312097635,1600.0,0.2479348853327489,0.33204526000190526,0.13836180919871968,0.2571362042195686,0.9961357800057158
h2_0.05_budget_200_pop_1000_parents_40_gen_8_loss_strong,averaged_one_step_switching_5_draws,12,45012,8,1600,-0.13314627914244165,3.1422531553192448,3.2753994344616864,0.40942492930771085,0.22237344789066282,0.2047124646538554,16.42163243952465,0.30064065298453596,0.03157744729938131,0.03157744729938131,0.5365815408899972,0.15917831006555946,0.9430240904123077,0.019046606623351767,0.020197370159466696,-0.10964758189672462,1600.0,0.2607018977120918,0.34472444786557127,0.1936438787132055,0.2915463045023504,2.413071135058999
h2_0.05_budget_200_pop_1000_parents_40_gen_8_loss_strong,averaged_one_step_switching_5_draws,13,45013,8,1600,-0.13314627914244165,3.0953542733149906,3.228500552457432,0.4035625690571791,0.4073893610859402,0.2017812845285895,18.709196931587154,0.28499409607520004,0.01852597400718366,0.01852597400718366,0.48677533806264095,0.1617728605738989,0.9430240904123077,0.031222987242974003,0.03310942695994408,-0.13199639984361866,1600.0,0.20444120379979722,0.2910841565928422,0.04965804031348527,0.3065217247262126,1.455420782964211
h2_0.05_budget_200_pop_1000_parents_40_gen_8_loss_strong,averaged_one_step_switching_5_draws,14,45014,8,1600,-0.13314627914244165,4.5540682890703446,4.687214568212786,0.5859018210265983,0.42945120407470827,0.29295091051329913,23.812931443613202,0.33651738695722533,0.08666375716400658,0.08666375716400658,0.7504220019066371,0.2178610409204362,0.9430240904123077,0.06139076917900179,0.0650998949052941,-0.11558343604496867,1600.0,0.16664329880732112,0.25878994980594144,0.24193254126516006,0.3408193307064514,1.2939497490297072
h2_0.05_budget_200_pop_1000_parents_40_gen_8_loss_strong,averaged_one_step_switching_5_draws,15,45015,8,1600,-0.13314627914244168,2.5306085585833253,2.663754837725767,0.33296935471572076,0.4511719464500423,0.16648467735786043,14.743110238074152,0.25286182880989716,-0.0004886744225516632,-0.0031780176007961953,0.5880940168383898,0.21904016419301534,0.9430240904123077,0.013407068613924794,0.014217100867553631,-0.10907567152611816,1600.0,0.2677182472398272,0.35679154274839675,0.07316591528954744,0.2485164538996553,1.427166170993587
h2_0.05_budget_200_pop_1000_parents_40_gen_8_loss_strong,averaged_one_step_switching_5_draws,16,45016,8,1600,-0.13314627914244165,3.471612368763939,3.6047586479063805,0.4505948309882976,0.27671068068406124,0.22529741549414875,18.319110441794766,0.33625831671917594,0.480752053288558,0.12482299059581546,0.5379395837087564,0.1299619621063003,0.9430240904123077,0.028510745596321697,0.030233316291905402,-0.11290175331495257,1600.0,0.28237186324986396,0.36854401200980647,0.0476291615589731,0.3587459739891117,1.4741760480392259
h2_0.05_budget_200_pop_1000_parents_40_gen_8_loss_strong,averaged_one_step_switching_5_draws,17,45017,8,1600,-0.13314627914244165,3.924502710883725,4.057648990026167,0.5072061237532708,0.4698324822952203,0.25360306187663545,23.6134566150902,0.35346643280401935,0.06533035053738932,0.06533035053738932,0.5605791994937223,0.1830411815538786,0.9430240904123077,0.0329804348600758,0.03497305656916584,-0.11825048074430462,1600.0,0.22201103419647553,0.3148821290000342,0.21926736788379975,0.3292426805776828,1.574410645000171
h2_0.05_budget_200_pop_1000_parents_40_gen_8_loss_strong,averaged_one_step_switching_5_draws,18,45018,8,1600,-0.13314627914244168,2.2859657270487825,2.419112006191224,0.30238900077390307,0.2454081402928963,0.1511945003869515,12.99259447590072,0.22628825839307287,0.2593399452674157,0.04106391696121799,0.49786809496645995,0.1535751352190083,0.9430240904123077,0.029926277709563732,0.03173437244480086,-0.11085484328538224,1600.0,0.16082373673998518,0.25708757199754473,-0.03679914000101053,0.17885779570749658,1.028350287990179
h2_0.05_budget_200_pop_1000_parents_40_gen_8_loss_strong,averaged_one_step_switching_5_draws,19,45019,8,1600,-0.13314627914244165,4.409801820082343,4.542948099224785,0.567868512403098,0.39755695453141193,0.28393425620154905,24.180968980123133,0.31253176086615936,0.07267965709721891,0.07267965709721891,0.5204216928097147,0.13179328644472987,0.9430240904123077,0.043104305508727916,0.045708594241618904,-0.1072242242257555,1600.0,0.16425260400865227,0.24175003398947106,0.28882830125760106,0.31839903526100705,0.7252501019684132
h2_0.05_budget_200_pop_1000_parents_40_gen_8_loss_strong,averaged_one_step_switching_5_draws,20,45020,8,1600,-0.13314627914244168,3.8168112133470014,3.949957492489443,0.4937446865611804,0.4190081440831372,0.24687234328059018,21.867876789741906,0.37394119425378003,0.38570770371040564,0.2006899309971955,0.5776407884873542,0.15066700007882056,0.9430240904123077,0.00022646399368514474,0.0002401465625190237,-0.1325469618713946,1600.0,0.19142245349212317,0.2736435045080725,0.1876288885057859,0.3971502678591756,1.09457401803229
h2_0.05_budget_200_pop_500_parents_20_gen_8_loss_standard,averaged_one_step_switching_5_draws,1,38001,8,1600,-0.1315793266163387,4.025831404064853,4.157410730681192,0.519676341335149,0.4866533149044288,0.2598381706675745,22.88805215645,0.2776791557706959,0.5731304157321887,-0.02263636516683017,0.6396180898659418,0.25516325821940244,0.9457837120963227,0.027111972663663043,0.02866614461309505,-0.12063718573029954,1600.0,0.05399463700208192,0.12169920034163322,0.11174529512713549,0.27966665389732287,0.36509760102489963
h2_0.05_budget_200_pop_500_parents_20_gen_8_loss_standard,averaged_one_step_switching_5_draws,2,38002,8,1600,-0.12169121561680822,4.058805146750236,4.180496362367045,0.5225620452958807,0.5230916648016664,0.2612810226479403,24.577286255379907,0.29053367375373895,0.07048894895160265,-0.03407556529819219,0.5735291971767829,0.213133664425588,0.934545125648306,0.004550101167009445,0.004868787008923707,-0.12426826016070852,1600.0,0.13020145280752332,0.20037653759936802,0.08512549107667264,0.41156082546507405,1.00188268799684
h2_0.05_budget_200_pop_500_parents_20_gen_8_loss_standard,averaged_one_step_switching_5_draws,3,38003,8,1600,-0.12294356093156701,2.8320241547610103,2.9549677156925775,0.36937096446157225,0.4134726072995867,0.1846854822307861,18.054673182230587,0.36650528990099346,0.18226332038328957,0.1326036530863821,0.7036493891793599,0.1863029338388984,0.9421540199285894,0.0006478583852581443,0.0006876353245377531,-0.1320307860463342,1600.0,0.0973239672021009,0.16528313320013693,0.3219105108119701,0.3647696282706207,0.8264156660006847
h2_0.05_budget_200_pop_500_parents_20_gen_8_loss_standard,averaged_one_step_switching_5_draws,4,38004,8,1600,-0.13713115895856634,3.9686667603666117,4.105797919325178,0.5132247399156473,0.378982523422901,0.2566123699578236,22.224283353243717,0.3638409641154005,0.2857003388829386,0.11688672285694934,0.6144274880835588,0.1687495590836795,0.9455138528575227,0.006574622928642782,0.006953491912120612,-0.13252626181853608,1600.0,0.11870704526518239,0.19111109825462336,0.1924373958189109,0.368278624702441,0.7644443930184934
h2_0.05_budget_200_pop_500_parents_20_gen_8_loss_standard,averaged_one_step_switching_5_draws,5,38005,8,1600,-0.1625961811217717,4.147007570445063,4.309603751566835,0.5387004689458544,0.5022528057665271,0.26935023447292716,24.76142999818416,0.30244164429509224,0.42773896163291225,0.014884027252467106,0.5328348642199471,0.17885057798354176,0.90682856756345,0.0247198880972479,0.02725971477019913,-0.12215635394741321,1600.0,0.08683071128325537,0.15542639228598482,0.1678725121307755,0.31415326368157176,1.0879847460018937
h2_0.05_budget_200_pop_500_parents_20_gen_8_loss_standard,averaged_one_step_switching_5_draws,6,38006,8,1600,-0.04968829057872933,3.5925488237333663,3.6422371143120955,0.45527963928901194,0.3553564042773887,0.22763981964450597,19.29764906158408,0.3179563051072808,0.46104005670546006,0.045309971434449696,0.723027890124727,0.20568942663104486,1.046690341227817,0.0005467777615098007,0.0005223873193177694,-0.14323808559501186,1600.0,0.09394521785933259,0.16496407128371565,0.09087641684514954,0.29751576916468375,1.1547484989860095
h2_0.05_budget_200_pop_500_parents_20_gen_8_loss_standard,averaged_one_step_switching_5_draws,7,38007,8,1600,-0.11803103019193066,4.459920583297691,4.577951613489622,0.5722439516862027,0.519091363340216,0.2861219758431014,26.15239829548735,0.3752811043938398,0.2397687768226589,0.17620481797907978,0.6706352964954367,0.18836020045721164,0.9304477849618658,0.006284595248083411,0.006754377139326506,-0.12691976645104056,1600.0,0.12410247400403022,0.19405437159584835,0.29351128217066125,0.4311449426808446,0.9702718579792418
h2_0.05_budget_200_pop_500_parents_20_gen_8_loss_standard,averaged_one_step_switching_5_draws,8,38008,8,1600,-0.1604957233851482,2.730543041094557,2.8910387644797053,0.3613798455599631,0.2403561267432154,0.18068992277998158,15.327901798739232,0.3349563537951596,0.30043302861459087,0.2174935850717266,0.5165538830854967,0.11213164513664084,0.9307913557332842,0.0,0.0,-0.11506501341002398,1600.0,0.06804313332152863,0.1367945353364727,0.1669295140442072,0.3859435661332736,0.41038360600941814
h2_0.05_budget_200_pop_500_parents_20_gen_8_loss_standard,averaged_one_step_switching_5_draws,9,38009,8,1600,-0.21856717926437114,5.384272285013854,5.602839464278225,0.700354933034778,0.3828358184295297,0.35017746651738907,26.178119513697034,0.36775159465607904,0.5204654420999173,0.14220053967769666,0.5526871808886339,0.13836374568284887,1.0172555430774286,0.05661738973712667,0.05565699801039789,-0.11173665058948992,1600.0,0.11576471283721428,0.18789353332734512,0.1689916938327578,0.3789071225614402,1.1273611999640707
h2_0.05_budget_200_pop_500_parents_20_gen_8_loss_standard,averaged_one_step_switching_5_draws,10,38010,8,1600,-0.11782803660659064,3.883144999843741,4.000973036450332,0.5001216295562915,0.3120183406244157,0.25006081477814573,20.28212678499128,0.3111154735261515,0.39071218652827044,0.21347171287240663,0.3919580392629969,0.06408231502573633,0.9449597643833858,0.019263629628419956,0.02038566122547032,-0.1250030960428965,1600.0,0.12831225000263657,0.19538126801489852,0.018938916052893606,0.26925906622667534,0.39076253602979705
h2_0.05_budget_200_pop_500_parents_20_gen_8_loss_standard,averaged_one_step_switching_5_draws,11,38011,8,1600,-0.1391940439592684,3.933463254254039,4.072657298213307,0.5090821622766635,0.32929338171983036,0.2545410811383317,21.596782271060555,0.3086041343184801,0.26480462046421,0.2015870403647049,0.42333148629820344,0.07120875391962286,0.9535671208609424,0.07878493741056976,0.08262128138335725,-0.11777718403553009,1600.0,0.09322960800491273,0.16086818600306288,0.20652461047682028,0.3080166316731855,0.8043409300153144
h2_0.05_budget_200_pop_500_parents_20_gen_8_loss_standard,averaged_one_step_switching_5_draws,12,38012,8,1600,-0.12049499735889872,4.145456184384663,4.265951181743562,0.5332438977179453,0.5006810872670486,0.2666219488589726,24.865983873829805,0.4208500490918587,0.009623359460585134,0.009623359460585134,0.6600183914328134,0.19483825134976454,0.9505102003873002,0.005353998746090688,0.005632763061258173,-0.11707427673245321,1600.0,0.14254357820027508,0.22886297020013444,0.2260825702622137,0.3866572681414452,1.1443148510006722
h2_0.05_budget_200_pop_500_parents_20_gen_8_loss_standard,averaged_one_step_switching_5_draws,13,38013,8,1600,-0.14571640270137634,3.8373646938836172,3.9830810965849937,0.49788513707312426,0.33988948449295303,0.2489425685365621,21.468335527065427,0.3334358008225089,0.2006861415071641,0.11695950199095215,0.511715360428455,0.14232874352120023,0.8980322942873511,0.03354953357593106,0.03735893885926994,-0.12217849068441607,1600.0,0.1289115885971114,0.1988127754011657,0.09811905432831199,0.3218262881581002,0.9940638770058285
h2_0.05_budget_200_pop_500_parents_20_gen_8_loss_standard,averaged_one_step_switching_5_draws,14,38014,8,1600,-0.14646141586474107,4.028012506739135,4.174473922603876,0.5218092403254846,0.4045145534391151,0.26090462016274224,21.653047453722447,0.4808923476843152,0.6104957980389903,0.15694958243820145,0.695851791999439,0.17311596574998392,0.932307864956397,0.0037366408784268008,0.004007947394717688,-0.1274741897196388,1600.0,0.12288961699960055,0.20145169649185846,0.31414317244097745,0.46117054552842224,0.8058067859674338
h2_0.05_budget_200_pop_500_parents_20_gen_8_loss_standard,averaged_one_step_switching_5_draws,15,38015,8,1600,-0.11216449386346164,3.5354277765345525,3.647592270398014,0.45594903379975166,0.23498482777294788,0.22797451689987586,17.874467795345865,0.23208793957169646,-0.025721935442976386,-0.025721935442976386,0.41101091819278185,0.14746256291038864,0.9592319301524826,0.05493051367153128,0.05726510132205394,-0.11904349084986242,1600.0,0.16862236100132577,0.2424570665025385,0.13298570218288353,0.33873446293859866,0.969828266010154
h2_0.05_budget_200_pop_500_parents_20_gen_8_loss_standard,averaged_one_step_switching_5_draws,16,38016,8,1600,-0.14156118917616456,3.6445023150966946,3.7860635042728594,0.4732579380341074,0.36548474265040626,0.23662896901705371,19.91372161901732,0.42283618200627915,0.48451882964228465,0.24685694568005634,0.5729013788227073,0.12050274902644774,0.9327855062553696,0.014094713026153324,0.01511034737528887,-0.12960004310572096,1600.0,0.09344471875374438,0.1680852232457255,0.08242117779799943,0.41989541593875,0.672340892982902
h2_0.05_budget_200_pop_500_parents_20_gen_8_loss_standard,averaged_one_step_switching_5_draws,17,38017,8,1600,-0.11898725505743751,3.648052203033617,3.7670394580910544,0.4708799322613818,0.25716619853292483,0.2354399661306909,18.49971001070934,0.3466163973343808,0.4776870659920413,0.1675326995230674,0.525150538188023,0.15502915127644717,0.8799777518776104,0.039723407954407146,0.04514137757420483,-0.0929385268391318,1600.0,0.18259059349657036,0.25326168750082917,0.24169265922578323,0.35359917115914064,1.5195701250049751
h2_0.05_budget_200_pop_500_parents_20_gen_8_loss_standard,averaged_one_step_switching_5_draws,18,38018,8,1600,-0.10800377662310727,4.2366749913143735,4.344678767937481,0.5430848459921851,0.37450418878976993,0.27154242299609255,22.918382738498963,0.3537371748601222,0.01790486172210486,0.01790486172210486,0.566264645690249,0.17569207099026482,0.9212024452901265,0.09965078593517435,0.1081746867310909,-0.11288911540638524,1600.0,0.13482865240657702,0.21353260019677692,0.2761560319639673,0.4223659716448996,1.0676630009838846
h2_0.05_budget_200_pop_500_parents_20_gen_8_loss_standard,averaged_one_step_switching_5_draws,19,38019,8,1600,-0.10571206025965074,2.474204936768582,2.5799169970282327,0.32248962462852904,0.3247513260325178,0.16124481231426455,14.59479928088327,0.29539530219053345,0.4655432189035612,-0.03557726098987517,0.669352831745269,0.25694358417718605,0.9314657477956596,0.02734319858525281,0.029355023144931817,-0.10078973881420328,1600.0,0.08290937032628183,0.16123044950169665,0.09711529599477957,0.2009884125188637,0.96738269701018
h2_0.05_budget_200_pop_500_parents_20_gen_8_loss_standard,averaged_one_step_switching_5_draws,20,38020,8,1600,-0.160421895354656,3.5286353725236177,3.689057267878274,0.4611321584847842,0.5261561516086162,0.23056607924239209,19.415005517320587,0.2987645506005165,0.2059407046783783,0.10751990297588619,0.706151028102829,0.17719646000215317,0.8826413198999178,0.033497759955925424,0.03795172421762865,-0.12688731281764248,1600.0,0.12508785099635134,0.20717942099872744,0.19275724233146038,0.37421554094708853,0.8287176839949097
h2_0.05_budget_200_pop_500_parents_20_gen_8_loss_strong,averaged_one_step_switching_5_draws,1,39001,8,1600,-0.16734290625071901,2.5648588024086902,2.7322017086594093,0.34152521358242605,0.33966490175229996,0.17076260679121308,14.0157630833043,0.2235547263424861,0.10601266341603098,0.08170001175358092,0.4628613512030271,0.1333889443151113,0.9610673557276026,0.042272352810429355,0.04398479727617624,-0.09795658317282104,1600.0,0.04115057565892736,0.12901236699932875,0.008156722449316848,0.24677953446312093,0.38703710099798627
h2_0.05_budget_200_pop_500_parents_20_gen_8_loss_strong,averaged_one_step_switching_5_draws,2,39002,8,1600,-0.14502593298227714,3.333659754921131,3.478685687903408,0.434835710987926,0.4807547163257916,0.217417855493963,19.972652591881875,0.22419443334951297,0.2461826659940662,-0.07380854368841024,0.516897857727079,0.18406070977822828,0.9104127605235229,3.8516124339502936e-05,4.230622197930822e-05,-0.1384446679478054,1600.0,0.09005635300127324,0.1589956333336886,0.11175156348061022,0.1948711191503856,0.9539738000021316
h2_0.05_budget_200_pop_500_parents_20_gen_8_loss_strong,averaged_one_step_switching_5_draws,3,39003,8,1600,-0.1494987334320277,3.2550882871210853,3.4045870205531132,0.42557337756913916,0.3873800449193897,0.21278668878456958,19.198014058951465,0.3654665007450224,0.5599855528723533,0.1793767639432141,0.5599855528723533,0.13293444587694062,0.946742359259044,0.003715041018864631,0.003924025351281589,-0.12232112293127793,1600.0,0.13065090650343336,0.20492548099718988,0.045811068117381754,0.25164480573851766,0.40985096199437976
h2_0.05_budget_200_pop_500_parents_20_gen_8_loss_strong,averaged_one_step_switching_5_draws,4,39004,8,1600,-0.1449121888558276,3.5442838262166725,3.6891960150725,0.46114950188406256,0.36147562875534495,0.23057475094203128,20.80144706097664,0.3615387325183402,0.11145206335480115,0.11145206335480115,0.4837903222245072,0.13518222545273645,0.9242483093760735,0.006485458692050614,0.007017008985852203,-0.1258317646002442,1600.0,0.10501909433514811,0.17403915767014647,0.18967604162233379,0.2154381422587149,0.5221174730104394
h2_0.05_budget_200_pop_500_parents_20_gen_8_loss_strong,averaged_one_step_switching_5_draws,5,39005,8,1600,-0.12441165261813728,3.2244656280154014,3.3488772806335385,0.41860966007919237,0.3403115278142818,0.20930483003959616,17.400283809497125,0.333564263673877,0.37332159664845427,0.253323836594095,0.4201743970627176,0.06718347208253472,0.9113419367605117,0.003328478180388759,0.00365228247063916,-0.09912490828347705,1600.0,0.08281937649007887,0.1484449077543104,0.05379486263339239,0.35259372568146324,0.5937796310172416
h2_0.05_budget_200_pop_500_parents_20_gen_8_loss_strong,averaged_one_step_switching_5_draws,6,39006,8,1600,-0.16178822828219053,4.760387512960787,4.922175741242977,0.6152719676553722,0.3798102350087513,0.3076359838276861,24.93004774584754,0.3591515077456957,0.34485010614984085,0.017799418084849798,0.7224688966905332,0.2075165992787496,0.9904213702232851,0.0067402351438046034,0.006805421759311447,-0.12913046938144288,1600.0,0.09072815324907424,0.15709390174015425,0.17422175540492799,0.35878963868323993,0.628375606960617
h2_0.05_budget_200_pop_500_parents_20_gen_8_loss_strong,averaged_one_step_switching_5_draws,7,39007,8,1600,-0.142992371655303,3.409510299728007,3.55250267138331,0.4440628339229138,0.3571353231556511,0.22203141696145687,18.83352800835205,0.31266734629464094,0.326093244246104,0.12923498203882805,0.45045773417673435,0.11720018853022096,0.9063636526637407,0.021151515672891613,0.023336676852308405,-0.11173172795790484,1600.0,0.0956065655045677,0.16227318497840315,0.18211979132416642,0.26841537565932777,0.3245463699568063
h2_0.05_budget_200_pop_500_parents_20_gen_8_loss_strong,averaged_one_step_switching_5_draws,8,39008,8,1600,-0.10945656568015036,4.284351374471212,4.393807940151363,0.5492259925189203,0.39581702988382855,0.2746129962594602,22.949725075995644,0.40360305305253064,0.5562373004245028,0.15394759856521267,0.6020221439785355,0.16167507904642692,0.9516447715823557,0.0,0.0,-0.12430246876619847,1600.0,0.09471430874691578,0.1647767094982555,0.3299704651257087,0.47134674783521446,0.659106837993022
h2_0.05_budget_200_pop_500_parents_20_gen_8_loss_strong,averaged_one_step_switching_5_draws,9,39009,8,1600,-0.1733135052380837,3.0691262530205496,3.2424397582586333,0.4053049697823291,0.28146048422025904,0.20265248489116458,16.85684082961552,0.32586483935086835,0.05933253501479044,0.05933253501479044,0.5689856735561956,0.15513924459030132,0.9272669302145434,0.052377441872878294,0.05648582966369741,-0.11229527815813109,1600.0,0.13273956874763826,0.20108490374695975,0.13171678379549215,0.3662558881813977,0.804339614987839
h2_0.05_budget_200_pop_500_parents_20_gen_8_loss_strong,averaged_one_step_switching_5_draws,10,39010,8,1600,-0.16387591334742144,4.226919696468773,4.390795609816195,0.5488494512270244,0.4013855063971532,0.27442472561351217,23.09036215737425,0.3729656277790015,0.5825334935867812,0.14385907055322605,0.6271141318969532,0.18498942958150816,0.8154481482252767,0.0021422758511347264,0.002627114741503955,-0.12829273112780704,1600.0,0.13980622933013365,0.20958827699845037,0.29105760812608356,0.24828534716576534,0.6287648309953511
h2_0.05_budget_200_pop_500_parents_20_gen_8_loss_strong,averaged_one_step_switching_5_draws,11,39011,8,1600,-0.158145824030694,4.2184293592557625,4.376575183286456,0.5470718979108071,0.4091326970758318,0.2735359489554035,23.796112416985373,0.38175177583172215,0.42788725619050616,0.29105343266782896,0.5658439363672889,0.09826894504355725,0.9397268040830395,0.011256023477498494,0.01197797426719335,-0.14459768815099283,1600.0,0.11215488233331901,0.20234221332551292,0.16790768160310185,0.4326967408235101,0.6070266399765387
h2_0.05_budget_200_pop_500_parents_20_gen_8_loss_strong,averaged_one_step_switching_5_draws,12,39012,8,1600,-0.09487511464963208,3.6316982396073234,3.7265733542569555,0.46582166928211943,0.5092280661967363,0.23291083464105972,22.286425056253435,0.26538648054398295,0.09640145075462213,0.0648872443176143,0.4598752130068322,0.1454286187700122,0.9563793503447772,0.0012558861330753109,0.0013131673458053655,-0.10034525688037121,1600.0,0.08425287623686017,0.14897619200201007,-0.12180980766394944,0.17914870459411117,0.5959047680080403
h2_0.05_budget_200_pop_500_parents_20_gen_8_loss_strong,averaged_one_step_switching_5_draws,13,39013,8,1600,-0.10281414219183944,2.959021340921993,3.061835483113833,0.38272943538922916,0.37580183111087023,0.19136471769461455,17.04039352077881,0.22002755282718667,0.12377312092970402,-0.32413396066088435,0.6419985168743465,0.2960335362851433,0.8496357598552272,1.9761044719965223e-31,2.325825448228825e-31,-0.10579390174742302,1600.0,0.02993779198732227,0.09817317398847081,0.2980670298909533,0.12377312092970402,0.09817317398847081
h2_0.05_budget_200_pop_500_parents_20_gen_8_loss_strong,averaged_one_step_switching_5_draws,14,39014,8,1600,-0.14779410631628398,3.336132611872896,3.48392671818918,0.4354908397736476,0.4520719960179419,0.21774541988682375,20.38740090700914,0.3518301079955643,0.23566540692166027,0.1456825764166033,0.6900515031218495,0.2050865604786514,0.921216165698039,1.9761044719965223e-31,2.145103989245734e-31,-0.11640124557446996,1600.0,0.12922480782920806,0.21194518849855135,0.07510068159181388,0.3860333914190733,1.271671130991308
h2_0.05_budget_200_pop_500_parents_20_gen_8_loss_strong,averaged_one_step_switching_5_draws,15,39015,8,1600,-0.14364735305931045,3.252981795292301,3.3966291483516113,0.4245786435439515,0.39280157847574565,0.2122893217719757,19.41024700069129,0.25518351318341465,0.18182299680880484,0.031212445665968622,0.46087170952062906,0.1555251380034354,0.8716744664313655,0.01999107037437525,0.022934101140094965,-0.10735302869587401,1600.0,0.17361315901507623,0.2525426429929212,0.18096482190829824,0.30318052382745114,0.2525426429929212
h2_0.05_budget_200_pop_500_parents_20_gen_8_loss_strong,averaged_one_step_switching_5_draws,16,39016,8,1600,-0.09563775325173687,4.315204923983856,4.410842677235593,0.5513553346544491,0.41711381945995585,0.27567766732722454,24.426369692755912,0.3437825959815779,0.3000091434761331,0.2471997835048585,0.4888560635371474,0.07050015083379688,0.9347475714797828,0.00016351936290454793,0.00017493424737727133,-0.12514954943512838,1600.0,0.16530162050185027,0.23162674225022784,0.1735676389968182,0.3424489659706803,0.9265069690009113
h2_0.05_budget_200_pop_500_parents_20_gen_8_loss_strong,averaged_one_step_switching_5_draws,17,39017,8,1600,-0.14129219006627625,3.8900319943577033,4.03132418442398,0.5039155230529975,0.3426708335723737,0.25195776152649874,20.93731214408128,0.3545882248482696,0.346842258395434,0.20426497321779072,0.5453983981774465,0.11966362311750914,1.0015435317629477,0.004910935250653354,0.004903366748331922,-0.12675116964931868,1600.0,0.09194052159436979,0.16936844819574617,0.05499790056190508,0.3495188355973421,0.8468422409787308
h2_0.05_budget_200_pop_500_parents_20_gen_8_loss_strong,averaged_one_step_switching_5_draws,18,39018,8,1600,-0.14970129004156668,2.826630694544995,2.9763319845865617,0.3720414980733201,0.2848963905735165,0.1860207490366601,15.50583216116695,0.2827674126775571,0.3163915378871822,0.12863818707091124,0.4606278432631418,0.13242813748203852,1.024943695640075,0.025703143675770514,0.02507761527302137,-0.11995721249720806,1600.0,0.09197932832951967,0.15817494266472445,0.12714153963916416,0.33327157094453785,0.4745248279941734
h2_0.05_budget_200_pop_500_parents_20_gen_8_loss_strong,averaged_one_step_switching_5_draws,19,39019,8,1600,-0.1964096522574538,4.651996238129006,4.848405890386459,0.6060507362983076,0.40660512761259304,0.3030253681491537,24.965004021545827,0.36043797429134095,0.7195784739450664,0.13520519276979606,0.7195784739450664,0.1848212883179801,1.0156228588340162,0.007694147202683825,0.007575791678731095,-0.11962716081860753,1600.0,0.1191623443349575,0.1976088029963042,0.22834191485504027,0.390037771507533,1.1856528179778252
h2_0.05_budget_200_pop_500_parents_20_gen_8_loss_strong,averaged_one_step_switching_5_draws,20,39020,8,1600,-0.0690657028981546,4.072031606724002,4.141097309622157,0.5176371637027697,0.5193906923235954,0.2588185818513848,23.83754070737184,0.3961559530037766,0.576717640502,0.08537181950666616,0.6404562776142195,0.2251224195521203,0.918584233709233,4.976125491161873e-05,5.4171684082452984e-05,-0.12832892453502182,1600.0,0.1417863330061664,0.21174894275463885,0.0964656351203314,0.3781280857763318,0.8469957710185554
h2_0.05_budget_200_pop_500_parents_40_gen_8_loss_standard,averaged_one_step_switching_5_draws,1,40001,8,1600,-0.14192873605179473,3.4931275787731697,3.6350563148249644,0.4543820393531206,0.25432813485254524,0.22719101967656027,16.843188991669408,0.3012308729710046,-0.02580917783607801,-0.02580917783607801,0.6287146308240449,0.21665428530728198,1.008749321401005,0.061401118308461955,0.060868559716287886,-0.10141615835419361,1600.0,0.11263384099584073,0.17770644167709784,0.09201600002043155,0.3407050021173294,0.5331193250312936
h2_0.05_budget_200_pop_500_parents_40_gen_8_loss_standard,averaged_one_step_switching_5_draws,2,40002,8,1600,-0.12698614616108775,3.877311364179158,4.004297510340246,0.5005371887925307,0.3479059322480368,0.25026859439626536,20.315222120560815,0.35957255158409723,0.26739070383629504,0.23784377164940657,0.6286278360063501,0.13705193182607664,0.960943535439454,0.10326389521864401,0.10746093959768394,-0.13011327698974737,1600.0,0.15339609500369988,0.2170452280115569,0.16192631822966033,0.30550563751389653,0.8681809120462276
h2_0.05_budget_200_pop_500_parents_40_gen_8_loss_standard,averaged_one_step_switching_5_draws,3,40003,8,1600,-0.14104856902184099,2.708489902419296,2.8495384714411367,0.35619230893014214,0.31467126354741054,0.17809615446507104,15.760730580677098,0.2006993325965288,-0.20221736349311256,-0.20221736349311256,0.5016023334570897,0.2198786388494374,0.93700186381428,0.07029704971251767,0.07502338301266284,-0.1140326302843006,1600.0,0.16676446767329858,0.23481076000219522,0.24624439272686383,0.36723967812514297,0.7044322800065856
h2_0.05_budget_200_pop_500_parents_40_gen_8_loss_standard,averaged_one_step_switching_5_draws,4,40004,8,1600,-0.13889370139683332,3.458971937310673,3.5978656387075065,0.4497332048384383,0.2665039895014135,0.22486660241921916,17.267310666685056,0.30289826931029884,0.2385706532742465,0.1870589083321652,0.5207043613847528,0.11011921995199306,0.9720571324015469,0.1335533253694802,0.13739246482305598,-0.1207449973463896,1600.0,0.1559142764963326,0.22716706325445557,0.0580626985848665,0.26718156378866614,0.9086682530178223
h2_0.05_budget_200_pop_500_parents_40_gen_8_loss_standard,averaged_one_step_switching_5_draws,5,40005,8,1600,-0.13387225337750253,4.4032925874344,4.5371648408119025,0.5671456051014879,0.3919555623608709,0.2835728025507439,23.274041653323945,0.38393292212146524,0.27539078023989977,0.17432452861162617,0.5926889665399372,0.18314954687863522,0.9545537405016231,0.024389383157248645,0.025550560562920106,-0.12888932931231267,1600.0,0.12179040301513548,0.1968889049894642,0.1206248246809346,0.3233941273489895,0.5906667149683926
h2_0.05_budget_200_pop_500_parents_40_gen_8_loss_standard,averaged_one_step_switching_5_draws,6,40006,8,1600,-0.11849153327839934,3.901087603496979,4.019579136775379,0.5024473920969224,0.2751993103701947,0.2512236960484612,19.15682579831371,0.4094477905611215,0.4955242974057134,0.24496869022591453,0.545143469458192,0.1184222600276151,0.9114419199718217,0.019161290433701746,0.02102305151193193,-0.12165617587828799,1600.0,0.1108479592439835,0.18585117549810093,0.1466994606606405,0.45488601885099256,0.7434047019924037
h2_0.05_budget_200_pop_500_parents_40_gen_8_loss_standard,averaged_one_step_switching_5_draws,7,40007,8,1600,-0.13858371119714705,3.0926897867847067,3.231273497981854,0.4039091872477318,0.27031490371955685,0.2019545936238659,16.742664065625902,0.3001137377524116,0.16617661798938232,0.16617661798938232,0.4658168349020551,0.09178357573327901,0.9571389493950737,0.09560902077781551,0.09989042953297622,-0.12574436283068297,1600.0,0.18803504700190388,0.26444166197325103,-0.014120439053878754,0.4658168349020551,0.26444166197325103
h2_0.05_budget_200_pop_500_parents_40_gen_8_loss_standard,averaged_one_step_switching_5_draws,8,40008,8,1600,-0.15093401523188088,3.2208474647210794,3.3717814799529604,0.42147268499412005,0.4319348719581603,0.21073634249706,17.497526205448427,0.30372550284390876,0.41910138348870146,-0.004274580270443197,0.5547191834508916,0.19425754862337305,0.9932105487237266,0.04556617156766328,0.04587765567554202,-0.11741845651884707,1600.0,0.16192834632238373,0.2315154126554262,0.1326631549676585,0.40397028752250597,0.6945462379662786
h2_0.05_budget_200_pop_500_parents_40_gen_8_loss_standard,averaged_one_step_switching_5_draws,9,40009,8,1600,-0.15435253368747415,4.909418444412378,5.063770978099852,0.6329713722624815,0.2657096643784928,0.31648568613124073,23.874620239899205,0.31541561427789305,-0.0034054142544889103,-0.0034054142544889103,0.5295216266717397,0.1884445788682999,1.0301625987922363,0.14935434343634688,0.14498132975459416,-0.10640598738992794,1600.0,0.11689450280391611,0.18577153300866484,0.06833568963532102,0.2059911177506902,0.9288576650433242
h2_0.05_budget_200_pop_500_parents_40_gen_8_loss_standard,averaged_one_step_switching_5_draws,10,40010,8,1600,-0.10823892017486815,4.511581370289988,4.6198202904648555,0.5774775363081069,0.37495825191071525,0.28873876815405347,20.585753369957036,0.3394913016468204,0.2978486222626836,0.10782764109475937,0.538740588697856,0.16613359164490138,0.9429433299974103,0.09722941612084635,0.10311268241444943,-0.11638263200608845,1600.0,0.09683986860327423,0.1669933118042536,0.14701437863039296,0.3452107244859678,0.834966559021268
h2_0.05_budget_200_pop_500_parents_40_gen_8_loss_standard,averaged_one_step_switching_5_draws,11,40011,8,1600,-0.16760626325927744,4.410563884285763,4.57817014754504,0.5722712684431299,0.2737797273881936,0.286135634221565,22.50373584024642,0.3529876527569249,0.15938301274010866,0.15938301274010866,0.471428996686595,0.09567861460211678,0.9677363618479193,0.17261434447543647,0.17836918326167325,-0.10701970862203887,1600.0,0.12551687679369933,0.2001242222089786,0.21464898151799888,0.3569000787360745,1.000621111044893
h2_0.05_budget_200_pop_500_parents_40_gen_8_loss_standard,averaged_one_step_switching_5_draws,12,40012,8,1600,-0.15832209781486575,4.004368351755316,4.1626904495701815,0.5203363061962727,0.3817465432235493,0.26016815309813635,22.139936489942155,0.35621745804604205,0.4643821740673129,0.13586656066214062,0.5522093352219538,0.1473217519431348,0.8518990418377846,0.07691782143441366,0.09028983207737902,-0.11255728049551275,1600.0,0.18568999199487735,0.2554232980037341,0.11042376326356768,0.2877954189371225,0.5108465960074682
h2_0.05_budget_200_pop_500_parents_40_gen_8_loss_standard,averaged_one_step_switching_5_draws,13,40013,8,1600,-0.13758139226438465,4.11446473799475,4.252046130259134,0.5315057662823919,0.4006106123626857,0.2657528831411959,21.861867703761327,0.35104972139341595,0.3540705449880885,-0.003933067205332188,0.5795689013992826,0.17321912465145048,0.9803534141604423,0.03521736016688236,0.03592312696441405,-0.14203855314516717,1600.0,0.049028959998395294,0.11627922698971815,0.3135878195480613,0.33297539756446404,0.11627922698971815
h2_0.05_budget_200_pop_500_parents_40_gen_8_loss_standard,averaged_one_step_switching_5_draws,14,40014,8,1600,-0.14750087643168772,3.308951232897322,3.4564521093290095,0.43205651366612624,0.2643203025143689,0.21602825683306306,17.23199374627656,0.2914822455219985,0.20799851485773205,0.18531093177979405,0.44013116312748546,0.07773046013864839,0.9516482279482248,0.09544318883253014,0.10029250938480475,-0.104523871920961,1600.0,0.0907639936679819,0.158355491332865,0.12368553174298873,0.30613585695969064,0.47506647399859503
h2_0.05_budget_200_pop_500_parents_40_gen_8_loss_standard,averaged_one_step_switching_5_draws,15,40015,8,1600,-0.11080167481199439,3.143538343329482,3.2543400181414763,0.40679250226768454,0.22135285545290784,0.20339625113384227,15.645729914381278,0.35670130961511914,0.34670089120773784,0.16501312879945523,0.5403728149026846,0.11508881437434362,0.9569868202686339,0.0851189607423577,0.0889447575865926,-0.11416760369437312,1600.0,0.13760257720714436,0.20395405659801327,0.23699732906609688,0.3730892198734015,1.0197702829900663
h2_0.05_budget_200_pop_500_parents_40_gen_8_loss_standard,averaged_one_step_switching_5_draws,16,40016,8,1600,-0.14943365352233315,4.213248757379209,4.3626824109015425,0.5453353013626927,0.3522419371763151,0.2726676506813464,22.359218648916205,0.37382421238970515,0.35361994895999654,0.17806271244087113,0.5343205465043147,0.11844826756907982,0.9389217869791407,0.07144741876079137,0.0760951761388605,-0.10965633312342367,1600.0,0.12758479900658132,0.19928261259919963,0.22336249540385317,0.3752821844730994,0.9964130629959982
h2_0.05_budget_200_pop_500_parents_40_gen_8_loss_standard,averaged_one_step_switching_5_draws,17,40017,8,1600,-0.1479292612497622,3.575248764853259,3.7231780261030214,0.4653972532628778,0.4185954552022492,0.23269862663143887,19.83801259424687,0.36323409108803995,0.16822929048558893,0.13014163662711495,0.6229472802814136,0.18573324819428397,0.969718425643491,0.023146299094264286,0.023869092802794523,-0.12399748499363543,1600.0,0.12173977233275461,0.1915523739977895,0.15267815283508215,0.39252504108318553,0.5746571219933685
h2_0.05_budget_200_pop_500_parents_40_gen_8_loss_standard,averaged_one_step_switching_5_draws,18,40018,8,1600,-0.12345030861706328,4.157572957789075,4.281023266406138,0.5351279083007672,0.31749953256166363,0.26756395415038364,20.443980462547522,0.3761514703547995,0.3430356792078661,0.23624047592067038,0.5074469039998226,0.08071616352242782,0.8717997270801477,0.032896632196551624,0.03773416207266984,-0.1314609711051872,1600.0,0.22575812176364707,0.2965456870078924,0.21359955238706319,0.4255179893477491,1.1861827480315696
h2_0.05_budget_200_pop_500_parents_40_gen_8_loss_standard,averaged_one_step_switching_5_draws,19,40019,8,1600,-0.0941665064342107,4.638062663256254,4.732229169690465,0.5915286462113081,0.36538318424251254,0.29576432310565404,23.098301297301916,0.3648794019703369,0.26318515915235274,0.2525148503214602,0.6079291848410274,0.13296708610225097,0.9436050847083672,0.11843853965078852,0.12551706383332326,-0.12543828477669045,1600.0,0.12082059300155379,0.18834213920636103,0.2576390434687063,0.4006860205050697,0.9417106960318051
h2_0.05_budget_200_pop_500_parents_40_gen_8_loss_standard,averaged_one_step_switching_5_draws,20,40020,8,1600,-0.12473372209943744,3.5596474259471016,3.684381148046539,0.4605476435058174,0.2833840790485997,0.23027382175290873,18.880448994456675,0.28489169307523904,0.20373729543617022,0.12738058812242253,0.5034690210739082,0.14134468770829636,0.9214044661863927,0.07978986513066696,0.08659591749203234,-0.11002203219458158,1600.0,0.11603861000704845,0.18773768542035082,0.1976221565576071,0.2645305273879462,1.3141637979424559
h2_0.05_budget_200_pop_500_parents_40_gen_8_loss_strong,averaged_one_step_switching_5_draws,1,41001,8,1600,-0.11897065823828644,3.3251007714590997,3.444071429697386,0.4305089287121733,0.3555673077234552,0.2152544643560866,18.97734332390391,0.32673308268798,0.04798132188474098,0.04798132188474098,0.6113547124885114,0.1808384219522814,0.9884672274298909,0.0287950596234466,0.029131021064114086,-0.11763523716874406,1600.0,0.09437763971592565,0.15862729456940933,0.026751605285922575,0.3234416859187693,1.1103910619858652
h2_0.05_budget_200_pop_500_parents_40_gen_8_loss_strong,averaged_one_step_switching_5_draws,2,41002,8,1600,-0.09955009702090772,3.3436591076056774,3.443209204626585,0.4304011505783231,0.326841015193859,0.21520057528916156,16.385448149117376,0.26812777099543594,0.3325499990019259,0.030145035865648432,0.4248842560019747,0.1542777905213412,0.9925654226035789,0.08914740378846643,0.08981514140863946,-0.12874362015376062,1600.0,0.14949886201065965,0.22112543968250975,0.2387166852109802,0.3406074444305042,0.6633763190475293
h2_0.05_budget_200_pop_500_parents_40_gen_8_loss_strong,averaged_one_step_switching_5_draws,3,41003,8,1600,-0.14489541922524618,3.5041304059753577,3.649025825200604,0.4561282281500755,0.2883771150041707,0.22806411407503774,17.41866973976019,0.2840623199902785,0.3381668828744835,0.033570423811031494,0.4261631549149678,0.14176744294607876,0.9531167567298318,0.04903089423684798,0.05144269460236356,-0.11586871508448489,1600.0,0.13092201099789236,0.19272124049894046,0.09743425038502687,0.22662717491486165,0.3854424809978809
h2_0.05_budget_200_pop_500_parents_40_gen_8_loss_strong,averaged_one_step_switching_5_draws,4,41004,8,1600,-0.09074412839504852,1.9947181692318356,2.085462297626884,0.2606827872033605,0.274896791178721,0.13034139360168026,12.236929381090386,0.3098499719958832,-0.10303179233086977,-0.10303179233086977,0.5615830024029479,0.20350756038921017,0.9204527473019534,3.451167841808636e-05,3.74942423923961e-05,-0.11816857539572048,1600.0,0.02850137749919668,0.08896395048941486,0.22599645352607034,0.12088108741965528,0.1779279009788297
h2_0.05_budget_200_pop_500_parents_40_gen_8_loss_strong,averaged_one_step_switching_5_draws,5,41005,8,1600,-0.1367116774629644,2.9733473846915013,3.1100590621544657,0.38875738276930816,0.3187911837610505,0.1943786913846541,14.612373058858244,0.32447719227317523,0.3621806388496839,0.08656900853085965,0.6708992010049708,0.16688889297412668,0.9467131666975781,0.001123645561186579,0.0011868912366627313,-0.13272462927684128,1600.0,0.12062975650042063,0.18380672500643414,0.23271711234731957,0.37120880155219876,0.7352269000257365
h2_0.05_budget_200_pop_500_parents_40_gen_8_loss_strong,averaged_one_step_switching_5_draws,6,41006,8,1600,-0.12582017892389324,3.1050119948263615,3.2308321737502546,0.4038540217187819,0.2577418544192635,0.2019270108593909,16.829533999092803,0.3291823163877553,0.1377041687944377,0.1377041687944377,0.452406828490323,0.11416624339552708,0.9315379210196088,0.07530689216901974,0.08084146707263734,-0.10978820567570258,1600.0,0.07773091620765626,0.1467026317899581,0.16754747815716378,0.3475774549789471,0.7335131589497905
h2_0.05_budget_200_pop_500_parents_40_gen_8_loss_strong,averaged_one_step_switching_5_draws,7,41007,8,1600,-0.14899857443962547,3.1168909795320734,3.2658895539716988,0.4082361942464624,0.24231618429496285,0.20411809712323117,14.071359408172334,0.32573123896669365,0.048599300343317504,0.048599300343317504,0.6367050560633727,0.18346183227215518,0.8496256903442355,0.014603318694328328,0.01718794389139955,-0.11487332296953753,1600.0,0.10408882783182587,0.17901541950899022,0.2771984801508491,0.34373200092609807,1.0740925170539413
h2_0.05_budget_200_pop_500_parents_40_gen_8_loss_strong,averaged_one_step_switching_5_draws,8,41008,8,1600,-0.0985757494288231,3.0177340687635574,3.1163098181923807,0.3895387272740475,0.5083896847321293,0.1947693636370238,18.611517102259988,0.23983795850667883,0.1486305599608246,-0.15133658691063828,0.45656464540315617,0.19639363283356878,0.9396810011978577,0.017186585679493098,0.018289808623974,-0.11685804352488516,1600.0,0.14638647499183813,0.22946712633711286,0.19157555742911245,0.3334252195635807,0.6884013790113386
h2_0.05_budget_200_pop_500_parents_40_gen_8_loss_strong,averaged_one_step_switching_5_draws,9,41009,8,1600,-0.12173762117112855,4.308443135609009,4.430180756780137,0.5537725945975173,0.24782773760424803,0.2768862972987586,21.1501547329607,0.35239671282105645,0.300851843691573,0.2713590979283276,0.4578721411150731,0.08087623136375952,0.9830709305041732,0.12636260642139532,0.1285386460940205,-0.09606155450782511,1600.0,0.06831751501886174,0.14022281698998995,0.21008895608700962,0.3685280322095844,0.2804456339799799
h2_0.05_budget_200_pop_500_parents_40_gen_8_loss_strong,averaged_one_step_switching_5_draws,10,41010,8,1600,-0.05862963144879319,5.087510629684589,5.146140261133382,0.6432675326416728,0.39379593246353967,0.3216337663208364,26.484155871031085,0.4296245508443892,0.610624960143549,0.2135456249033203,0.610624960143549,0.1481940758638097,0.965349122249029,0.00981907101831598,0.010171523226167056,-0.11946098275632128,1600.0,0.0771266989953195,0.14371198132478943,0.24578925607556482,0.4110772752666277,0.4311359439743683
h2_0.05_budget_200_pop_500_parents_40_gen_8_loss_strong,averaged_one_step_switching_5_draws,11,41011,8,1600,-0.10707787316678057,4.510378255528901,4.617456128695682,0.5771820160869603,0.2975897387592857,0.28859100804348015,21.264746842292475,0.368279344678227,0.5073142003730327,0.21180094333047228,0.5267218365465555,0.12238897901487807,0.9393463284770031,0.11864920844882476,0.1263103978286636,-0.09200308796135692,1600.0,0.15433860699704383,0.22510805349884322,0.24278129051105665,0.3449521345709248,0.9004322139953729
h2_0.05_budget_200_pop_500_parents_40_gen_8_loss_strong,averaged_one_step_switching_5_draws,12,41012,8,1600,-0.20478698505579873,4.324949130697294,4.529736115753093,0.5662170144691365,0.20691968118921994,0.2831085072345683,20.741635037568336,0.3592646459026691,0.4368909503040559,0.14251714835857232,0.45845119181852606,0.0957125152772915,0.8795463154781161,0.13344868198463,0.1517244511587637,-0.10551793440519713,1600.0,0.15446848825376946,0.22477244523906847,0.30831411097472144,0.4003548127021254,0.8990897809562739
h2_0.05_budget_200_pop_500_parents_40_gen_8_loss_strong,averaged_one_step_switching_5_draws,13,41013,8,1600,-0.15260972368295217,3.4987838307735903,3.6513935544565426,0.45642419430706793,0.3183108747924916,0.2282120971535339,18.68148979143262,0.3349972873323859,0.5454993278055078,0.10567164108683126,0.5454993278055078,0.1596020921968189,0.9051589855398315,0.03083585460108273,0.03406678284554885,-0.12421561941688017,1600.0,0.07067527250910643,0.14633863850031048,0.016550031559972946,0.4203240735780449,0.29267727700062096
h2_0.05_budget_200_pop_500_parents_40_gen_8_loss_strong,averaged_one_step_switching_5_draws,14,41014,8,1600,-0.1390047153282393,3.9583568123661697,4.097361527694409,0.512170190961801,0.2397925530679901,0.2560850954809006,17.254019054253266,0.38091726516913293,0.6141983144459239,0.17805097512970747,0.6141983144459239,0.15846161600776715,0.8885215989198185,0.06526606164821648,0.07345467091352743,-0.0933174123825059,1600.0,0.14990349333190048,0.21860421199623184,0.283342784492711,0.43403764665237937,0.6558126359886955
h2_0.05_budget_200_pop_500_parents_40_gen_8_loss_strong,averaged_one_step_switching_5_draws,15,41015,8,1600,-0.13956270334754806,4.647503066447498,4.787065769795046,0.5983832212243807,0.5228741551658422,0.29919161061219035,24.859255948203934,0.4222244517520367,0.27890737496254225,0.20384583033706608,0.6663612238105336,0.15583435743500423,0.9327660587942453,0.002897528992746429,0.003106383391020858,-0.13406497578249313,1600.0,0.10284946899628267,0.1622055795014603,0.5046536858254758,0.6075937070141315,0.3244111590029206
h2_0.05_budget_200_pop_500_parents_40_gen_8_loss_strong,averaged_one_step_switching_5_draws,16,41016,8,1600,-0.11845313256682963,4.031217034865181,4.14967016743201,0.5187087709290013,0.2808355362755319,0.2593543854645006,20.149064206811524,0.3446876184057296,0.2690527430954441,0.08675114514448021,0.5849539435168718,0.15988560866079737,1.0172834865849445,0.08070622415714915,0.0793350380905943,-0.12001876956850854,1600.0,0.1440994414035231,0.21527508219587616,0.30828906413357593,0.41652811558479286,1.0763754109793808
h2_0.05_budget_200_pop_500_parents_40_gen_8_loss_strong,averaged_one_step_switching_5_draws,17,41017,8,1600,-0.15376939469639417,3.5360010470876313,3.6897704417840256,0.46122130522300325,0.28711313507036174,0.23061065261150163,18.763218997313086,0.2950524237148259,0.6218876732735059,-0.030151297728779537,0.6218876732735059,0.2107578631997715,0.9435424977843071,0.0019680023653773737,0.002085759115247883,-0.13349439637387692,1600.0,0.1151850456711448,0.18833341917100674,0.1726031684390901,0.32982607279526227,1.1300005150260404
h2_0.05_budget_200_pop_500_parents_40_gen_8_loss_strong,averaged_one_step_switching_5_draws,18,41018,8,1600,-0.0895499957827009,3.844716693228438,3.934266689011139,0.4917833361263923,0.32663804838002103,0.24589166806319615,20.731224951673646,0.3578399776574729,0.05432006051434713,0.05432006051434713,0.5336036637475178,0.1514826243581011,1.015252894210092,0.0550737438710793,0.054246330333220974,-0.12627354414860192,1600.0,0.09253602700967652,0.1616629256750457,0.392741654952828,0.3847076349558032,0.4849887770251371
h2_0.05_budget_200_pop_500_parents_40_gen_8_loss_strong,averaged_one_step_switching_5_draws,19,41019,8,1600,-0.12417161824661167,3.6661590325610254,3.790330650807637,0.47379133135095464,0.2026872060086789,0.23689566567547732,16.402698799495372,0.3314424759270756,0.1230649472863785,0.1230649472863785,0.5693482039499697,0.15416459337745528,0.9999418369341675,0.1332809475651643,0.13328870004459972,-0.1189653272310568,1600.0,0.16708142799325287,0.2384551950090099,0.17118779679033888,0.3017715180627088,0.7153655850270297
h2_0.05_budget_200_pop_500_parents_40_gen_8_loss_strong,averaged_one_step_switching_5_draws,20,41020,8,1600,-0.13829882725731255,3.765491027800168,3.9037898550574806,0.48797373188218507,0.45805824028930814,0.2439868659410925,22.981843956752265,0.3021340453972913,0.17637182539825882,0.05684361972492654,0.49977353830641824,0.1617240413359593,0.9524400400667127,0.02228540596735726,0.023398224591436017,-0.12257742925871917,1600.0,0.1627246349962661,0.25026846399123315,0.10320099617961005,0.38969109759652254,0.5005369279824663
h2_0.05_budget_75_pop_1000_parents_20_gen_8_loss_standard,averaged_one_step_switching_5_draws,1,34001,8,600,-0.13314627914244165,2.646883534340049,2.7800298134824906,0.3475037266853113,0.45358966276866197,0.4633383022470817,17.609604127333384,0.24149089824569175,0.1301892850394833,0.04027274165673067,0.5327565087119316,0.1491938746034581,0.9430240904123077,0.0032933503809843,0.0034923290024800806,-0.11253331507543848,600.0,0.23844199824816315,0.3151396309986012,0.13073338652531358,0.22158645686043033,1.2605585239944048
h2_0.05_budget_75_pop_1000_parents_20_gen_8_loss_standard,averaged_one_step_switching_5_draws,2,34002,8,600,-0.13314627914244168,2.6789263651403163,2.812072644282758,0.35150908053534485,0.4630401168326672,0.46867877404712627,17.69924999503929,0.22166409636563725,0.24350546034669135,0.040457729375314,0.35003166574778316,0.08571028986563022,0.9430240904123077,0.006786242696799174,0.0071962559236764595,-0.11444774356575843,600.0,0.10410072175000096,0.1853178277524421,0.0816697896690477,0.2722738768151481,0.7412713110097684
h2_0.05_budget_75_pop_1000_parents_20_gen_8_loss_standard,averaged_one_step_switching_5_draws,3,34003,8,600,-0.13314627914244165,2.4994465381226267,2.6325928172650683,0.3290741021581336,0.4820790265711624,0.4387654695441781,15.017324376442902,0.20035124104472013,0.030060723463230726,0.030060723463230726,0.6077673537935603,0.19801845049268485,0.9430240904123077,0.008574234284243603,0.009092274917913059,-0.12523537267782653,600.0,0.4979087279934902,0.5742925759986974,-0.039957227013006906,0.09921312938706701,0.5742925759986974
h2_0.05_budget_75_pop_1000_parents_20_gen_8_loss_standard,averaged_one_step_switching_5_draws,4,34004,8,600,-0.13314627914244168,2.2882592784904836,2.421405557632925,0.30267569470411565,0.45283394515325465,0.4035675929388209,11.158309945322047,0.20078255707929443,-0.036695134145763086,-0.036695134145763086,0.6246028799916434,0.23842519791302227,0.9430240904123077,0.062017383881753034,0.0657643686012707,-0.12369247276080252,600.0,0.12139338866109028,0.1978873213326248,0.14825284974933395,0.22641199206852305,0.5936619639978744
h2_0.05_budget_75_pop_1000_parents_20_gen_8_loss_standard,averaged_one_step_switching_5_draws,5,34005,8,600,-0.13314627914244165,3.8043424132329053,3.937488692375347,0.4921860865469183,0.39601852672797444,0.6562481153958912,21.856267592080616,0.3490254025338824,0.33059330469677256,0.05888977444912113,0.5238218173399195,0.15110516818178346,0.9430240904123077,0.07560271592785714,0.08017050327399614,-0.11428410355525345,600.0,0.2340294943229916,0.3068524263314127,0.27309110183136137,0.36043482522829917,0.920557278994238
h2_0.05_budget_75_pop_1000_parents_20_gen_8_loss_standard,averaged_one_step_switching_5_draws,6,34006,8,600,-0.13314627914244165,3.620752352949941,3.7538986320923824,0.4692373290115478,0.3021204748377025,0.6256497720153971,19.466782632432164,0.27390630299627294,0.22775330675402092,0.06848495455921504,0.6010133158830187,0.176873540829387,0.9430240904123077,0.042018997009335195,0.044557713250955984,-0.11959785576593261,600.0,0.26907383975049015,0.34156132225325564,-0.06985504688418193,0.20779773636432095,1.3662452890130226
h2_0.05_budget_75_pop_1000_parents_20_gen_8_loss_standard,averaged_one_step_switching_5_draws,7,34007,8,600,-0.13314627914244168,3.870382202285365,4.003528481427807,0.5004410601784757,0.3183548612267302,0.6672547469046345,20.7102655374334,0.24682221426676404,0.2623545151928839,0.029866747016476403,0.47629184389699003,0.13816978660607732,0.9430240904123077,0.05549204579370583,0.058844780698490605,-0.11765066764005848,600.0,0.15024643701326568,0.2275536507513607,0.19203482013218165,0.3068824406763976,0.9102146030054428
h2_0.05_budget_75_pop_1000_parents_20_gen_8_loss_standard,averaged_one_step_switching_5_draws,8,34008,8,600,-0.13314627914244165,3.724620975997593,3.8577672551400344,0.4822209068925043,0.42704127515708984,0.6429612091900058,19.897170379870524,0.15853633036341436,0.07017146675746924,-0.018916943587222575,0.31027061454728205,0.12294599078837562,0.9430240904123077,0.08967509877023377,0.09509311552266513,-0.1198571475066263,600.0,0.31734496500575915,0.381846364994999,0.07835220992342837,0.15451852759338294,0.381846364994999
h2_0.05_budget_75_pop_1000_parents_20_gen_8_loss_standard,averaged_one_step_switching_5_draws,9,34009,8,600,-0.13314627914244165,3.8969217380087358,4.030068017151177,0.5037585021438971,0.3050761406917631,0.6716780028585296,19.955806221269413,0.3065278283685866,0.4763090902076659,0.033624512110814034,0.4763090902076659,0.13808193731677917,0.9430240904123077,0.0010094576112462202,0.0010704473210274687,-0.12351197216937779,600.0,0.1131997422024142,0.1929254516027868,0.2595623725555384,0.2719747097103861,0.9646272580139339
h2_0.05_budget_75_pop_1000_parents_20_gen_8_loss_standard,averaged_one_step_switching_5_draws,10,34010,8,600,-0.13314627914244168,2.2762608601490255,2.409407139291467,0.30117589241143333,0.27923292711616765,0.4015678565485779,11.50722059069333,0.21172620630318056,0.3852696008530514,0.08117577884550134,0.3852696008530514,0.09782107888455076,0.9430240904123077,0.046304608963308035,0.0491022545808589,-0.12333859089325147,600.0,0.16774054766089344,0.25632259966611554,0.24133775882397066,0.2254761432320639,0.7689677989983466
h2_0.05_budget_75_pop_1000_parents_20_gen_8_loss_standard,averaged_one_step_switching_5_draws,11,34011,8,600,-0.13314627914244165,2.6503627643717707,2.7835090435142122,0.3479386304392765,0.45321675351511426,0.4639181739190354,18.01183823416715,0.3404479913925623,0.1641611663699527,0.022005016438364194,0.6383910101032874,0.24078073525127075,0.9430240904123077,7.896505557767887e-31,8.373598975944916e-31,-0.1380427269513521,600.0,0.2213849079926149,0.2976195459923474,0.21143332441212903,0.25671919136668464,1.1904781839693896
h2_0.05_budget_75_pop_1000_parents_20_gen_8_loss_standard,averaged_one_step_switching_5_draws,12,34012,8,600,-0.13314627914244168,3.5188259463359404,3.651972225478382,0.4564965281847978,0.5139468445242058,0.6086620375797303,22.69627489283625,0.22797254374073628,0.1582775008109499,-0.1890173264855275,0.49888677345224686,0.20534697398996826,0.9430240904123077,0.011902378168808146,0.012621499588206919,-0.12654772005737683,600.0,0.09108916824334301,0.17305548500007717,0.31301569360787407,0.3042455186437127,0.6922219400003087
h2_0.05_budget_75_pop_1000_parents_20_gen_8_loss_standard,averaged_one_step_switching_5_draws,13,34013,8,600,-0.13314627914244168,3.707722363370927,3.8408686425133687,0.4801085803141711,0.5189771629127391,0.6401447737522281,21.638897085443606,0.279457343582281,0.35276638923248105,0.1431941546166687,0.4433206497963807,0.09347650268780594,0.9430240904123077,0.019845614758085862,0.021044653005003286,-0.109949772398398,600.0,0.19463953532006903,0.26251306200477603,0.18279947776883765,0.28533379831319183,0.7875391860143282
h2_0.05_budget_75_pop_1000_parents_20_gen_8_loss_standard,averaged_one_step_switching_5_draws,14,34014,8,600,-0.13314627914244168,3.293735267372801,3.4268815465152427,0.42836019331440534,0.2944018138346525,0.5711469244192071,17.87708979068229,0.2979840159950443,0.3644070983349713,0.2043572398890722,0.5774786912289633,0.12530930308563298,0.9430240904123077,0.01295842862397204,0.013741354813434695,-0.11371682039656679,600.0,0.20955274999141693,0.28355361201101914,0.24627914987256994,0.3644070983349713,0.28355361201101914
h2_0.05_budget_75_pop_1000_parents_20_gen_8_loss_standard,averaged_one_step_switching_5_draws,15,34015,8,600,-0.13314627914244168,3.012623363803951,3.1457696429463926,0.39322120536829913,0.551353355004108,0.5242949404910655,19.422585793340005,0.33178608610738075,0.5378959469197258,0.020805620766116497,0.5871105911049224,0.19055831625421987,0.9430240904123077,0.0023072026322425517,0.002446599886153279,-0.12316614705927076,600.0,0.14889781800836013,0.23221716501090364,0.2783569988979275,0.3233156897755806,0.696651495032711
h2_0.05_budget_75_pop_1000_parents_20_gen_8_loss_standard,averaged_one_step_switching_5_draws,16,34016,8,600,-0.13314627914244168,4.148267120426908,4.28141339956935,0.5351766749461688,0.3033190191245215,0.7135688999282249,21.779686421230217,0.30751246979116753,0.08171524386192977,0.08171524386192977,0.46831693502529875,0.13122520507490576,0.9430240904123077,0.07999702769035892,0.08483031186974527,-0.11788566613986833,600.0,0.18378054139902816,0.2627999579999596,0.3165160461126109,0.3779305777005622,1.313999789999798
h2_0.05_budget_75_pop_1000_parents_20_gen_8_loss_standard,averaged_one_step_switching_5_draws,17,34017,8,600,-0.13314627914244165,3.283691981754068,3.4168382608965095,0.4271047826120638,0.314464825685978,0.5694730434827516,17.411119351737224,0.2684146305456334,-0.024742435352106976,-0.024742435352106976,0.4910201962734047,0.2135348688914746,0.9430240904123077,0.021695634111677735,0.02300644737738566,-0.12810732537093666,600.0,0.2847949562492431,0.3585614802505006,0.197359567080563,0.287461853172274,1.4342459210020024
h2_0.05_budget_75_pop_1000_parents_20_gen_8_loss_standard,averaged_one_step_switching_5_draws,18,34018,8,600,-0.13314627914244165,3.3878352921795454,3.520981571321987,0.4401226964152483,0.45539570016312236,0.5868302618869978,17.09372196065251,0.2587996644462902,0.1669602687131261,0.09511999002537404,0.4206790289506985,0.12324567287646487,0.9430240904123077,0.014914185328279582,0.015815275007193954,-0.12989859538906157,600.0,0.2042828043922782,0.275519308593357,0.24229641359531265,0.2976342675616369,1.377596542966785
h2_0.05_budget_75_pop_1000_parents_20_gen_8_loss_standard,averaged_one_step_switching_5_draws,19,34019,8,600,-0.13314627914244165,2.5783890011544344,2.711535280296876,0.3389419100371096,0.4697953581191861,0.45192254671614596,17.899830243680736,0.1493839770014898,-0.052955485601576494,-0.31362087578149594,0.5301301485960835,0.24732155225181976,0.9430240904123077,2.5803484401083068e-05,2.736248698567319e-05,-0.10076664459553358,600.0,0.2151287050025227,0.29975667934437905,0.16701720852725807,0.21128767240130628,0.8992700380331371
h2_0.05_budget_75_pop_1000_parents_20_gen_8_loss_standard,averaged_one_step_switching_5_draws,20,34020,8,600,-0.13314627914244165,4.587578233169369,4.7207245123118105,0.5900905640389762,0.3881036931051488,0.786787418718635,23.613576180188492,0.3179968867539038,0.6021044851689689,0.007825791337519686,0.6021044851689689,0.2205842256814238,0.9430240904123077,0.016231263499153794,0.01721192879818922,-0.12558441206570964,600.0,0.18762939800702347,0.2707189336554923,0.21319754387542345,0.3168905037710827,0.812156800966477
h2_0.05_budget_75_pop_1000_parents_20_gen_8_loss_strong,averaged_one_step_switching_5_draws,1,35001,8,600,-0.13314627914244165,2.6054646034500757,2.7386108825925173,0.34232636032406466,0.5239128897368429,0.4564351470987529,18.365440954954728,0.32753712536045415,0.28357382375328805,0.04330439503694365,0.5158794196682062,0.16237490107515673,0.9430240904123077,0.00011898082347922055,0.00012616944221138606,-0.10710060801969389,600.0,0.1870131249930377,0.26375812885401373,0.2748320314688531,0.33381759701862074,1.846306901978096
h2_0.05_budget_75_pop_1000_parents_20_gen_8_loss_strong,averaged_one_step_switching_5_draws,2,35002,8,600,-0.13314627914244165,2.99317198004416,3.1263182591866014,0.3907897823983252,0.24633937657074492,0.5210530431977669,16.621951470671686,0.35453827888609957,0.5794167740040749,0.12832758433384092,0.5794167740040749,0.14186431703477786,0.9430240904123077,0.000570059821391487,0.0006045018649971563,-0.11330484804718326,600.0,0.2375415337519371,0.31012810099491617,0.22952930051363538,0.31749601715458914,1.2405124039796647
h2_0.05_budget_75_pop_1000_parents_20_gen_8_loss_strong,averaged_one_step_switching_5_draws,3,35003,8,600,-0.13314627914244165,3.685612767516315,3.8187590466587564,0.47734488083234466,0.48386377901183103,0.6364598411097927,21.736736306496397,0.3456649844392061,0.2828094069025604,-0.028010859336831995,0.6596585850707718,0.24410266392525573,0.9430240904123077,0.0,0.0,-0.11700190748811139,600.0,0.18657872978947126,0.2591792342020199,0.31308810298212547,0.38577672902806953,1.2958961710100994
h2_0.05_budget_75_pop_1000_parents_20_gen_8_loss_strong,averaged_one_step_switching_5_draws,4,35004,8,600,-0.13314627914244165,4.2559428981613125,4.389089177303754,0.5486361471629693,0.4304765714802022,0.7315148628839591,21.104904359138402,0.3397923355917325,0.26462592646591937,0.17310792516389906,0.5342611109076598,0.11778031806495588,0.9430240904123077,0.0022365557603654445,0.002371684650587856,-0.15429190842896987,600.0,0.22604548668217225,0.30090309764879447,0.3262410340900486,0.34938698710029686,0.9027092929463834
h2_0.05_budget_75_pop_1000_parents_20_gen_8_loss_strong,averaged_one_step_switching_5_draws,5,35005,8,600,-0.13314627914244168,4.392787991553751,4.525934270696193,0.5657417838370242,0.4495464018964098,0.7543223784493654,23.00376359993467,0.34280250097474346,0.5518944859972412,0.11281160716954494,0.5518944859972412,0.19818466878042856,0.9430240904123077,0.002150752525026016,0.002280697329890763,-0.15205921113561202,600.0,0.11595192950335331,0.19287121601519175,0.21675057418705132,0.364092232442083,0.3857424320303835
h2_0.05_budget_75_pop_1000_parents_20_gen_8_loss_strong,averaged_one_step_switching_5_draws,6,35006,8,600,-0.13314627914244165,3.52815469103375,3.6613009701761916,0.45766262127202395,0.36948103010778427,0.6102168283626986,19.14928869538754,0.20921861319339286,0.34681241071298285,-0.027776146428718517,0.44469673099623863,0.14471182259434176,0.9430240904123077,0.003744879078793886,0.003971138295265134,-0.13682356000475987,600.0,0.1390496666620796,0.20806114499767622,0.22998659870941396,0.18321968126892338,0.6241834349930286
h2_0.05_budget_75_pop_1000_parents_20_gen_8_loss_strong,averaged_one_step_switching_5_draws,7,35007,8,600,-0.13314627914244165,5.193615945462421,5.326762224604862,0.6658452780756077,0.6070229896357651,0.8877937041008104,26.647893995041372,0.29743972784585765,0.3701491820634158,0.07658827709981095,0.4348185915583924,0.1450208217820824,0.9430240904123077,0.00975930885911818,0.010348949680438417,-0.13424686033948668,600.0,0.2287974672508426,0.2980616125059896,0.26600529055127226,0.24404115928005682,1.1922464500239585
h2_0.05_budget_75_pop_1000_parents_20_gen_8_loss_strong,averaged_one_step_switching_5_draws,8,35008,8,600,-0.13314627914244165,3.3224971104209455,3.455643389563387,0.4319554236954233,0.45767998135965293,0.5759405649272311,20.998246192141227,0.27085403693671284,0.16983249317566904,-0.003256571647390887,0.4937557674443476,0.16198170733407377,0.9430240904123077,0.001327736129672433,0.0014079556855137413,-0.11217178317890948,600.0,0.23154681026062462,0.30216781075432664,0.1337487869006362,0.1943280332202458,1.2086712430173066
h2_0.05_budget_75_pop_1000_parents_20_gen_8_loss_strong,averaged_one_step_switching_5_draws,9,35009,8,600,-0.13314627914244168,3.231972593481971,3.3651188726244126,0.4206398590780516,0.537378160152684,0.5608531454374021,20.86464364901495,0.22147906521891653,0.06026632755716707,-0.021275610731159106,0.7371931014112064,0.2417304752045045,0.9430240904123077,0.011938687412983042,0.012660002575080797,-0.12900465846410056,600.0,0.33809666498564184,0.4087241879897192,0.3888474983243632,0.40723644457874814,0.8174483759794384
h2_0.05_budget_75_pop_1000_parents_20_gen_8_loss_strong,averaged_one_step_switching_5_draws,10,35010,8,600,-0.13314627914244168,2.160702458107973,2.2938487372504146,0.28673109215630177,0.2249595854037556,0.3823081228750691,12.294416959386526,0.18066115763788004,0.1152035619751211,0.002151292333747603,0.3806272815144185,0.13995030906737618,0.9430240904123077,0.04902168464997627,0.05198349135337897,-0.10321678981137872,600.0,0.2429290843429044,0.31405806833451305,0.0014290839390903424,0.14821638605509532,0.9421742050035391
h2_0.05_budget_75_pop_1000_parents_20_gen_8_loss_strong,averaged_one_step_switching_5_draws,11,35011,8,600,-0.13314627914244165,3.5386429588034374,3.671789237945879,0.4589736547432348,0.3976924514334866,0.6119648729909799,20.233551780458363,0.24319945532438325,0.249961317682345,0.04800146294130009,0.46502213378261614,0.14944789941738168,0.9430240904123077,0.012970253913624568,0.013753894566949748,-0.11586799446483959,600.0,0.18109098199056461,0.257329193194164,0.19799355622518686,0.24313356659541419,1.2866459659708198
h2_0.05_budget_75_pop_1000_parents_20_gen_8_loss_strong,averaged_one_step_switching_5_draws,12,35012,8,600,-0.13314627914244165,2.137781956162409,2.2709282353048508,0.28386602941310646,0.30463556086181165,0.37848803921747515,12.727945405405015,0.2908305112517996,0.0,0.0,0.7624420106724631,0.23642864670373648,0.9430240904123077,0.0,0.0,-0.12633991279427736,600.0,0.1787748439819552,0.25434842250251677,0.2696282830929025,0.21908359930707913,0.5086968450050335
h2_0.05_budget_75_pop_1000_parents_20_gen_8_loss_strong,averaged_one_step_switching_5_draws,13,35013,8,600,-0.13314627914244168,3.0837407039713756,3.216886983113817,0.40211087288922714,0.29445626682085946,0.5361478305189695,16.23759722212249,0.2479798661176227,0.26948248681696857,-0.009928126631271683,0.4564753789863307,0.13774466168535338,0.9430240904123077,0.030059024218478333,0.03187513927171889,-0.1256780557056333,600.0,0.15768074801114076,0.2236725856588843,0.03639793769568809,0.16789787148802104,0.6710177569766529
h2_0.05_budget_75_pop_1000_parents_20_gen_8_loss_strong,averaged_one_step_switching_5_draws,14,35014,8,600,-0.13314627914244165,2.422164455901456,2.5553107350438977,0.3194138418804872,0.20220422462711296,0.42588512250731625,12.850716221423497,0.30067442085069346,0.15563385082047085,-0.006117368159508346,0.6635806339376378,0.24443134966022487,0.9430240904123077,0.009075543112289444,0.009623871971628473,-0.10770055656937194,600.0,0.34112637599901063,0.4175369327494991,0.2514178658098632,0.2554948250485254,1.6701477309979964
h2_0.05_budget_75_pop_1000_parents_20_gen_8_loss_strong,averaged_one_step_switching_5_draws,15,35015,8,600,-0.13314627914244165,1.947893899309867,2.0810401784523087,0.2601300223065386,0.22513677819537056,0.3468400297420514,11.628000096167238,0.3048783785750777,0.8757386932817264,-0.038469254915397634,0.8757386932817264,0.30231276690459813,0.9430240904123077,0.0,0.0,-0.10888655553324986,600.0,0.2481573825061787,0.3271490602492122,0.15431259681309514,0.22327078149802176,1.3085962409968488
h2_0.05_budget_75_pop_1000_parents_20_gen_8_loss_strong,averaged_one_step_switching_5_draws,16,35016,8,600,-0.13314627914244165,4.009695806575708,4.14284208571815,0.5178552607147686,0.37745273209613667,0.690473680953025,22.023856934879966,0.27359194033269035,0.38316307552298046,0.18992967398216898,0.4335489754789228,0.09394168449124116,0.9430240904123077,0.0016109389936566634,0.0017082691842499281,-0.11948272785736683,600.0,0.14523276365556134,0.21842875066795386,0.23459356900363385,0.2593773002714915,0.6552862520038616
h2_0.05_budget_75_pop_1000_parents_20_gen_8_loss_strong,averaged_one_step_switching_5_draws,17,35017,8,600,-0.13314627914244165,4.040136108574333,4.173282387716775,0.5216602984645968,0.43210482967042274,0.6955470646194625,21.493589705425535,0.27263151505046745,0.36023024595025155,-0.07530923795317802,0.42658605795327087,0.1578093491996054,0.9430240904123077,0.039138680345474346,0.041503372759398104,-0.1213798785146443,600.0,0.2433025024132803,0.3188897804007865,0.09485228977070007,0.23354561080673558,1.5944489020039327
h2_0.05_budget_75_pop_1000_parents_20_gen_8_loss_strong,averaged_one_step_switching_5_draws,18,35018,8,600,-0.13314627914244168,3.043267242780398,3.1764135219228398,0.39705169024035497,0.29139636452392464,0.5294022536538067,17.022173756753986,0.2280199848002193,0.33004541597527476,0.053274444743091696,0.5242984420602784,0.15550373703568393,0.9430240904123077,0.005465469637369386,0.005795684005251426,-0.10304527153059932,600.0,0.2320693367975764,0.309736624796642,0.18910305756256487,0.2205721489307912,1.54868312398321
h2_0.05_budget_75_pop_1000_parents_20_gen_8_loss_strong,averaged_one_step_switching_5_draws,19,35019,8,600,-0.13314627914244165,4.5510444187286465,4.684190697871088,0.585523837233886,0.37926178834490387,0.7806984496451813,24.013583288951246,0.3405212539493392,0.32124341145839297,0.10210516064215254,0.5407329336497831,0.14171767444472114,0.9430240904123077,0.05408997632943705,0.057358000584892696,-0.10442784885354271,600.0,0.19401581649435684,0.2937320305063622,-0.11673485695644148,0.25020700337108737,0.5874640610127244
h2_0.05_budget_75_pop_1000_parents_20_gen_8_loss_strong,averaged_one_step_switching_5_draws,20,35020,8,600,-0.13314627914244168,3.430635032049135,3.5637813111915766,0.445472663898947,0.269069640408895,0.5939635518652627,17.819613117265984,0.2951073134319885,0.28378764662512596,-0.2040896722833368,0.583533152220514,0.24353787792653483,0.9430240904123077,0.0018108522990922377,0.001920260911150742,-0.11811605896830986,600.0,0.12462469798629172,0.19346181450237054,0.13097624441970432,0.11257180887834789,0.3869236290047411
h2_0.05_budget_75_pop_1000_parents_40_gen_8_loss_standard,averaged_one_step_switching_5_draws,1,36001,8,600,-0.13314627914244165,2.905012584860959,3.0381588640034005,0.37976985800042506,0.350227203903197,0.5063598106672335,17.185672403199625,0.24162702840557826,0.10162484013378965,-0.10025051725094122,0.5002534074443117,0.19514758473220095,0.9430240904123077,0.055265694215167846,0.0586047533430505,-0.12758422115169807,600.0,0.36207502300385386,0.44766470599279273,0.2589705940028826,0.3177515895117849,0.8953294119855855
h2_0.05_budget_75_pop_1000_parents_40_gen_8_loss_standard,averaged_one_step_switching_5_draws,2,36002,8,600,-0.13314627914244168,2.72525396296124,2.8584002421036816,0.3573000302629602,0.1141673756646377,0.47640004035061356,11.03325315215765,0.2283575633275855,0.41681288446841025,0.07290320712183235,0.4559162923741972,0.1452049759756623,0.9430240904123077,0.09099540648794237,0.09649319398421463,-0.11495748209124325,600.0,0.24056206466048025,0.3304661896642453,0.19541903879073477,0.21776607839816467,0.9913985689927358
h2_0.05_budget_75_pop_1000_parents_40_gen_8_loss_standard,averaged_one_step_switching_5_draws,3,36003,8,600,-0.13314627914244168,3.977081469666445,4.110227748808887,0.5137784686011109,0.39525766854781913,0.6850379581348145,19.72759179011164,0.2613956911985271,0.26833263451763023,0.007197039724754159,0.37778693013743514,0.11880503092561193,0.9430240904123077,0.18404028191012448,0.1951596823254628,-0.1169713019200208,600.0,0.2918240930060468,0.3668715801662377,0.20417038276936314,0.3026059758909721,2.2012294809974264
h2_0.05_budget_75_pop_1000_parents_40_gen_8_loss_standard,averaged_one_step_switching_5_draws,4,36004,8,600,-0.13314627914244168,2.296124150032426,2.4292704291748675,0.30365880364685843,0.2720912563650854,0.40487840486247795,12.715090729481558,0.17971578859078163,0.2105919348818935,-0.1678980115107881,0.3822258287462318,0.16107385354711404,0.9430240904123077,0.03184281299963585,0.033766701533270035,-0.11749032767879536,600.0,0.13401890148816165,0.20999247350846417,0.1871373617843889,0.29640888181406266,0.41998494701692834
h2_0.05_budget_75_pop_1000_parents_40_gen_8_loss_standard,averaged_one_step_switching_5_draws,5,36005,8,600,-0.13314627914244165,4.162591056722754,4.295737335865196,0.5369671669831495,0.2905629496114674,0.7159562226441993,21.465586266487882,0.24962400474472735,0.25199660531803936,0.05041066592297672,0.42160423481479187,0.122992303865127,0.9430240904123077,0.031987036414153736,0.03391963868088291,-0.1336221709475074,600.0,0.3726140276703518,0.45848138233607943,0.055685228948484905,0.13357382235274784,1.3754441470082384
h2_0.05_budget_75_pop_1000_parents_40_gen_8_loss_standard,averaged_one_step_switching_5_draws,6,36006,8,600,-0.13314627914244165,3.155522917608757,3.2886691967511985,0.41108364959389976,0.15975270126654054,0.5481115327918664,14.316224201890883,0.24474911181529196,0.2766703945858213,0.04089130197709105,0.44684116209369273,0.13317972238613096,0.9430240904123077,0.23465220837410222,0.2488294951950887,-0.09640494704425816,600.0,0.23465099649183685,0.30679511775815627,0.1850413471618761,0.2697661090278427,1.227180471032625
h2_0.05_budget_75_pop_1000_parents_40_gen_8_loss_standard,averaged_one_step_switching_5_draws,7,36007,8,600,-0.13314627914244168,2.7721931121155885,2.90533939125803,0.36316742390725376,0.24831811304495258,0.48422323187633837,11.646072408265596,0.25893502900175036,0.4805079079411136,0.02494127275167387,0.4805079079411136,0.15312558345883723,0.9430240904123077,0.24122351450054277,0.25579782844685905,-0.11206051959124656,600.0,0.26064186833294417,0.3331661726697348,0.13287835881451546,0.24031148402830804,0.9994985180092044
h2_0.05_budget_75_pop_1000_parents_40_gen_8_loss_standard,averaged_one_step_switching_5_draws,8,36008,8,600,-0.13314627914244165,3.6421830044024337,3.7753292835448753,0.4719161604431094,0.262010101340694,0.6292215472574793,18.98017683825683,0.3489141191484587,0.26388389746950924,0.21413976594674947,0.5091421394308648,0.11280472975125831,0.9430240904123077,0.006940514229681837,0.007359848279853927,-0.13616688510665637,600.0,0.21084244685646678,0.28588563442463055,0.2493280470791073,0.3442085232553625,2.001199440972414
h2_0.05_budget_75_pop_1000_parents_40_gen_8_loss_standard,averaged_one_step_switching_5_draws,9,36009,8,600,-0.13314627914244165,2.798040608708025,2.9311868878504668,0.36639836098130835,0.3778071026393607,0.4885311479750778,16.88571967471904,0.27921285404794904,0.35024809092664466,0.09509090810390916,0.454852462000631,0.12926299043166034,0.9430240904123077,0.03132058240954757,0.033212918660279006,-0.1189687002533664,600.0,0.27762164700349484,0.3522960450015186,0.1357266760903904,0.22661263106547894,1.0568881350045558
h2_0.05_budget_75_pop_1000_parents_40_gen_8_loss_standard,averaged_one_step_switching_5_draws,10,36010,8,600,-0.13314627914244165,3.936350156560102,4.069496435702543,0.5086870544628177,0.3503911193963908,0.6782494059504239,19.9343069420649,0.3213157379966102,0.4621282476499952,0.03590389609093782,0.4621282476499952,0.1653079571615867,0.9430240904123077,0.02697174636168229,0.02860133334440029,-0.1311768024791783,600.0,0.21019720350159332,0.27977763176022563,0.2514212283725175,0.37582607106939064,1.1191105270409025
h2_0.05_budget_75_pop_1000_parents_40_gen_8_loss_standard,averaged_one_step_switching_5_draws,11,36011,8,600,-0.13314627914244168,4.77713874859474,4.9102850277371815,0.6137856284671477,0.29377102376351033,0.818380837956197,19.479795991024137,0.31468777606659604,0.3122749157346184,0.05250160567316752,0.5057891105288763,0.13536299811557287,0.9430240904123077,0.3699449766726357,0.39229642215278815,-0.07026415386968875,600.0,0.19216528674587607,0.268171280498791,0.152137050810369,0.33590977858678944,1.072685121995164
h2_0.05_budget_75_pop_1000_parents_40_gen_8_loss_standard,averaged_one_step_switching_5_draws,12,36012,8,600,-0.13314627914244165,4.463756618007171,4.596902897149612,0.5746128621437017,0.25631798127903477,0.7661504828582687,22.432405322987943,0.32072335721141293,0.2831067610179787,-0.012201289913555973,0.4516750125789023,0.15678492590362378,0.9430240904123077,0.14818935371373138,0.15714270210100384,-0.13731421166688546,600.0,0.4981443169817794,0.5771563920134213,0.19295981432376222,0.2193602136066364,0.5771563920134213
h2_0.05_budget_75_pop_1000_parents_40_gen_8_loss_standard,averaged_one_step_switching_5_draws,13,36013,8,600,-0.13314627914244168,4.087687176106182,4.2208334552486235,0.5276041819060779,0.27463301665062884,0.7034722425414373,19.036590959456582,0.2515782585903413,0.36205816307177485,-0.07086760860486825,0.4075144270531537,0.1684163165260662,0.9430240904123077,0.07774693150811378,0.08244426870804686,-0.13603561471800482,600.0,0.22013795976090478,0.2937624354963191,0.21999684986520357,0.2571228803138022,1.1750497419852763
h2_0.05_budget_75_pop_1000_parents_40_gen_8_loss_standard,averaged_one_step_switching_5_draws,14,36014,8,600,-0.13314627914244165,3.3801445962485013,3.513290875390943,0.4391613594238679,0.18163665334092582,0.5855484792318238,16.88524601385635,0.3520173523703497,0.21222589639222375,-0.02285386152605347,0.5230797026788311,0.1841874594395194,0.9430240904123077,0.03526152843368664,0.037391969931828195,-0.13667933885523076,600.0,0.311289943754673,0.3888950995024061,0.09464439800000421,0.26062820521752655,1.5555803980096243
h2_0.05_budget_75_pop_1000_parents_40_gen_8_loss_standard,averaged_one_step_switching_5_draws,15,36015,8,600,-0.13314627914244165,3.7025662952794995,3.835712574421941,0.4794640718027427,0.31155415481707804,0.6392854290703235,18.915458704679978,0.23316567019680215,0.371700776619938,0.07320603621917338,0.371700776619938,0.09901387688799021,0.9430240904123077,0.053694392665486625,0.05693851642963907,-0.12490083003034012,600.0,0.2919825765056885,0.3652944590066909,0.17097060062241062,0.20368118088453496,1.4611778360267635
h2_0.05_budget_75_pop_1000_parents_40_gen_8_loss_standard,averaged_one_step_switching_5_draws,16,36016,8,600,-0.13314627914244165,3.2466931725357977,3.3798394516782393,0.4224799314597798,0.19819063096445416,0.5633065752797065,16.166717640499428,0.2533878573340805,0.18473183856337483,0.1558659432365439,0.3798842362065438,0.07222843680369836,0.9430240904123077,0.11137047222312131,0.11809928649270038,-0.10524522125123122,600.0,0.15266355199855752,0.22357150600873865,0.19314822593892367,0.29347273295601095,0.670714518026216
h2_0.05_budget_75_pop_1000_parents_40_gen_8_loss_standard,averaged_one_step_switching_5_draws,17,36017,8,600,-0.13314627914244168,4.055054040434926,4.188200319577367,0.5235250399471709,0.19919226413625457,0.6980333865962279,18.971730787168738,0.19118170171155452,0.0679168602058175,0.02680708513127727,0.3594820027703373,0.12472286250913484,0.9430240904123077,0.1602813469509454,0.16996527297713826,-0.12037660010077414,600.0,0.2072910400068698,0.27563462499529123,0.13091965400308891,0.1931022046300356,0.8269038749858737
h2_0.05_budget_75_pop_1000_parents_40_gen_8_loss_standard,averaged_one_step_switching_5_draws,18,36018,8,600,-0.13314627914244165,5.047193325971708,5.18033960511415,0.6475424506392687,0.42487183854110067,0.8633899341856917,25.414759146718083,0.33490977386900034,0.0939992735419088,0.0939992735419088,0.624626439803987,0.18709308686678758,0.9430240904123077,0.11368066604447649,0.12054905829051853,-0.11868106137235189,600.0,0.21009305939660408,0.2841732733999379,0.18439215774240175,0.24795568394203782,1.4208663669996895
h2_0.05_budget_75_pop_1000_parents_40_gen_8_loss_standard,averaged_one_step_switching_5_draws,19,36019,8,600,-0.13314627914244165,4.034743125010755,4.167889404153197,0.5209861755191496,0.31417178831052184,0.6946482340255328,19.822206086850084,0.30916807175368954,0.24491337381527165,0.19275023729778382,0.4841264804015326,0.10286571527575976,0.9430240904123077,0.10997261385915838,0.11661697190691735,-0.1344232889696365,600.0,0.29196656998828985,0.36573374500342953,0.15910947344734308,0.29211185701086056,1.0972012350102887
h2_0.05_budget_75_pop_1000_parents_40_gen_8_loss_standard,averaged_one_step_switching_5_draws,20,36020,8,600,-0.13314627914244165,4.3187931419681815,4.451939421110623,0.5564924276388279,0.46268465622699045,0.7419899035184372,20.699310656135236,0.26478425535462113,0.4235822061420071,-0.009393713087575827,0.5385396449855449,0.18569417733935317,0.9430240904123077,0.08956193406226991,0.09497311359576377,-0.10790293055292285,600.0,0.21369395349756815,0.28325844575010706,0.05152150254731438,0.15666591490016749,1.1330337830004282
h2_0.05_budget_75_pop_1000_parents_40_gen_8_loss_strong,averaged_one_step_switching_5_draws,1,37001,8,600,-0.13314627914244165,3.2660938078040136,3.399240086946455,0.4249050108683069,0.19512890407989142,0.5665400144910759,16.316171113953306,0.23973313791262166,0.1583135014609815,0.1583135014609815,0.42374505362761605,0.08325613944009706,0.9430240904123077,0.11190649881503546,0.11866769889845323,-0.09695266866312839,600.0,0.2845951032504672,0.3624880010029301,0.20891554265344087,0.2766676046520563,1.4499520040117204
h2_0.05_budget_75_pop_1000_parents_40_gen_8_loss_strong,averaged_one_step_switching_5_draws,2,37002,8,600,-0.13314627914244168,4.6971827465830955,4.830329025725537,0.6037911282156923,0.5959367253270766,0.8050548376209228,23.366023581087887,0.37130122450272046,0.30537142341392587,0.16674451579878102,0.6785480252590186,0.19342128997353994,0.9430240904123077,0.03221914371567324,0.03416576951028518,-0.13381356813359294,600.0,0.18424894367732728,0.25452306334045716,0.25614335266395627,0.38135613346083147,0.7635691900213715
h2_0.05_budget_75_pop_1000_parents_40_gen_8_loss_strong,averaged_one_step_switching_5_draws,3,37003,8,600,-0.13314627914244168,2.8038124417759915,2.936958720918433,0.3671198401148042,0.42037971533575214,0.48949312015307217,16.403607872404038,0.18927083449460974,0.13819599757382156,-0.14013363987663802,0.5315494194344483,0.20158480174301102,0.9430240904123077,0.021448319174260634,0.022744190092623223,-0.14432146730309087,600.0,0.06437264601117931,0.13054793199989945,0.021335508132095497,0.21008364236548221,0.13054793199989945
h2_0.05_budget_75_pop_1000_parents_40_gen_8_loss_strong,averaged_one_step_switching_5_draws,4,37004,8,600,-0.13314627914244168,4.600222128712175,4.733368407854616,0.591671050981827,0.4704953406437621,0.788894734642436,23.671774943675565,0.36645152880114984,0.4676004174030484,0.14638373870705654,0.5398453862823912,0.14096826947541935,0.9430240904123077,0.08750114421650378,0.09278781433700876,-0.15513736581099632,600.0,0.18131481499100724,0.2537317696745352,0.3204068441809113,0.41912106652863357,0.7611953090236057
h2_0.05_budget_75_pop_1000_parents_40_gen_8_loss_strong,averaged_one_step_switching_5_draws,5,37005,8,600,-0.13314627914244168,3.6982536547418405,3.831399933884282,0.47892499173553527,0.23853161136024106,0.6385666556473804,18.0842755158378,0.2412130552335523,0.26389038881282145,0.08240162432189835,0.4448978284401309,0.1252447953109915,0.9430240904123077,0.14407958282177843,0.15278462585063352,-0.0988076439686642,600.0,0.29317869333317503,0.3600773186578105,0.19182156146016982,0.20254788920370367,1.0802319559734315
h2_0.05_budget_75_pop_1000_parents_40_gen_8_loss_strong,averaged_one_step_switching_5_draws,6,37006,8,600,-0.13314627914244165,3.202911143228529,3.3360574223709705,0.4170071777963713,0.411542425958208,0.5560095703951617,16.63567732338589,0.2793472322548059,0.3427625649409599,0.05520322440716531,0.4265969610356386,0.12145372611934568,0.9430240904123077,0.0885344795125752,0.09388358199191527,-0.10228197628468158,600.0,0.2871144493304503,0.3828396186775838,0.17401917205230658,0.2509231953279602,1.1485188560327515
h2_0.05_budget_75_pop_1000_parents_40_gen_8_loss_strong,averaged_one_step_switching_5_draws,7,37007,8,600,-0.13314627914244165,4.6306259488450054,4.763772227987447,0.5954715284984308,0.35190054893896505,0.7939620379979079,24.1154577282325,0.3205833811051378,0.14107958046621308,0.14107958046621308,0.5109239983834872,0.1346185468920435,0.9430240904123077,0.03755352162676434,0.039822441450403714,-0.12737063526588763,600.0,0.17197104398655938,0.26310305749211693,0.15159684786637784,0.20764849490083337,1.0524122299684677
h2_0.05_budget_75_pop_1000_parents_40_gen_8_loss_strong,averaged_one_step_switching_5_draws,8,37008,8,600,-0.13314627914244165,3.346795414017967,3.479941693160409,0.43499271164505104,0.17906438064957483,0.5799902821934014,16.02189880315526,0.2800635607268779,0.19329730425761082,0.13206037272234059,0.4940007768008377,0.1358831910875603,0.9430240904123077,0.07844267625590093,0.08318204916865309,-0.10666470323802707,600.0,0.3229408337501809,0.3988317132461816,0.11039284852779706,0.2281514644580286,1.5953268529847264
h2_0.05_budget_75_pop_1000_parents_40_gen_8_loss_strong,averaged_one_step_switching_5_draws,9,37009,8,600,-0.13314627914244165,2.7706276905622427,2.9037739697046843,0.36297174621308553,0.514107933795558,0.48396232828411406,17.500761843994947,0.350859422867262,0.2893640275025246,0.09197244333006153,0.6367173728112152,0.19256835960459995,0.9430240904123077,0.0019128989471258028,0.0020284730438746776,-0.1375838351649449,600.0,0.20894145933561958,0.2824368526538213,0.006964567449619205,0.3141801126634039,0.8473105579614639
h2_0.05_budget_75_pop_1000_parents_40_gen_8_loss_strong,averaged_one_step_switching_5_draws,10,37010,8,600,-0.13314627914244165,3.920259509093517,4.053405788235959,0.5066757235294947,0.386034923460151,0.6755676313726598,21.654785456807282,0.26102975799541783,0.07447375999191151,0.07447375999191151,0.49603385207596223,0.1483176792552945,0.9430240904123077,0.054975307107655316,0.05829682154102669,-0.10468697388293251,600.0,0.25427769040106796,0.3253208443929907,0.23062641979615056,0.28225005952735704,1.6266042219649535
h2_0.05_budget_75_pop_1000_parents_40_gen_8_loss_strong,averaged_one_step_switching_5_draws,11,37011,8,600,-0.13314627914244168,3.0401054435425166,3.173251722684958,0.39665646533561966,0.34290829901835945,0.5288752871141598,17.66919396577593,0.19969213175390807,0.1603302212617218,-0.007873967292632136,0.3890366018309086,0.1348722827887891,0.9430240904123077,0.03282614169415224,0.034809441272915985,-0.11578234995231493,600.0,0.22996573566342704,0.2978016020109256,0.15342756381172531,0.2206256229710324,0.8934048060327768
h2_0.05_budget_75_pop_1000_parents_40_gen_8_loss_strong,averaged_one_step_switching_5_draws,12,37012,8,600,-0.13314627914244165,4.193576862983655,4.326723142126097,0.5408403927657621,0.5578663735575669,0.7211205236876828,24.906449998763364,0.25993319529677905,0.28647171910720437,-0.26958148442817076,0.5516017596814036,0.2637541249708305,0.9430240904123077,0.11471640458485731,0.1216473743896629,-0.12865279711346292,600.0,0.18701058932735273,0.25379631367589656,0.24559306182994142,0.2486577395295103,0.7613889410276897
h2_0.05_budget_75_pop_1000_parents_40_gen_8_loss_strong,averaged_one_step_switching_5_draws,13,37013,8,600,-0.13314627914244165,3.6539618856023086,3.78710816474475,0.4733885205930937,0.41218817005158653,0.631184694124125,21.369146177096095,0.3283955085691247,0.6107584693209239,-0.05568939632073443,0.6107584693209239,0.20737590959100144,0.9430240904123077,0.06097759147631958,0.06466175370945088,-0.11057024384732184,600.0,0.23434911400545388,0.3015791540092323,0.17024340730814622,0.2796414893412311,0.9047374620276969
h2_0.05_budget_75_pop_1000_parents_40_gen_8_loss_strong,averaged_one_step_switching_5_draws,14,37014,8,600,-0.13314627914244165,4.0866350126601185,4.21978129180256,0.52747266147532,0.47064843075801877,0.7032968819670933,21.965009667775718,0.28197555665448715,0.26041013648216216,-0.06350676166015898,0.6020587029803245,0.19647261434652902,0.9430240904123077,0.09522214335245122,0.10097530309201148,-0.13113553653540855,600.0,0.27105663774273125,0.3502449017469189,0.198436828482912,0.26186366495013635,1.4009796069876757
h2_0.05_budget_75_pop_1000_parents_40_gen_8_loss_strong,averaged_one_step_switching_5_draws,15,37015,8,600,-0.13314627914244165,3.031173943004529,3.1643202221469706,0.39554002776837127,0.27801952317355927,0.5273867036911618,14.953207390379859,0.28152405660978436,0.3480635996155173,0.10729019872520408,0.4714320798168364,0.1310633786546304,0.9430240904123077,0.028820968224567492,0.03056228204304561,-0.1253157937455926,600.0,0.198874862670588,0.27094213566548814,0.21822208919158093,0.25840787887860334,1.6256528139929287
h2_0.05_budget_75_pop_1000_parents_40_gen_8_loss_strong,averaged_one_step_switching_5_draws,16,37016,8,600,-0.13314627914244165,2.1446453749700867,2.2777916541125283,0.28472395676406603,0.25649366291276815,0.379631942352088,12.793243859143683,0.2128171386539057,0.2553846791241725,-0.06132622990667869,0.3961895203803983,0.149140714774205,0.9430240904123077,0.06892791816324777,0.07309242559552344,-0.11286051734333573,600.0,0.2220835013431497,0.2997672133302937,0.08672922382005323,0.12964829270079514,0.8993016399908811
h2_0.05_budget_75_pop_1000_parents_40_gen_8_loss_strong,averaged_one_step_switching_5_draws,17,37017,8,600,-0.13314627914244165,3.257739942801172,3.3908862219436138,0.4238607777429516,0.37594670290569127,0.565147703657269,19.396493859653155,0.1974190550944284,0.3042495622850365,-0.04253378170252964,0.3042495622850365,0.10485668337998848,0.9430240904123077,0.058551441798973036,0.062089020200293346,-0.11854734244351231,600.0,0.20068447801168077,0.27565283074363833,0.13730437361380643,0.18689580954629803,1.1026113229745533
h2_0.05_budget_75_pop_1000_parents_40_gen_8_loss_strong,averaged_one_step_switching_5_draws,18,37018,8,600,-0.13314627914244168,3.3037127117073934,3.436858990849835,0.42960737385622944,0.18918791291491302,0.5728098318083058,15.493053303311832,0.26106883910850665,0.4048649095792561,0.01915750121766217,0.5317429251823931,0.18040857747452202,0.9430240904123077,0.04366342508637333,0.046301494871973915,-0.09486004361447622,600.0,0.1585863700020127,0.23209827699853727,0.12034199806340469,0.18556064294916277,0.6962948309956118
h2_0.05_budget_75_pop_1000_parents_40_gen_8_loss_strong,averaged_one_step_switching_5_draws,19,37019,8,600,-0.13314627914244165,4.838610400701747,4.971756679844189,0.6214695849805237,0.36705369110278785,0.8286261133073649,24.659695196049903,0.3025345679916473,0.1031362975482521,0.1031362975482521,0.46728821948208166,0.1137976177422368,0.9430240904123077,0.056234770173219595,0.0596323792201668,-0.14623971215056564,600.0,0.2231333964979664,0.2966303536716926,0.23539732732833363,0.3083086711504741,1.7797821220301557
h2_0.05_budget_75_pop_1000_parents_40_gen_8_loss_strong,averaged_one_step_switching_5_draws,20,37020,8,600,-0.13314627914244165,3.3352041953430254,3.468350474485467,0.4335438093106835,0.44028339373447783,0.5780584124142445,18.203358972804946,0.28120944159237965,0.46197870508401834,0.020613260727156465,0.46825553258137004,0.17208716707757585,0.9430240904123077,0.03543285384310172,0.03757364653071568,-0.14404351009940472,600.0,0.266160414503247,0.3345602287517977,0.12269161039652653,0.20322864975704805,1.3382409150071908
h2_0.05_budget_75_pop_500_parents_20_gen_8_loss_standard,averaged_one_step_switching_5_draws,1,30001,8,600,-0.10750762888163229,2.19082295559996,2.298330584481592,0.287291323060199,0.38165389065648064,0.38305509741359867,13.792563882130485,0.08015135163345365,0.1941760738167527,-0.27896361021349536,0.3984772084454998,0.21129609103818214,0.9535162127165758,0.023389057460904233,0.02452927087025464,-0.11565616623819454,600.0,0.14490324549842626,0.21026176399027463,0.12088920403176956,0.19112267471514852,0.42052352798054926
h2_0.05_budget_75_pop_500_parents_20_gen_8_loss_standard,averaged_one_step_switching_5_draws,2,30002,8,600,-0.18162254825809987,2.5746241909648906,2.7562467392229903,0.34453084240287385,0.2754537097918211,0.4593744565371651,14.838317008830106,0.24053708709279042,0.10325158110353473,0.09442079049556469,0.5022343028541546,0.13767422411428576,0.9366901329390922,0.004876946673862908,0.005206574193922921,-0.144387039323244,600.0,0.09966802300186828,0.15982888048893074,-0.03664004549259266,0.16706826902191368,0.6393155219557229
h2_0.05_budget_75_pop_500_parents_20_gen_8_loss_standard,averaged_one_step_switching_5_draws,3,30003,8,600,-0.12222805433604182,2.23921178303284,2.3614398373688816,0.2951799796711103,0.3327494742982597,0.39357330622814696,14.303870512514635,0.1951571567713148,-0.2800154397243583,-0.2800154397243583,0.4582874628625472,0.23234564546218694,0.9583081974328178,0.0023107291104812445,0.002411258837888881,-0.13180441722392797,600.0,0.11174612132405552,0.16889141332164095,-0.03408487541728606,0.03874051538714427,0.5066742399649229
h2_0.05_budget_75_pop_500_parents_20_gen_8_loss_standard,averaged_one_step_switching_5_draws,4,30004,8,600,-0.11527598875911042,3.6488997775902186,3.764175766349329,0.47052197079366614,0.46352142316361233,0.6273626277248882,20.608812091496635,0.3961140670420661,0.4689981878231296,0.16163351218678473,0.5534182956301656,0.13420573279605963,0.9122437426261061,0.0026368617538258714,0.002890523256684722,-0.11016800202099258,600.0,0.12559258368370743,0.1864408810021511,0.30178074008043315,0.3655010297648214,0.5593226430064533
h2_0.05_budget_75_pop_500_parents_20_gen_8_loss_standard,averaged_one_step_switching_5_draws,5,30005,8,600,-0.16874556459073284,4.429603855437612,4.598349420028344,0.5747936775035432,0.356761485911883,0.7663915700047241,23.784231649427475,0.3173631699003717,0.30889353249215795,0.04607709775674233,0.528820708901831,0.14496417381072754,0.9186011247010438,0.009832431646103786,0.01070370085743551,-0.11532202956223489,600.0,0.16836552350287093,0.22368671149888542,0.16516863477069507,0.2962918385320839,0.8947468459955417
h2_0.05_budget_75_pop_500_parents_20_gen_8_loss_standard,averaged_one_step_switching_5_draws,6,30006,8,600,-0.1342414077844221,2.543730254160533,2.677971661944955,0.3347464577431193,0.2018607504523846,0.44632861032415916,12.434064595429296,0.17447581841343063,0.34682449962587864,-0.0003021767278149339,0.34682449962587864,0.12123734425233541,1.0181977430476035,0.05720069069086275,0.05617837112823816,-0.10493773470028364,600.0,0.11109443274472142,0.17030632499518106,0.034472120120965476,0.16328151984159014,0.6812252999807242
h2_0.05_budget_75_pop_500_parents_20_gen_8_loss_standard,averaged_one_step_switching_5_draws,7,30007,8,600,-0.13346250577962326,4.364400861664946,4.49786336744457,0.562232920930571,0.4650825744047962,0.749643894574095,24.547047838166776,0.3357914936674562,0.3855667947309064,0.11159036572337182,0.6540469601500222,0.18538959326517945,0.937775281438865,0.012193795165415027,0.01300289675657223,-0.15042587271486532,600.0,0.15627621340099723,0.2146228217985481,0.256781862705017,0.3696046987172362,1.0731141089927405
h2_0.05_budget_75_pop_500_parents_20_gen_8_loss_standard,averaged_one_step_switching_5_draws,8,30008,8,600,-0.17662318517595768,3.113871743282811,3.290494928458769,0.41131186605734604,0.26452993899792476,0.5484158214097948,13.791528690286992,0.23630037290768308,0.37959606719411576,-0.013538848433601784,0.39963131363166843,0.13163129488907793,0.9215156781712852,0.07635092184608741,0.0828536330468116,-0.09787822035385678,600.0,0.1253998655010946,0.18332246099453187,0.1128168553065875,0.18947365042163714,0.7332898439781275
h2_0.05_budget_75_pop_500_parents_20_gen_8_loss_standard,averaged_one_step_switching_5_draws,9,30009,8,600,-0.14714781314480654,2.927986138332705,3.0751339514775116,0.38439174393468906,0.5610112555581211,0.512522325246252,18.426077822101874,0.2285876196770747,0.37149578333226113,-0.06489593882095475,0.5442870115290935,0.22595846059346317,0.9541386343219832,0.008252960659665467,0.0086496452012239,-0.13651030670106995,600.0,0.19017809899135804,0.2518245196746041,0.0840523908566498,0.19544487551372117,0.7554735590238124
h2_0.05_budget_75_pop_500_parents_20_gen_8_loss_standard,averaged_one_step_switching_5_draws,10,30010,8,600,-0.12821328541740717,3.8290142197845616,3.9572275052019688,0.4946534381502461,0.2911804808631852,0.6595379175336614,18.1461879389783,0.2992816497492744,0.49836471914129793,-0.1910073626330808,0.49836471914129793,0.22921032027772184,0.908373259157212,0.06992704617697147,0.07698052036653934,-0.09082715890000718,600.0,0.13434372783134071,0.19106661149514062,0.24027446328719845,0.3502182601698507,1.1463996689708438
h2_0.05_budget_75_pop_500_parents_20_gen_8_loss_standard,averaged_one_step_switching_5_draws,11,30011,8,600,-0.18874134097415937,4.372261520301589,4.561002861275749,0.5701253576594686,0.3361773698666609,0.7601671435459582,22.716267244825552,0.40491410209679357,0.4116800586552579,0.2466842988625366,0.5635113910371905,0.11505942568682377,0.933352028205971,0.02935536905141695,0.031451551145007896,-0.12798226448447522,600.0,0.13829112249368336,0.20073747924470808,0.1694498298079345,0.3844396227453591,0.8029499169788323
h2_0.05_budget_75_pop_500_parents_20_gen_8_loss_standard,averaged_one_step_switching_5_draws,12,30012,8,600,-0.17448536362579398,3.1745289980005427,3.349014361626337,0.4186267952032921,0.37825600704276097,0.5581690602710562,18.8197912603393,0.2395128284326631,0.19965047196606625,-0.010900901537981768,0.5194534934347341,0.17637415833530054,0.9568604164794672,0.039619178061568304,0.04140538931199321,-0.14909887705364577,600.0,0.26398227000026964,0.3233051729912404,0.23436417237676818,0.31699761137138815,0.3233051729912404
h2_0.05_budget_75_pop_500_parents_20_gen_8_loss_standard,averaged_one_step_switching_5_draws,13,30013,8,600,-0.15535338229933118,5.167825481921375,5.323178864220707,0.6653973580275883,0.44447259871426714,0.8871964773701179,26.966948303705962,0.31863369147452103,0.17536936170270653,-0.021051762057044655,0.5882933169444325,0.18345156168784385,1.0103786499260579,0.05093955636366948,0.05041630320216819,-0.13108126905012052,600.0,0.041260478988988325,0.09984545002225786,0.539692920936476,0.475167788444723,0.09984545002225786
h2_0.05_budget_75_pop_500_parents_20_gen_8_loss_standard,averaged_one_step_switching_5_draws,14,30014,8,600,-0.13884573382773693,4.2015410100139094,4.340386743841647,0.5425483429802057,0.500883012407443,0.7233977906402744,23.39016397143461,0.29348830144444354,0.06961626755012866,0.06961626755012866,0.5016075066823036,0.16449824439917443,0.9743425275332694,0.0424861332473404,0.043604925420736795,-0.1437594644578459,600.0,0.13087391699082218,0.19723965232454552,0.15373572001179125,0.2945242925404501,0.5917189569736365
h2_0.05_budget_75_pop_500_parents_20_gen_8_loss_standard,averaged_one_step_switching_5_draws,15,30015,8,600,-0.12943105168064822,3.864567438570612,3.99399849025126,0.4992498112814076,0.3273099166572477,0.6656664150418766,21.021646282029586,0.3281797394268001,0.33077149491042807,0.16965477967279996,0.5004762981983062,0.12667716584483169,0.8563961897106561,0.017526050235257655,0.020464885815499767,-0.11054985190763639,600.0,0.12945507666639364,0.18571020100595584,0.29924229458289764,0.3258844729238824,1.114261206035735
h2_0.05_budget_75_pop_500_parents_20_gen_8_loss_standard,averaged_one_step_switching_5_draws,16,30016,8,600,-0.14402742240002847,3.3704366450455443,3.514464067445573,0.4393080084306966,0.30970027873822914,0.5857440112409288,17.177220490046658,0.25329057039847996,0.06945853740099664,-0.0682289218379218,0.5144971581992918,0.20657286664924535,0.9381330423894217,0.006713193877224326,0.0071559081429706855,-0.1275465840067022,600.0,0.12090473939897492,0.17516914640436881,0.1920885364979868,0.2437881605726986,0.875845732021844
h2_0.05_budget_75_pop_500_parents_20_gen_8_loss_standard,averaged_one_step_switching_5_draws,17,30017,8,600,-0.19198031041777358,2.919015150304288,3.110995460722062,0.3888744325902577,0.4697725429553113,0.5184992434536769,19.23472879519943,0.23120593211288915,0.07392669380235536,-0.03236664301602041,0.4761093417234916,0.1732348971547831,0.9743163118235173,0.0022146976991588344,0.0022730787448419455,-0.14044821658510373,600.0,0.12880140833052187,0.18681650000507943,0.13160060134884774,0.22967096102696385,0.5604495000152383
h2_0.05_budget_75_pop_500_parents_20_gen_8_loss_standard,averaged_one_step_switching_5_draws,18,30018,8,600,-0.09829088427829709,2.7508324856965327,2.84912336997483,0.3561404212468538,0.46709206189202146,0.474853894995805,17.338690548516112,0.25399240671772594,0.3079090481066967,-0.048899082568022535,0.5548104265849305,0.20152906619183197,0.9515556914287155,0.01455399012028041,0.015294943061533568,-0.10716160541965081,600.0,0.03789742197841406,0.14197257801424712,-0.04355830501977104,-0.019504742339183038,0.14197257801424712
h2_0.05_budget_75_pop_500_parents_20_gen_8_loss_standard,averaged_one_step_switching_5_draws,19,30019,8,600,-0.15795672765461724,3.5224520031949935,3.680408730849611,0.4600510913562013,0.26221718741702593,0.6134014551416018,17.50091613941871,0.19618563077101647,0.1652735308274433,0.06450951771411813,0.37461601545496365,0.10917077268865352,0.9503917304797681,0.02853415631364607,0.030023573857531058,-0.11999416922081618,600.0,0.1258090614937828,0.18857997650047764,0.048452539887834656,0.21201099948004404,0.7543199060019106
h2_0.05_budget_75_pop_500_parents_20_gen_8_loss_standard,averaged_one_step_switching_5_draws,20,30020,8,600,-0.1354434823637269,2.213255659250795,2.3486991416145218,0.2935873927018152,0.35448633070219965,0.3914498569357537,12.992322237921293,0.2392135324851984,0.5322155017876714,-0.022659887210147677,0.5322155017876714,0.1833195209160974,0.8854475750003187,0.023058645202845413,0.026041796097117455,-0.09902159857582149,600.0,0.09489628900337266,0.15006939325394342,0.15568189282652406,0.2785413225746085,0.6002775730157737
h2_0.05_budget_75_pop_500_parents_20_gen_8_loss_strong,averaged_one_step_switching_5_draws,1,31001,8,600,-0.15576645915289636,2.7054644992959096,2.861230958448806,0.35765386980610075,0.5603539662140969,0.47687182640813436,18.270585284768792,0.26787212527980186,0.1714025907878149,-0.03116048183104629,0.4602893753006915,0.15527896233533045,0.9908913101792581,0.00024123999276611248,0.00024345757227648988,-0.13342026384439212,600.0,0.12949175298854243,0.19241490299464203,0.22028916157527376,0.3222883748340086,0.7696596119785681
h2_0.05_budget_75_pop_500_parents_20_gen_8_loss_strong,averaged_one_step_switching_5_draws,2,31002,8,600,-0.08551872442314233,3.880511567641165,3.9660302920643073,0.49575378650803853,0.5487405570012255,0.6610050486773845,23.457207639265533,0.28004408834509625,0.45945473666915543,-0.0029549144644841095,0.6893985012561279,0.20850963288818275,0.8725925477333256,0.014873838340170198,0.017045571130313863,-0.14145160621851818,600.0,0.06937319174903678,0.12478760900557972,0.19271072189431848,0.33934979221123385,0.4991504360223189
h2_0.05_budget_75_pop_500_parents_20_gen_8_loss_strong,averaged_one_step_switching_5_draws,3,31003,8,600,-0.15216887426793577,2.9766336382380736,3.1288025125060095,0.39110031406325124,0.3481121514017494,0.5214670854176683,17.341828084894725,0.28405308762658965,0.26080354635827346,-0.15040242792704633,0.5344272928533194,0.20381608323984624,0.9266889432504093,0.000498080635984838,0.000537484168352969,-0.11925024256328098,600.0,0.15847013200254878,0.2173215450020507,0.04319971441331272,0.19156277151103826,0.8692861800082028
h2_0.05_budget_75_pop_500_parents_20_gen_8_loss_strong,averaged_one_step_switching_5_draws,4,31004,8,600,-0.12544810009728127,4.112843348800497,4.238291448897778,0.5297864311122222,0.5900363928686125,0.7063819081496296,23.013207263797817,0.3737438395163284,0.7886203906473092,0.035773764074831946,0.7886203906473092,0.28673513285525787,0.9291977218637957,0.0,0.0,-0.14852491523231107,600.0,0.2553640090045519,0.30783868598518893,0.1291487151633902,0.20358388200765803,0.30783868598518893
h2_0.05_budget_75_pop_500_parents_20_gen_8_loss_strong,averaged_one_step_switching_5_draws,5,31005,8,600,-0.1359437658032008,3.9692447988101276,4.105188564613329,0.5131485705766661,0.29631070965349515,0.6841980941022214,20.208523399326673,0.32516954084008715,0.1419992690815576,0.1419992690815576,0.4574016575846411,0.11899441482261801,0.8835438379126693,0.032759590268867794,0.03707749277756357,-0.12077299896542008,600.0,0.18755716100956002,0.24557083666635057,0.2616499573531699,0.40580874502992653,0.7367125099990517
h2_0.05_budget_75_pop_500_parents_20_gen_8_loss_strong,averaged_one_step_switching_5_draws,6,31006,8,600,-0.10706781126167336,4.095929382920147,4.202997194181821,0.5253746492727276,0.5457503398169253,0.7004995323636367,23.78897163623538,0.2744441938542156,0.40506320605841184,0.0008331764406132064,0.5596878456133089,0.18803098999270712,0.8984205664888607,0.0015732644267704944,0.0017511447149067474,-0.13341633558143498,600.0,0.10653314820374363,0.1700889748055488,0.14858618224033368,0.20375055304273046,0.8504448740277439
h2_0.05_budget_75_pop_500_parents_20_gen_8_loss_strong,averaged_one_step_switching_5_draws,7,31007,8,600,-0.13095926095067584,3.0812843529897944,3.2122436139404704,0.40153045174255875,0.3458649021535386,0.5353739356567451,16.066051679102486,0.3104914622854049,0.5006894174423131,0.11272874733363768,0.5118682939974325,0.15929805963564073,0.9132074300008878,0.015956662858584634,0.01747320743828061,-0.14355128307467366,600.0,0.14631938633586591,0.20837508732802235,0.41841630389007783,0.4159466848728537,0.625125261984067
h2_0.05_budget_75_pop_500_parents_20_gen_8_loss_strong,averaged_one_step_switching_5_draws,8,31008,8,600,-0.18138142121786854,2.404256041601323,2.5856374628191916,0.323204682852399,0.27662773163827487,0.43093957713653197,11.408800721954865,0.26949604541094807,0.444376791431981,0.029821258956299636,0.5492176982522563,0.1928714273474045,0.933150572781034,0.019845997327032815,0.021267733103229554,-0.09943316674764845,600.0,0.17512407941394487,0.23273761860327796,0.09220448790943278,0.2733352968748623,1.1636880930163898
h2_0.05_budget_75_pop_500_parents_20_gen_8_loss_strong,averaged_one_step_switching_5_draws,9,31009,8,600,-0.1268069368080288,3.437438394172088,3.5642453309801168,0.44553066637251465,0.5248934167535526,0.5940408884966861,20.296014052208793,0.2689671859197923,-0.29601071817751967,-0.29601071817751967,0.6512815926501557,0.34557786031372834,0.9771646585534898,0.004044651703576674,0.0041391710886924905,-0.13625609985498774,600.0,0.13749923348950688,0.1933649047423387,0.2883182642125203,0.33748604080527067,0.7734596189693548
h2_0.05_budget_75_pop_500_parents_20_gen_8_loss_strong,averaged_one_step_switching_5_draws,10,31010,8,600,-0.15608261308009327,2.85028740975033,3.0063700228304233,0.375796252853803,0.5256469370457746,0.5010616704717372,17.96050133765608,0.2711907872747873,0.10503247051934106,0.10503247051934106,0.4144317343864683,0.10633867295124542,0.977142021536789,0.00023691602453314355,0.0002424581271825119,-0.1193718265219383,600.0,0.10035998124658363,0.15972173100453801,0.1677720899865213,0.25383653593824684,0.6388869240181521
h2_0.05_budget_75_pop_500_parents_20_gen_8_loss_strong,averaged_one_step_switching_5_draws,11,31011,8,600,-0.07634861342587373,2.858416172455432,2.9347647858813053,0.3668455982351632,0.3350854287398105,0.48912746431355086,14.695699009257616,0.2613241927404403,0.026902432258957814,0.026902432258957814,0.6005908647180187,0.17240893586151199,0.8999886638416975,0.0043538632215056,0.004837686735875839,-0.1267671277256715,600.0,0.1606460920011159,0.2716482719988562,0.04252545531590245,0.11680219182588623,0.2716482719988562
h2_0.05_budget_75_pop_500_parents_20_gen_8_loss_strong,averaged_one_step_switching_5_draws,12,31012,8,600,-0.168461818052377,3.557576677239055,3.7260384952914323,0.46575481191142903,0.48408241554045794,0.6210064158819054,19.25503283974289,0.2787532677147166,0.14126253939569497,-0.0767408120935479,0.511027815852055,0.20074202159200638,0.9403776761329697,0.024864742229301875,0.02644122979561883,-0.13326290577595984,600.0,0.10391319024347467,0.17236658024194185,0.22918967972626975,0.3147384821595746,0.6894663209677674
h2_0.05_budget_75_pop_500_parents_20_gen_8_loss_strong,averaged_one_step_switching_5_draws,13,31013,8,600,-0.14476643271231737,3.0015931833197484,3.1463596160320657,0.39329495200400827,0.2497937725561828,0.5243932693386777,16.018170437687985,0.2660774064492441,0.314423392254929,0.08330082043463938,0.39559925970648907,0.11884904456663947,0.8978109295210052,0.11896529386781213,0.13250595415593994,-0.08449063958339469,600.0,0.10178081939811819,0.1565964915964287,0.27438597741790166,0.2528059364959781,0.7829824579821434
h2_0.05_budget_75_pop_500_parents_20_gen_8_loss_strong,averaged_one_step_switching_5_draws,14,31014,8,600,-0.15411723996635748,2.6105154445659196,2.764632684532277,0.34557908556653477,0.4380309532475194,0.46077211408871277,16.474297421235992,0.4540863517219107,0.8832815368235123,0.08350357179239276,0.8832815368235123,0.2456299038476306,0.9386435087982754,0.0,0.0,-0.12723273086626108,600.0,0.1230279452574905,0.17814610074856319,0.31911170280235185,0.4072570695388429,0.7125844029942527
h2_0.05_budget_75_pop_500_parents_20_gen_8_loss_strong,averaged_one_step_switching_5_draws,15,31015,8,600,-0.11991444630165235,3.7259808747622443,3.8458953210638964,0.48073691513298705,0.4321387119088056,0.6409825535106494,21.997786878030603,0.2472983631613388,-0.003511061601443849,-0.003511061601443849,0.5169905859686873,0.19630443114846136,0.9403831337965894,0.11878996126596235,0.12632081222721858,-0.09097860960470333,600.0,0.09907228201336693,0.17275056849757675,0.054178944734753515,0.2057786978373587,0.3455011369951535
h2_0.05_budget_75_pop_500_parents_20_gen_8_loss_strong,averaged_one_step_switching_5_draws,16,31016,8,600,-0.13195542621725279,3.611563802857407,3.7435192290746597,0.46793990363433263,0.5054963386253575,0.6239198715124433,21.455209381498392,0.25767516847438954,0.11762583789570719,-0.3008619817342041,0.7146172691442687,0.305103746333863,0.9410825067622068,0.0013998958034139423,0.0014875378017919832,-0.12507148916125563,600.0,0.11736198950529797,0.17185817599965958,0.12520860331509376,0.2161924811100823,0.6874327039986383
h2_0.05_budget_75_pop_500_parents_20_gen_8_loss_strong,averaged_one_step_switching_5_draws,17,31017,8,600,-0.10543281957445427,2.810036885985624,2.9154697055600787,0.3644337131950099,0.4557544018574493,0.4859116175933464,18.21720567822183,0.41224277531376097,0.4857922589087069,0.17175296354479594,0.5895039054663647,0.14066141854607242,0.9399120403278801,0.0010336185620577558,0.0010996971181443606,-0.10591787328781395,600.0,0.11568605549109634,0.17400539525260683,0.2169880424624187,0.369604322036456,0.6960215810104273
h2_0.05_budget_75_pop_500_parents_20_gen_8_loss_strong,averaged_one_step_switching_5_draws,18,31018,8,600,-0.1077290575305337,3.2890868108102502,3.396815868340784,0.4246019835425979,0.38058662352472317,0.5661359780567974,16.462971777688136,0.40089085614603576,0.5448343709707374,0.1684484549527954,0.6404004033851665,0.15923916909707397,0.930795078268052,0.0,0.0,-0.11339681776946728,600.0,0.12767542367024967,0.18947397031782506,0.33259858780632984,0.3237484103524168,0.5684219109534752
h2_0.05_budget_75_pop_500_parents_20_gen_8_loss_strong,averaged_one_step_switching_5_draws,19,31019,8,600,-0.13069083602806814,4.32922445216154,4.459915288189609,0.5574894110237011,0.23565573052609287,0.7433192146982681,19.757016472066525,0.24197602593625528,0.2956982425001856,0.14554236674867463,0.3586849570612045,0.07075538460075555,0.8440625299822593,0.09574067487229883,0.11342841492360896,-0.09869969350271422,600.0,0.1504324887500843,0.20827169199765194,0.20701233608290218,0.25297235742001234,0.8330867679906078
h2_0.05_budget_75_pop_500_parents_20_gen_8_loss_strong,averaged_one_step_switching_5_draws,20,31020,8,600,-0.13380034318681427,3.3768007606835786,3.510601103870393,0.438825137983799,0.3886377532597365,0.5851001839783989,18.590069078293524,0.15783736405747065,-0.14092953098211194,-0.14092953098211194,0.467821734167488,0.18106692056114618,0.86169505531871,0.011576158796516528,0.013434171085309202,-0.11250887687281186,600.0,0.11405776874744333,0.18166324449703097,0.2607901711838059,0.26341899833391513,0.7266529779881239
h2_0.05_budget_75_pop_500_parents_40_gen_8_loss_standard,averaged_one_step_switching_5_draws,1,32001,8,600,-0.1284512950559862,3.1703453938032164,3.298796688859203,0.4123495861074003,0.2463080299222053,0.5497994481432005,16.87182465649623,0.3143836528737166,0.06419753178551962,0.06419753178551962,0.5279889162705698,0.1453110699839085,0.9913839454385266,0.09502593991918135,0.09585180429480102,-0.12205269822534161,600.0,0.17835951900148453,0.23397606032085605,0.1716533856740906,0.3016931324419995,0.7019281809625681
h2_0.05_budget_75_pop_500_parents_40_gen_8_loss_standard,averaged_one_step_switching_5_draws,2,32002,8,600,-0.1307464278825267,3.131727333471464,3.2624737613539905,0.40780922016924886,0.339225620795059,0.5437456268923317,17.05038665590059,0.36620951289758386,0.22915708852808803,0.1728285426958655,0.5200618226182315,0.1293958223432714,0.9113183467430968,0.009328260986862338,0.010236007011380844,-0.13295594627374815,600.0,0.14764070998838483,0.203894246990482,0.2487618983480159,0.3073491512807283,0.611682740971446
h2_0.05_budget_75_pop_500_parents_40_gen_8_loss_standard,averaged_one_step_switching_5_draws,3,32003,8,600,-0.13024794525398936,3.364192324455044,3.4944402697090333,0.43680503371362916,0.252022211323096,0.5824067116181721,14.063884200108854,0.28693598300761985,0.5836131706854946,0.1235631644990102,0.5836131706854946,0.1590535201415235,0.9849926282584032,0.12131972537981614,0.12316815567881499,-0.0904422656896734,600.0,0.18605163699830882,0.2470191347936634,0.19388001912925024,0.3406272775349771,1.235095673968317
h2_0.05_budget_75_pop_500_parents_40_gen_8_loss_standard,averaged_one_step_switching_5_draws,4,32004,8,600,-0.0714498124236664,3.6320470998847116,3.703496912308378,0.46293711403854715,0.14423832419595964,0.6172494853847297,16.907566495160868,0.2720778648927462,0.13416786449063844,0.11130941900868278,0.4181014562010705,0.11998923379647192,0.9040972800899564,0.38210080870367447,0.4226324059570846,-0.09148634968938392,600.0,0.12526528199668974,0.18771434799418785,0.21735626245599982,0.240222065072968,0.3754286959883757
h2_0.05_budget_75_pop_500_parents_40_gen_8_loss_standard,averaged_one_step_switching_5_draws,5,32005,8,600,-0.14080716433729368,2.7904060230150063,2.9312131873523,0.36640164841903744,0.3109005477623867,0.4885355312253833,16.316415183199787,0.2982302590471335,0.2196564826092238,0.09920328596504772,0.5076046151851268,0.1486863168067449,0.92611681615656,0.018749141710156944,0.020244899329187216,-0.12733322169767597,600.0,0.09374286049569491,0.15622634851024486,0.2509309538824406,0.3636305488971753,0.3124526970204897
h2_0.05_budget_75_pop_500_parents_40_gen_8_loss_standard,averaged_one_step_switching_5_draws,6,32006,8,600,-0.12969630253594427,3.803760983886621,3.9334572864225654,0.49168216080282073,0.23203688243123374,0.6555762144037609,17.718259837435824,0.26881592494521217,0.017612400240802246,0.017612400240802246,0.5331042250008062,0.16524182801740128,0.8826313950315533,0.014007739130440164,0.01587042927465706,-0.10376601024556516,600.0,0.11077371819410473,0.17039902340620755,0.3128875889515085,0.3420734197331087,0.8519951170310378
h2_0.05_budget_75_pop_500_parents_40_gen_8_loss_standard,averaged_one_step_switching_5_draws,7,32007,8,600,-0.08437173404551192,2.7259638851277432,2.810335619173255,0.35129195239665684,0.24460718989059824,0.4683892698622092,13.729065168182018,0.2844544729556583,0.28068800087226947,0.07115692959471995,0.5299993844611834,0.16170657037139363,0.9677011253099832,0.06449560604285418,0.06664827016936074,-0.12971393387323263,600.0,0.07052563932181026,0.13745521899545565,0.3696193210001826,0.42539448757327847,0.41236565698636696
h2_0.05_budget_75_pop_500_parents_40_gen_8_loss_standard,averaged_one_step_switching_5_draws,8,32008,8,600,-0.16632301890377008,2.9062505953547793,3.072573614258549,0.38407170178231864,0.20021003583017813,0.5120956023764248,12.86124040603352,0.2359253222969127,0.3317760987664177,0.09368953056764132,0.46140266684927106,0.12554156293538066,0.8615210456559902,0.1247529236133956,0.14480542784466124,-0.10301326083551951,600.0,0.2246398713226275,0.2814428636726613,0.0831942864656699,0.15641170033920992,0.8443285910179839
h2_0.05_budget_75_pop_500_parents_40_gen_8_loss_standard,averaged_one_step_switching_5_draws,9,32009,8,600,-0.14150065671231454,3.1667120717173316,3.308212728429646,0.41352659105370576,0.20952777129596425,0.5513687880716077,13.596560582628523,0.29187569185138074,0.11564746951909143,0.08569375499676797,0.6751174857125782,0.205456441708349,0.9452579849476378,0.0773654553859249,0.0818458628415718,-0.1161023628979582,600.0,0.09724294433059792,0.1647951983322855,0.2860143235559112,0.3041862370444363,0.4943855949968565
h2_0.05_budget_75_pop_500_parents_40_gen_8_loss_standard,averaged_one_step_switching_5_draws,10,32010,8,600,-0.1467146225994915,3.8598098630538886,4.00652448565338,0.5008155607066724,0.25087267215697373,0.6677540809422301,19.673117479670253,0.27926946201343905,0.2255780259002113,0.14091682191630156,0.4737039210322645,0.10760910404165885,0.9279743990950458,0.11427391805474893,0.12314339508308426,-0.10602501930332099,600.0,0.08034537825005827,0.14672404400334926,0.2434239691329872,0.3106577734717759,0.586896176013397
h2_0.05_budget_75_pop_500_parents_40_gen_8_loss_standard,averaged_one_step_switching_5_draws,11,32011,8,600,-0.09475828406016394,3.413196417127645,3.507954701187809,0.4384943376484762,0.46576981801374706,0.5846591168646349,19.7611272987126,0.26018243473096053,-0.10558737111956037,-0.10558737111956037,0.5429907270857751,0.22937498569154066,0.9276056151130633,0.08797172655009337,0.09483742348775104,-0.14412300264288863,600.0,0.14336452819406986,0.1948810485890135,0.1807199745391245,0.22117827068036325,0.9744052429450676
h2_0.05_budget_75_pop_500_parents_40_gen_8_loss_standard,averaged_one_step_switching_5_draws,12,32012,8,600,-0.17950781535751065,4.7276070952831395,4.90711491064065,0.6133893638300814,0.29815827234877257,0.817852485106775,21.84294669957393,0.35899363853235156,0.40608196766270666,0.14697621050857684,0.6113344101596522,0.14217771518825695,0.8979602507689576,0.0660204948734982,0.07352273646518578,-0.12139278519549951,600.0,0.20415970614495954,0.2649734662928885,0.10524777134127399,0.3657225357222157,1.8548142640502192
h2_0.05_budget_75_pop_500_parents_40_gen_8_loss_standard,averaged_one_step_switching_5_draws,13,32013,8,600,-0.12302506879217666,2.747758588957443,2.8707836577496195,0.35884795721870244,0.3377556608697247,0.47846394295826994,16.154556151093622,0.29058322518835855,-0.01598323009978536,-0.01598323009978536,0.523745030652887,0.16920091365373915,0.9610707710987314,0.03650663756775618,0.03798537908505994,-0.14684181793492992,600.0,0.22924890350259375,0.29095692648843396,0.2173874437583928,0.3729226613583334,0.5819138529768679
h2_0.05_budget_75_pop_500_parents_40_gen_8_loss_standard,averaged_one_step_switching_5_draws,14,32014,8,600,-0.1356032390437863,3.2291645093015444,3.3647677483453307,0.4205959685431664,0.3006852391876509,0.5607946247242218,16.792097846700724,0.2754442920701555,0.2564449360986625,0.05591475109863693,0.5912606421294999,0.1643982318761365,0.9317519000882207,0.1033971489291636,0.11097068749671848,-0.12602867651558655,600.0,0.17391469465413442,0.2463799130055122,0.03784023507835391,0.1331438017636783,0.7391397390165366
h2_0.05_budget_75_pop_500_parents_40_gen_8_loss_standard,averaged_one_step_switching_5_draws,15,32015,8,600,-0.11834867828782271,2.833896457030267,2.95224513531809,0.3690306419147612,0.2939769294731967,0.4920408558863483,13.064138381923865,0.17706200343675016,0.06904656410929845,0.028252425421528234,0.38422513562682564,0.11385048729327717,0.9627804350406874,0.12014155068001085,0.12478603252353547,-0.1261709521126823,600.0,0.21699138774420135,0.2846830695052631,0.17870950401950908,0.23272716738197802,1.1387322780210525
h2_0.05_budget_75_pop_500_parents_40_gen_8_loss_standard,averaged_one_step_switching_5_draws,16,32016,8,600,-0.1385221041137276,3.9608165155934225,4.09933861970715,0.5124173274633937,0.30115879023515457,0.6832231032845251,19.20433393677601,0.31036992212749587,0.3816357273302228,0.1744472692996969,0.5424428247486879,0.1238063514145965,0.9042129327266664,0.11144730107654509,0.12325338097130975,-0.12230455459936954,600.0,0.11973137959139421,0.18141519360942765,0.2083763608608995,0.2756836398638317,0.9070759680471383
h2_0.05_budget_75_pop_500_parents_40_gen_8_loss_standard,averaged_one_step_switching_5_draws,17,32017,8,600,-0.08751394236225828,3.658247238019812,3.7457611803820705,0.46822014754775887,0.34825971821554463,0.6242935300636785,18.25126306878817,0.31525924977837505,0.245683360769066,-0.01844039182311852,0.5897207997015648,0.20821839993623212,0.9099255220571273,0.07040141120376263,0.07737052044061982,-0.12945831515470307,600.0,0.16768796798714902,0.22485132249130402,0.15346743559210516,0.22160915160796946,0.8994052899652161
h2_0.05_budget_75_pop_500_parents_40_gen_8_loss_standard,averaged_one_step_switching_5_draws,18,32018,8,600,-0.15183539495931547,2.9047040192112243,3.05653941417054,0.38206742677131744,0.20895387349149866,0.50942323569509,14.905934132134671,0.29606722784491146,0.14030081744363151,0.11851486189283078,0.6028362203671268,0.1665154886093263,0.9495660052929052,0.04527333365811453,0.04767792170924381,-0.13746762850037936,600.0,0.21924329233782677,0.2779664686725785,0.3084276949162969,0.3005370748553328,0.8338994060177356
h2_0.05_budget_75_pop_500_parents_40_gen_8_loss_standard,averaged_one_step_switching_5_draws,19,32019,8,600,-0.1324449938830808,3.3452898609795017,3.4777348548625824,0.43471685685782285,0.2017080847124064,0.5796224758104305,15.825041316172488,0.30830977050397446,0.09034275662298696,0.09034275662298696,0.5787297779083072,0.17327771921527665,0.9223771851360384,0.09506495700331904,0.10306516524397578,-0.11521071655328474,600.0,0.15727053850423545,0.22381493074499303,0.2088133499971362,0.4549760140351791,0.8952597229799721
h2_0.05_budget_75_pop_500_parents_40_gen_8_loss_standard,averaged_one_step_switching_5_draws,20,32020,8,600,-0.11896365707736477,3.82631156434361,3.945275221420975,0.4931594026776218,0.48824763381947495,0.6575458702368291,20.296943448996952,0.2835085559063928,0.36091555787470314,0.10041082490326395,0.47086826217436367,0.1195713506805756,1.0182335961231754,0.0965165083835406,0.09478817901021705,-0.12377573146333398,600.0,0.12861211124254623,0.18474477124982513,0.08630087979011618,0.22413540034131296,0.7389790849993005
h2_0.05_budget_75_pop_500_parents_40_gen_8_loss_strong,averaged_one_step_switching_5_draws,1,33001,8,600,-0.1263172696665266,2.8105749090766357,2.9368921787431623,0.3671115223428954,0.5470516215240843,0.489482029790527,18.25897841521472,0.15976015389264758,-0.3376204025596079,-0.3376204025596079,0.45323635383180144,0.28493360322983896,0.9438942109098508,0.09147994262322068,0.09691757992141951,-0.10546531212661488,600.0,0.16542138724616962,0.22069845550868195,0.2031881175269218,0.21788728563186913,0.8827938220347278
h2_0.05_budget_75_pop_500_parents_40_gen_8_loss_strong,averaged_one_step_switching_5_draws,2,33002,8,600,-0.11317870657699873,3.3752880730076473,3.488466779584646,0.4360583474480808,0.282736909436204,0.5814111299307743,17.854938722364594,0.3167441432481549,0.4607030569024568,0.01081697909492905,0.5587754180220861,0.1883986273769734,0.9499940147509474,0.002309478689059625,0.0024310455152342023,-0.10900926558118651,600.0,0.14426164550241083,0.20416950050275773,0.2394446325002796,0.3038900258846054,0.8166780020110309
h2_0.05_budget_75_pop_500_parents_40_gen_8_loss_strong,averaged_one_step_switching_5_draws,3,33003,8,600,-0.13554496402731042,2.8259052965629943,2.9614502605903046,0.3701812825737881,0.504828866525294,0.49357504343171743,18.097363234929947,0.2993899751895857,0.43333709393294195,0.05432615508731384,0.5432006487856365,0.18878346375173974,0.9292336144154248,0.0042951581831651,0.0046222587264744585,-0.10697512021530847,600.0,0.1131288000033237,0.17102035199059173,0.37380356318931973,0.36500862961420094,0.5130610559717752
h2_0.05_budget_75_pop_500_parents_40_gen_8_loss_strong,averaged_one_step_switching_5_draws,4,33004,8,600,-0.09536653680731945,3.9580587646814394,4.053425301488759,0.5066781626860948,0.2547159746338586,0.6755708835814598,19.276243478279717,0.2953772724029613,0.08909591619858652,0.08909591619858652,0.46726004828962414,0.1353914080531274,1.0362750163582348,0.11960425600074161,0.11541748484978918,-0.1118063019450003,600.0,0.1668290925968904,0.23234341118950397,0.25363421780773593,0.24365332255146727,1.1617170559475198
h2_0.05_budget_75_pop_500_parents_40_gen_8_loss_strong,averaged_one_step_switching_5_draws,5,33005,8,600,-0.15663515157965552,3.6101713773563233,3.766806528935979,0.4708508161169974,0.391515032199272,0.6278010881559964,19.587576389217215,0.40544785429661084,0.2877104672259139,0.2877104672259139,0.5278763337852206,0.08481361504019415,0.941510278919461,0.06341212313047222,0.0673514931809859,-0.10983205503331213,600.0,0.15449081483044816,0.2198550916655222,0.2319313591545903,0.40330957120219907,1.3191305499931332
h2_0.05_budget_75_pop_500_parents_40_gen_8_loss_strong,averaged_one_step_switching_5_draws,6,33006,8,600,-0.17729580129388567,1.9406562653148263,2.117952066608712,0.264744008326089,0.18017152272601408,0.352992011101452,9.613781174107999,0.20944222832086587,-0.1702467690050214,-0.1702467690050214,0.6294662487076037,0.23231412786241168,0.9652915364148086,0.1575324691152252,0.1631967785611349,-0.11737301154175651,600.0,0.1883533389918739,0.24511136300861835,0.17660462956866352,0.14199205791899544,0.4902227260172367
h2_0.05_budget_75_pop_500_parents_40_gen_8_loss_strong,averaged_one_step_switching_5_draws,7,33007,8,600,-0.13374584403194228,2.5856331362950784,2.7193789803270207,0.33992237254087765,0.29397044127531924,0.45322983005450346,12.49381282898296,0.3314533621969756,0.33709170693087176,0.1682180777383952,0.5922699489615477,0.11949660241607633,1.0002210830834999,0.0031373904313519796,0.0031366969607158996,-0.14328959806928915,600.0,0.1188861320115393,0.1785390344884945,0.22724990404010276,0.46468082794620974,0.357078068976989
h2_0.05_budget_75_pop_500_parents_40_gen_8_loss_strong,averaged_one_step_switching_5_draws,8,33008,8,600,-0.1514457708576948,3.1009980310617253,3.25244380191942,0.40655547523992747,0.3156871661202161,0.5420739669865701,16.399348922834633,0.16855272002398555,0.2445487525009849,-0.17728657922680247,0.3525774156510791,0.1746884516374413,0.9511981648616366,0.15537499132552107,0.163346605434339,-0.12438870666982489,600.0,0.04585501700057648,0.09698628800106235,0.046528667252232384,0.1518132105682969,0.09698628800106235
h2_0.05_budget_75_pop_500_parents_40_gen_8_loss_strong,averaged_one_step_switching_5_draws,9,33009,8,600,-0.10892062225036575,2.2533385653157976,2.3622591875661634,0.2952823984457704,0.22556255089566707,0.3937098645943606,10.347721627443812,0.21643786588626968,0.32224382323008266,0.0077902155523706575,0.42114448597658766,0.13498393306115486,0.9797249691548049,0.029228520694297083,0.02983339367119746,-0.14151100557148916,600.0,0.26439040701370686,0.32528501100023277,0.10838221732380127,0.12374177577893457,0.32528501100023277
h2_0.05_budget_75_pop_500_parents_40_gen_8_loss_strong,averaged_one_step_switching_5_draws,10,33010,8,600,-0.1307355333328457,2.8500908596014574,2.9808263929343033,0.3726032991167879,0.3523534363548876,0.49680439882238386,13.879432107170398,0.19816951047419523,0.1075791184917163,-0.055905130723157136,0.6062120852546288,0.22789522546200633,0.9737743765845889,0.05540602318199089,0.056898214323857735,-0.1410713022058213,600.0,0.12028515949350549,0.18792711425339803,0.25150299118271524,0.30596684487963577,0.7517084570135921
h2_0.05_budget_75_pop_500_parents_40_gen_8_loss_strong,averaged_one_step_switching_5_draws,11,33011,8,600,-0.12679318727572056,2.682896950493461,2.8096901377691816,0.3512112672211477,0.213328118408735,0.4682816896281969,12.982558243222854,0.1794070173007663,0.2358845882155718,0.09770823377288543,0.3094631030746227,0.077518504921143,0.9365091481296031,0.09674743303281977,0.10330644738072643,-0.12947206206853837,600.0,0.09154129299956064,0.16197553566113734,-0.01608200019030652,0.21463220179031128,0.48592660698341206
h2_0.05_budget_75_pop_500_parents_40_gen_8_loss_strong,averaged_one_step_switching_5_draws,12,33012,8,600,-0.10814524869246733,3.275702790617698,3.3838480393101653,0.4229810049137707,0.2221607222985304,0.5639746732183609,14.729390903536279,0.3183535916705398,0.18336291731909576,0.12332206163077912,0.6366483846654264,0.16120617556722872,0.8647484505513047,0.11368215597510717,0.13146268825648796,-0.10386228687292176,600.0,0.1419612097524805,0.20340251800371334,0.34579291458969036,0.36322883167879094,0.8136100720148534
h2_0.05_budget_75_pop_500_parents_40_gen_8_loss_strong,averaged_one_step_switching_5_draws,13,33013,8,600,-0.1552575908882823,2.921820750591879,3.0770783414801617,0.38463479268502027,0.4518687475971821,0.5128463902466937,16.454410816487098,0.3522966236840826,0.2716227816477112,0.05450577842313165,0.7167169024397202,0.1923890118415065,0.9501427573025581,0.01995729705502031,0.021004524742870002,-0.13148231762729526,600.0,0.10157859400351299,0.153612340996915,0.21505305681482467,0.25090084141122604,0.61444936398766
h2_0.05_budget_75_pop_500_parents_40_gen_8_loss_strong,averaged_one_step_switching_5_draws,14,33014,8,600,-0.14508097502918357,2.633858714097611,2.7789396891267946,0.3473674611408493,0.3145048386385777,0.46315661485446574,15.954745255613194,0.3172957572720344,0.135684628856258,0.135684628856258,0.6296090522271038,0.17397129193766,1.0247725843457176,0.0011520929064337332,0.0011242425139323035,-0.1350707194144322,600.0,0.15973256124561885,0.21794595149549423,0.23186291280806254,0.24827853581329232,0.8717838059819769
h2_0.05_budget_75_pop_500_parents_40_gen_8_loss_strong,averaged_one_step_switching_5_draws,15,33015,8,600,-0.10793582081197568,2.5807891738399236,2.688724994651899,0.33609062433148745,0.2308152734560968,0.4481208324419832,14.314186241831987,0.3343935545095666,0.41407671636546073,0.1405724236961928,0.7778239913047101,0.19942237151957637,0.9249228970851192,0.006629359331562076,0.007167472394136207,-0.1196873887028128,600.0,0.10771150798730862,0.1621762723370921,0.29994045386194007,0.4434298927121723,0.48652881701127626
h2_0.05_budget_75_pop_500_parents_40_gen_8_loss_strong,averaged_one_step_switching_5_draws,16,33016,8,600,-0.13234475312365238,3.4724476540716998,3.6047924071953523,0.45059905089941904,0.2645499742407633,0.6007987345325587,18.080505710359503,0.32594907189193245,0.22322349231416233,0.12024370480934429,0.5625876079444151,0.1768209033271213,0.9564547048304034,0.06981331458122292,0.07299176242078508,-0.13285000683043086,600.0,0.16147778699814808,0.22271896350139286,0.34686118158199153,0.39901584057525963,0.8908758540055715
h2_0.05_budget_75_pop_500_parents_40_gen_8_loss_strong,averaged_one_step_switching_5_draws,17,33017,8,600,-0.15913926116399113,2.5727078274509143,2.7318470886149053,0.34148088607686317,0.26140995328446065,0.4553078481024842,13.694544404380787,0.29368156269811047,0.0450678158632414,0.0450678158632414,0.43732119821764254,0.12305767583325257,0.8791874762894804,0.03314159525692529,0.03769570899348562,-0.1090744376649385,600.0,0.13771910379291513,0.19826767019694672,0.1729959814308742,0.2484801055471208,0.9913383509847336
h2_0.05_budget_75_pop_500_parents_40_gen_8_loss_strong,averaged_one_step_switching_5_draws,18,33018,8,600,-0.1604656029330845,3.384347355633722,3.5448129585668067,0.44310161982085083,0.3431565908063657,0.5908021597611345,16.39546430185593,0.27294900192970145,0.30467803364980894,0.08805628578784956,0.5758525243542759,0.1534458353250308,0.9527230720592349,0.050375297984078304,0.05287506880167824,-0.13079272017663615,600.0,0.13689744124712888,0.1879350160015747,0.21778882089523446,0.25720869082324527,0.7517400640062988
h2_0.05_budget_75_pop_500_parents_40_gen_8_loss_strong,averaged_one_step_switching_5_draws,19,33019,8,600,-0.09473067881075588,3.8725661044933766,3.9672967833041324,0.49591209791301655,0.16540209687879615,0.6612161305506887,17.16900820389909,0.30706300424450034,0.5122551306589322,0.10719227458106785,0.5122551306589322,0.16357279131745484,0.8786738446499271,0.10894359306372181,0.12398638439855471,-0.09636379274644477,600.0,0.09301811199111398,0.14696534800168592,0.3756134177645737,0.4190176186650919,0.29393069600337185
h2_0.05_budget_75_pop_500_parents_40_gen_8_loss_strong,averaged_one_step_switching_5_draws,20,33020,8,600,-0.10501817434376318,3.605687753756255,3.710705928100018,0.46383824101250226,0.32350737952377195,0.6184509880166696,18.051303672409013,0.2942694751727849,0.4883876014336116,0.11640719105791195,0.5022532717939111,0.15780132313265158,0.9869241481846204,0.1684302044913389,0.17066175227463504,-0.11559467084361764,600.0,0.16251335050037596,0.22129109350498766,0.2495916940292015,0.33184398128591897,0.4425821870099753
h2_0.10_budget_200_pop_1000_parents_20_gen_8_loss_standard,averaged_one_step_switching_5_draws,1,58001,8,1600,-0.13314627914244165,4.122299627453358,4.255445906595799,0.5319307383244749,0.5089934360995821,0.26596536916223745,24.568013008470142,0.34252413228959067,0.3840028019953696,0.12388807134697404,0.5099695511525104,0.12331877115067257,0.9430240904123077,0.02042744944396687,0.021661641151750014,-0.11611670047759659,1600.0,0.2733908567533945,0.36657851074414793,0.15006777721003403,0.3446654560254535,1.4663140429765917
h2_0.10_budget_200_pop_1000_parents_20_gen_8_loss_standard,averaged_one_step_switching_5_draws,2,58002,8,1600,-0.13314627914244165,4.835551912993439,4.96869819213588,0.6210872740169853,0.5588360729744682,0.3105436370084925,28.24540451999392,0.4228625792850803,0.20771054007853362,0.20771054007853362,0.6497844283413134,0.17323032305833208,0.9430240904123077,0.013718077778723277,0.01454690067644558,-0.11253847514666754,1600.0,0.2193848530005198,0.3184590880021763,0.2816253603259633,0.47534459390581585,0.955377264006529
h2_0.10_budget_200_pop_1000_parents_20_gen_8_loss_standard,averaged_one_step_switching_5_draws,3,58003,8,1600,-0.13314627914244165,4.703144645224688,4.8362909243671295,0.6045363655458914,0.47113011746541283,0.3022681827729456,26.965941601713812,0.3578328710237566,0.1622968491162991,0.1622968491162991,0.5864991705854786,0.13595650020684805,0.9430240904123077,0.007838486374501756,0.008312074372431593,-0.11713968803878595,1600.0,0.3144441010081209,0.3991897656621101,0.30426940326648394,0.3848171987139124,1.1975692969863303
h2_0.10_budget_200_pop_1000_parents_20_gen_8_loss_standard,averaged_one_step_switching_5_draws,4,58004,8,1600,-0.13314627914244165,2.8315383477457274,2.964684626888169,0.3705855783610212,0.5600583170807332,0.18529278918051056,19.913340217744512,0.30179282263027946,0.021155497553802225,0.021155497553802225,0.6513093490753109,0.23862595615380727,0.9430240904123077,0.0,0.0,-0.09833552586202572,1600.0,0.21768379399630552,0.3136818030131205,0.06525077290649274,0.2389076799105213,0.9410454090393614
h2_0.10_budget_200_pop_1000_parents_20_gen_8_loss_standard,averaged_one_step_switching_5_draws,5,58005,8,1600,-0.13314627914244165,3.3557280949807247,3.4888743741231663,0.4361092967653957,0.5096909837209475,0.21805464838269786,21.231355589254786,0.3430060941325403,0.6435472007025262,-0.06701846374306807,0.6435472007025262,0.2302821263650449,0.9430240904123077,0.0017395596050828993,0.0018446608339796828,-0.11426509249258875,1600.0,0.1680369477471686,0.25212332575028995,-0.016379417962018562,0.23468687472885102,1.0084933030011598
h2_0.10_budget_200_pop_1000_parents_20_gen_8_loss_standard,averaged_one_step_switching_5_draws,6,58006,8,1600,-0.13314627914244165,4.700309476060036,4.833455755202477,0.6041819694003098,0.3399154026119149,0.30209098470015483,24.09042488264955,0.33513277818270226,0.32585680781211673,-0.014258912076141652,0.5273933571987832,0.16481456941053116,0.9430240904123077,0.04489249073501735,0.04760481857402977,-0.11243775104826124,1600.0,0.21801622100174428,0.30432262939866633,0.11794686387599082,0.2880912614616661,1.5216131469933316
h2_0.10_budget_200_pop_1000_parents_20_gen_8_loss_standard,averaged_one_step_switching_5_draws,7,58007,8,1600,-0.13314627914244165,4.718900233812714,4.852046512955155,0.6065058141193945,0.5173628092608804,0.3032529070596972,27.33679916267602,0.3892318994336347,-0.021073880910671507,-0.021073880910671507,0.6224830317955357,0.18824553596954757,0.9430240904123077,0.0016989746485199888,0.0018016238034567764,-0.10557177441005215,1600.0,0.2820743516786024,0.36488639334371936,0.1618478452057083,0.2340609554218405,1.094659180031158
h2_0.10_budget_200_pop_1000_parents_20_gen_8_loss_standard,averaged_one_step_switching_5_draws,8,58008,8,1600,-0.13314627914244165,4.450649505664607,4.583795784807049,0.5729744731008811,0.551467688740975,0.28648723655044056,27.322490788719477,0.30923838109785373,0.2023915602685019,0.030347398985753404,0.49813919421683817,0.1540631689472239,0.9430240904123077,0.0007983062140668371,0.0008465385160179765,-0.12374258287234109,1600.0,0.1874823048322772,0.26873357033279416,0.08859652643140033,0.29283291685937735,1.6124014219967648
h2_0.10_budget_200_pop_1000_parents_20_gen_8_loss_standard,averaged_one_step_switching_5_draws,9,58009,8,1600,-0.13314627914244168,3.3795202316397015,3.512666510782143,0.4390833138477679,0.33205194301870344,0.21954165692388397,19.14517908372829,0.3222031475270982,0.38028974304088364,0.22715822070563232,0.43317426745991056,0.06961692322285946,0.9430240904123077,0.01145168174200702,0.012143572850827311,-0.10292140677541518,1600.0,0.08189846760360524,0.16117874779738486,0.1793888208601621,0.3498645803227438,0.8058937389869243
h2_0.10_budget_200_pop_1000_parents_20_gen_8_loss_standard,averaged_one_step_switching_5_draws,10,58010,8,1600,-0.13314627914244165,4.991918925392899,5.125065204535341,0.6406331505669175,0.27579435518053425,0.3203165752834588,24.57210529393935,0.38817267324284166,0.258366980542371,0.258366980542371,0.5023055744042397,0.08817110215244006,0.9430240904123077,0.019283127840851958,0.02044818158613638,-0.11271618206854642,1600.0,0.23657914675277425,0.3286385800020071,0.25895480115619585,0.33226445154063744,1.3145543200080283
h2_0.10_budget_200_pop_1000_parents_20_gen_8_loss_standard,averaged_one_step_switching_5_draws,11,58011,8,1600,-0.13314627914244165,4.047843170564283,4.180989449706725,0.5226236812133406,0.5007741551094073,0.2613118406066703,24.62560411253815,0.3073425767887072,0.25089024268214005,0.13062944559326853,0.6521529461653004,0.19784048196314247,0.9430240904123077,0.005874516600159435,0.0062294448889327805,-0.11339179679781618,1600.0,0.17386614800489042,0.254832725491724,0.14288052671092175,0.2014544863837322,0.509665450983448
h2_0.10_budget_200_pop_1000_parents_20_gen_8_loss_standard,averaged_one_step_switching_5_draws,12,58012,8,1600,-0.13314627914244165,5.275997610029296,5.409143889171737,0.6761429861464675,0.428221163505481,0.3380714930732336,28.433426353269304,0.3559478481624778,0.3735968120714141,-0.013049989895934274,0.563693833430901,0.18969516665276162,0.9430240904123077,0.016368938441995707,0.017357921826619403,-0.12346868804211349,1600.0,0.24783327133627608,0.3362643209984526,0.06183585815701753,0.19628029725618146,1.0087929629953578
h2_0.10_budget_200_pop_1000_parents_20_gen_8_loss_standard,averaged_one_step_switching_5_draws,13,58013,8,1600,-0.13314627914244165,4.0919810117083095,4.225127290850751,0.5281409113563438,0.47951071167273335,0.26407045567817194,22.94841937851245,0.35689719143258913,0.23029207670358184,0.11706338401778187,0.6258228491318408,0.17191758541435603,0.9430240904123077,0.007431609372494896,0.007880614554868538,-0.10131911634745491,1600.0,0.16733203519834206,0.2506222405936569,0.1821731646671823,0.34090948951749594,1.2531112029682845
h2_0.10_budget_200_pop_1000_parents_20_gen_8_loss_standard,averaged_one_step_switching_5_draws,14,58014,8,1600,-0.13314627914244165,2.818752798482576,2.9518990776250176,0.3689873847031272,0.4858349408017275,0.1844936923515636,19.06474671014856,0.31844451540627094,0.0,0.0,0.5859302278559807,0.2089247518006736,0.9430240904123077,0.0,0.0,-0.11556118618896062,1600.0,0.20159275650803465,0.2835546697533573,0.2722453992116127,0.3711351109503971,1.1342186790134292
h2_0.10_budget_200_pop_1000_parents_20_gen_8_loss_standard,averaged_one_step_switching_5_draws,15,58015,8,1600,-0.13314627914244165,3.5826504661222653,3.715796745264707,0.46447459315808837,0.5680752886194802,0.2322372965790442,23.013764271755605,0.3131280968050062,0.3462579077457178,-0.09775388886065296,0.5866662767276005,0.20624653844357146,0.9430240904123077,0.007092884179030404,0.0075214241620585355,-0.1148155645024634,1600.0,0.18030831461073832,0.26288930720184,0.16010998904580515,0.3311686571947556,1.3144465360092
h2_0.10_budget_200_pop_1000_parents_20_gen_8_loss_standard,averaged_one_step_switching_5_draws,16,58016,8,1600,-0.13314627914244165,3.355490302069905,3.4886365812123468,0.4360795726515434,0.5482663106053642,0.21803978632577167,21.295718115015486,0.41312087732255065,0.37270457996626627,0.2564838603341748,0.6917718503901418,0.15242816769911124,0.9430240904123077,1.4393992645161265e-05,1.526365316804149e-05,-0.10904567048469462,1600.0,0.1957538609955615,0.2765743483323604,0.26156639294497536,0.4101336829575031,0.8297230449970812
h2_0.10_budget_200_pop_1000_parents_20_gen_8_loss_standard,averaged_one_step_switching_5_draws,17,58017,8,1600,-0.13314627914244165,3.601201362179123,3.7343476413215644,0.46679345516519555,0.48390518740574345,0.23339672758259777,22.003905839860483,0.34382675884382546,0.13978229123752814,0.04872677237923986,0.7110512011252483,0.23501236176334575,0.9430240904123077,0.013571896019526561,0.014391886864303408,-0.10482977045886434,1600.0,0.17283696986435512,0.257966523856989,0.1990540523300168,0.2913661242321936,1.8057656669989228
h2_0.10_budget_200_pop_1000_parents_20_gen_8_loss_standard,averaged_one_step_switching_5_draws,18,58018,8,1600,-0.13314627914244165,3.7401714237941808,3.8733177029366224,0.4841647128670778,0.48105241243430696,0.2420823564335389,22.953252496286964,0.41301605066886615,0.40713424871705456,-0.02475425343105388,0.7260615113240819,0.23919300045722253,0.9430240904123077,0.0014099127922730774,0.001495097322123168,-0.11095900142788291,1600.0,0.2655102579932039,0.3481297019946699,0.019570650358310807,0.2004101195126716,1.0443891059840098
h2_0.10_budget_200_pop_1000_parents_20_gen_8_loss_standard,averaged_one_step_switching_5_draws,19,58019,8,1600,-0.13314627914244165,4.2996833996498225,4.432829678792264,0.5541037098490331,0.5397956764048867,0.2770518549245165,25.721204639993136,0.43625499305331183,0.4959244567664709,0.20765724733108937,0.5619188517072666,0.12944695560716046,0.9430240904123077,0.0019457738270732144,0.0020633341680831143,-0.10303226285813678,1600.0,0.2329982733305466,0.3132571448319747,0.16586952982146594,0.4109318928474654,1.879542868991848
h2_0.10_budget_200_pop_1000_parents_20_gen_8_loss_standard,averaged_one_step_switching_5_draws,20,58020,8,1600,-0.13314627914244168,3.717745016591072,3.8508912957335135,0.48136141196668913,0.4967399278078574,0.2406807059833446,22.862979424994705,0.3451602218612958,0.27799944527926373,0.11283990796232016,0.5153403198194766,0.1396222204034532,0.9430240904123077,0.0021964965765892473,0.0023292051591480532,-0.1152967138607497,1600.0,0.13496965839876793,0.21879098219797016,0.27543921487936934,0.3046501531490363,1.0939549109898508
h2_0.10_budget_200_pop_1000_parents_20_gen_8_loss_strong,averaged_one_step_switching_5_draws,1,59001,8,1600,-0.13314627914244165,3.7997716165479822,3.932917895690424,0.4916147369613029,0.5922974211517176,0.24580736848065146,23.823465950775763,0.3595406861729916,0.23522813995457964,0.06642952325366548,0.6053691713541661,0.16206165094053965,0.9430240904123077,0.002070582850982467,0.0021956839406691822,-0.10347259728704943,1600.0,0.41736492948257364,0.4992814845027169,0.22452810274997007,0.36398606925005156,0.9985629690054338
h2_0.10_budget_200_pop_1000_parents_20_gen_8_loss_strong,averaged_one_step_switching_5_draws,2,59002,8,1600,-0.13314627914244168,4.547556899596759,4.680703178739201,0.5850878973424002,0.6139417282449997,0.29254394867120004,27.37778734598457,0.4389481819225235,0.563701622739828,0.20645019448095164,0.6860720748424709,0.18714531972322557,0.9430240904123077,4.3584462375416846e-05,4.621776136849368e-05,-0.13142160394579686,1600.0,0.23243420532283685,0.3213118446680407,0.17799345357980956,0.6028194731689702,0.963935534004122
h2_0.10_budget_200_pop_1000_parents_20_gen_8_loss_strong,averaged_one_step_switching_5_draws,3,59003,8,1600,-0.13314627914244165,4.467174471297059,4.600320750439501,0.5750400938049376,0.5562976284802844,0.2875200469024688,27.176895767377285,0.3546969259218266,0.20808376670371817,0.15441539865132006,0.7048117522692409,0.1885661987184695,0.9430240904123077,0.0017318494178334275,0.001836484810346924,-0.12186357386622572,1600.0,0.2979832709825132,0.3899657129950356,0.2822225349597754,0.32690320805043027,0.3899657129950356
h2_0.10_budget_200_pop_1000_parents_20_gen_8_loss_strong,averaged_one_step_switching_5_draws,4,59004,8,1600,-0.13314627914244165,4.518437511449697,4.651583790592139,0.5814479738240174,0.48733307179904095,0.2907239869120087,26.321782339713536,0.36158133230758793,0.31503144412860906,0.19699914744185298,0.5746207932372174,0.10863651403701069,0.9430240904123077,0.00010304102894135787,0.00010926659243276216,-0.12510748422044618,1600.0,0.2650437274860451,0.34361491301388014,0.10956732691961577,0.3858099703395352,0.6872298260277603
h2_0.10_budget_200_pop_1000_parents_20_gen_8_loss_strong,averaged_one_step_switching_5_draws,5,59005,8,1600,-0.13314627914244168,3.1068234803592842,3.239969759501726,0.40499621993771584,0.5348134563512823,0.20249810996885784,20.84352443397131,0.33236327763134427,-0.05137887103796912,-0.05137887103796912,0.6673401152212126,0.23052620943363356,0.9430240904123077,7.896505557767887e-31,8.373598975944916e-31,-0.10432638167291561,1600.0,0.04596660999231972,0.12107020300754812,0.12469577796689185,0.19753680744705002,0.24214040601509623
h2_0.10_budget_200_pop_1000_parents_20_gen_8_loss_strong,averaged_one_step_switching_5_draws,6,59006,8,1600,-0.13314627914244168,6.295253616811198,6.42839989595364,0.803549986994205,0.44148421804277477,0.40177499349710255,32.724703351829646,0.3292756891676351,0.5522712352913375,0.14637039558930298,0.5522712352913375,0.12937883579743448,0.9430240904123077,0.009421088270080513,0.009990294379395375,-0.1343570730272028,1600.0,0.20367475434128815,0.28311213467774604,0.18486458680280263,0.3635989405298483,0.8493364040332381
h2_0.10_budget_200_pop_1000_parents_20_gen_8_loss_strong,averaged_one_step_switching_5_draws,7,59007,8,1600,-0.13314627914244165,4.631927479020316,4.765073758162758,0.5956342197703446,0.3865351298111125,0.29781710988517235,24.05927180176003,0.39382295642769205,0.3091873744063319,0.12945354369043885,0.7165764391703504,0.21944344881860145,0.9430240904123077,0.00747622694722425,0.00792792784748002,-0.10661794209496324,1600.0,0.23542655899655074,0.32436341299762717,0.006146933216595547,0.3561762363216385,1.2974536519905087
h2_0.10_budget_200_pop_1000_parents_20_gen_8_loss_strong,averaged_one_step_switching_5_draws,8,59008,8,1600,-0.13314627914244165,3.945138969723661,4.078285248866103,0.5097856561082629,0.5878829287278551,0.25489282805413144,25.108736967957142,0.2875118251803425,0.23803122155425377,0.02217180434032769,0.6266824875494976,0.21223999706482108,0.9430240904123077,0.016405403433744966,0.017396589971070853,-0.1116693449978515,1600.0,0.17399016379495152,0.2654646717943251,0.023123738857402765,0.18128516008260256,1.3273233589716256
h2_0.10_budget_200_pop_1000_parents_20_gen_8_loss_strong,averaged_one_step_switching_5_draws,9,59009,8,1600,-0.13314627914244165,3.807677241997247,3.9408235211396887,0.4926029401424611,0.5158312973164578,0.24630147007123054,23.906425167201043,0.2904842263905113,0.14001388301165837,-0.04470932187818726,0.6396836798786208,0.22884940004622545,0.9430240904123077,0.005990221236214245,0.0063521402020548685,-0.100314159159265,1600.0,0.21631700119469316,0.317581094201887,0.15725777503417487,0.33226984588076547,1.5879054710094351
h2_0.10_budget_200_pop_1000_parents_20_gen_8_loss_strong,averaged_one_step_switching_5_draws,10,59010,8,1600,-0.13314627914244165,3.470712456718112,3.6038587358605536,0.45048234198256915,0.26605510954713724,0.2252411709912846,18.42513889698689,0.26774833284415417,0.2832105536643425,0.1474019407453009,0.428084307259289,0.0858156081916659,0.9430240904123077,0.012577031283428481,0.013336914095089096,-0.09997190097238955,1600.0,0.21531235133685792,0.2954949366588456,0.21722587001575877,0.2616623056165656,1.7729696199530736
h2_0.10_budget_200_pop_1000_parents_20_gen_8_loss_strong,averaged_one_step_switching_5_draws,11,59011,8,1600,-0.13314627914244165,4.947274951475209,5.080421230617651,0.6350526538272063,0.45148860433506216,0.31752632691360316,27.826760939138534,0.3822096370487632,0.41040330618589593,0.15026402630352634,0.5847980904457711,0.1650230540449702,0.9430240904123077,0.00011851489107000811,0.00012567535895948448,-0.11619029436966205,1600.0,0.14397308925254038,0.2220752915018238,0.21305578251845014,0.28175378775936755,0.8883011660072953
h2_0.10_budget_200_pop_1000_parents_20_gen_8_loss_strong,averaged_one_step_switching_5_draws,12,59012,8,1600,-0.13314627914244165,2.8361216818151926,2.9692679609576342,0.37115849511970433,0.5371846757322379,0.18557924755985214,19.006530282267498,0.30229878308658537,0.08361436142549522,-0.018666420987125128,0.6877347985792738,0.22633875313507174,0.9430240904123077,0.0007838561933763778,0.000831215449685555,-0.11965368190712057,1600.0,0.24707398799364455,0.32613189025141764,0.18877037831295163,0.37260084100414387,1.3045275610056706
h2_0.10_budget_200_pop_1000_parents_20_gen_8_loss_strong,averaged_one_step_switching_5_draws,13,59013,8,1600,-0.13314627914244165,2.8187950590680657,2.9519413382105073,0.3689926672763134,0.5712837220412651,0.1844963336381567,19.273920030926465,0.2901017225146145,0.3849553478024714,0.07360805655553679,0.6598135381277913,0.20026692353481648,0.9430240904123077,0.0008324240199796822,0.0008827176616619951,-0.11854118984496118,1600.0,0.22555487167361812,0.30734836699654505,0.10601842176466492,0.3611508543225055,1.8440902019792702
h2_0.10_budget_200_pop_1000_parents_20_gen_8_loss_strong,averaged_one_step_switching_5_draws,14,59014,8,1600,-0.13314627914244165,4.137401756410981,4.270548035553422,0.5338185044441777,0.549229373899913,0.2669092522220889,25.042428212901104,0.36632218747701195,0.0,0.0,0.5612979803530865,0.17047606303276264,0.9430240904123077,0.0,0.0,-0.10881488286869624,1600.0,0.2191131149981326,0.300297402330519,0.2735552991757707,0.3498510320787651,0.900892206991557
h2_0.10_budget_200_pop_1000_parents_20_gen_8_loss_strong,averaged_one_step_switching_5_draws,15,59015,8,1600,-0.13314627914244165,5.85125677671849,5.984403055860931,0.7480503819826162,0.5186102768617664,0.3740251909913082,31.27640482796421,0.3792461680507433,-0.007364590675112536,-0.007364590675112536,0.5481458136708204,0.17468417384229945,0.9430240904123077,0.07589022527834424,0.08047538344981582,-0.11791385279806177,1600.0,0.23103842425189214,0.3172714337488287,0.2708679190174498,0.4357306150829273,1.2690857349953149
h2_0.10_budget_200_pop_1000_parents_20_gen_8_loss_strong,averaged_one_step_switching_5_draws,16,59016,8,1600,-0.13314627914244168,3.883875522175783,4.017021801318225,0.5021277251647781,0.3858431101874328,0.25106386258238905,19.19308776408389,0.40250788407864124,0.5209417040547597,0.16587318053458572,0.5825090110666606,0.12495496583090453,0.9430240904123077,0.02349794422808327,0.02491765000171897,-0.10898182207124603,1600.0,0.1979033188021276,0.28183701800298877,0.37827277656797803,0.4040653183917108,1.4091850900149439
h2_0.10_budget_200_pop_1000_parents_20_gen_8_loss_strong,averaged_one_step_switching_5_draws,17,59017,8,1600,-0.13314627914244165,4.637092159047349,4.77023843818979,0.5962798047737238,0.38857338709043066,0.2981399023868619,24.525565464821913,0.40499476377751986,0.2650555102928092,0.2650555102928092,0.525847091382111,0.08276333565736392,0.9430240904123077,0.002807637430908996,0.0029772701031226512,-0.11776758612790633,1600.0,0.24415659300090434,0.3312201446630449,0.2672438063882071,0.38936651974889996,1.9873208679782692
h2_0.10_budget_200_pop_1000_parents_20_gen_8_loss_strong,averaged_one_step_switching_5_draws,18,59018,8,1600,-0.13314627914244165,2.6628074853599726,2.795953764502414,0.3494942205628018,0.5659120391809065,0.17474711028140089,18.860822005789874,0.128141453449047,0.0,-0.179118231966747,0.510544747326605,0.2153592279202197,0.9430240904123077,0.0,0.0,-0.10003014992552615,1600.0,0.24440678348764777,0.331706380500691,0.18117561418608114,0.13268534240838167,0.663412761001382
h2_0.10_budget_200_pop_1000_parents_20_gen_8_loss_strong,averaged_one_step_switching_5_draws,19,59019,8,1600,-0.13314627914244165,4.690381462540242,4.823527741682684,0.6029409677103356,0.5219160930004225,0.3014704838551677,26.984777542661956,0.358508408278362,0.2325076689836897,0.18681421118592312,0.5337067017962146,0.1502707353188591,0.9430240904123077,0.010501319579329147,0.011135791424732082,-0.1012019758876311,1600.0,0.27125340000202414,0.3603060772511526,0.1198232902492577,0.2978635397871019,1.4412243090046104
h2_0.10_budget_200_pop_1000_parents_20_gen_8_loss_strong,averaged_one_step_switching_5_draws,20,59020,8,1600,-0.13314627914244165,4.223841320542393,4.356987599684834,0.5446234499606042,0.4835198391389015,0.27231172498030215,25.30705675376531,0.40452962214740235,0.5043493339119046,0.17527866334554512,0.6369378565622937,0.13902489603472437,0.9430240904123077,0.0041826411875091314,0.00443534924508705,-0.10945009439440112,1600.0,0.2444479655023315,0.3308277132528019,0.14235425955419304,0.40326412470313183,1.3233108530112077
h2_0.10_budget_200_pop_1000_parents_40_gen_8_loss_standard,averaged_one_step_switching_5_draws,1,60001,8,1600,-0.13314627914244165,4.1214449138591815,4.254591193001623,0.5318238991252029,0.4040518919330591,0.26591194956260145,23.199221911953444,0.3767554696329283,0.2728075419125902,0.11623109720475122,0.6109955931795041,0.14847816871061204,0.9430240904123077,0.025343866961237645,0.026875100242833492,-0.11606731833387979,1600.0,0.20267560900538228,0.2828471770044416,0.31860457469121145,0.4094342539309985,0.8485415310133249
h2_0.10_budget_200_pop_1000_parents_40_gen_8_loss_standard,averaged_one_step_switching_5_draws,2,60002,8,1600,-0.13314627914244168,4.29814320597149,4.431289485113932,0.5539111856392416,0.29799727169808493,0.27695559281962073,22.260472976188787,0.3503194136560197,0.40349494202037756,0.12580729970487584,0.5737136137683345,0.12992287993553325,0.9430240904123077,0.034548042151304505,0.036635376023320315,-0.12783217237732683,1600.0,0.28855522551748436,0.39036334700358566,0.03949266972956533,0.4592006134474931,0.7807266940071713
h2_0.10_budget_200_pop_1000_parents_40_gen_8_loss_standard,averaged_one_step_switching_5_draws,3,60003,8,1600,-0.13314627914244168,4.624150721729339,4.75729700087178,0.5946621251089724,0.3629307836813678,0.29733106255448627,23.43258621924464,0.36774672279897624,0.3442403973994839,0.2667059466125583,0.5072015394169871,0.08373603476277991,0.9430240904123077,0.10266960276082221,0.10887272531493139,-0.12394555902664373,1600.0,0.2768375720042968,0.3691580369777512,0.21128938824811275,0.4348043228291019,0.7383160739555024
h2_0.10_budget_200_pop_1000_parents_40_gen_8_loss_standard,averaged_one_step_switching_5_draws,4,60004,8,1600,-0.13314627914244168,3.9539267254792376,4.087073004621679,0.5108841255777099,0.45674136412115984,0.25544206278885495,23.34382207557962,0.4370308889023624,0.3321959227426029,0.30335325962613763,0.5912079059624321,0.10129967449567669,0.9430240904123077,0.002070856005678868,0.0021959735989071616,-0.10950761324027003,1600.0,0.15228151675546542,0.2330749335087603,0.20837401641177067,0.47883431331353093,0.9322997340350412
h2_0.10_budget_200_pop_1000_parents_40_gen_8_loss_standard,averaged_one_step_switching_5_draws,5,60005,8,1600,-0.13314627914244168,4.6186137102545874,4.751759989397029,0.5939699986746286,0.3408074139106768,0.2969849993373143,24.17427056464692,0.408257149713241,0.47214124241305727,0.31804582104727863,0.5830997998390501,0.08501082712678211,0.9430240904123077,0.03555916956451594,0.03770759403290409,-0.11624604615250486,1600.0,0.12133928050752729,0.20221028624655446,0.24909020592268982,0.38037957860552307,0.8088411449862178
h2_0.10_budget_200_pop_1000_parents_40_gen_8_loss_standard,averaged_one_step_switching_5_draws,6,60006,8,1600,-0.13314627914244165,4.865648037258463,4.998794316400905,0.624849289550113,0.38653208142560364,0.31242464477505655,25.74363021134942,0.33512250914041203,0.30537765781208676,0.18633657388117447,0.4334888264173362,0.0849424898428097,0.9430240904123077,0.06870332891007634,0.07285426704214731,-0.11050892095387255,1600.0,0.26977056299801916,0.35572972266042296,0.221778728506879,0.3594899637710514,1.0671891679812688
h2_0.10_budget_200_pop_1000_parents_40_gen_8_loss_standard,averaged_one_step_switching_5_draws,7,60007,8,1600,-0.13314627914244165,3.5474770113560514,3.680623290498493,0.4600779113123117,0.39348958878693685,0.2300389556561558,20.094208009182115,0.27756058876325806,0.07141863272232775,0.07141863272232775,0.40732483287130977,0.1103706635725803,0.9430240904123077,0.02282109113094046,0.024199902593116846,-0.12478472572401622,1600.0,0.27333771949633956,0.3563860149879474,0.1346119907589144,0.3075189077319985,0.7127720299758948
h2_0.10_budget_200_pop_1000_parents_40_gen_8_loss_standard,averaged_one_step_switching_5_draws,8,60008,8,1600,-0.13314627914244165,5.585628304101312,5.7187745832437535,0.7148468229054693,0.30912210946775204,0.3574234114527346,26.647413151061592,0.3888058894947254,0.5857748169002917,0.1112773453936495,0.5857748169002917,0.17507846957719397,0.9430240904123077,0.06757529373680526,0.07165807790473315,-0.1248126179983389,1600.0,0.20604012966699278,0.29209537734277546,0.1743459862961385,0.29459602101206656,0.8762861320283264
h2_0.10_budget_200_pop_1000_parents_40_gen_8_loss_standard,averaged_one_step_switching_5_draws,9,60009,8,1600,-0.13314627914244168,4.3373752801070005,4.470521559249442,0.5588151949061803,0.32348085487626577,0.27940759745309013,22.978723709046264,0.352813280224464,0.3459052208437131,0.20640287710781297,0.5462319657527279,0.11977340246488319,0.9430240904123077,0.015831606321767402,0.016788125014754955,-0.11581162328733385,1600.0,0.273375831003068,0.3631300152046606,0.21460022095218512,0.34479323561829156,1.815650076023303
h2_0.10_budget_200_pop_1000_parents_40_gen_8_loss_standard,averaged_one_step_switching_5_draws,10,60010,8,1600,-0.13314627914244165,4.709124262501873,4.842270541644314,0.6052838177055393,0.3012194937778353,0.30264190885276965,23.597874888881414,0.40621317934955986,0.5276978716301461,0.18119839544447888,0.5444200932083673,0.11852400235977473,0.9430240904123077,0.040523431815838944,0.04297178855539241,-0.11823207853467879,1600.0,0.2321024459961336,0.31809714667421457,0.22881422593135162,0.4686658118933343,0.9542914400226437
h2_0.10_budget_200_pop_1000_parents_40_gen_8_loss_standard,averaged_one_step_switching_5_draws,11,60011,8,1600,-0.13314627914244168,3.6539466833786647,3.7870929625211063,0.4733866203151383,0.3781812363561512,0.23669331015756914,20.15356350751287,0.3276761090515494,0.3006874908811655,0.03436437513476861,0.5024908366323076,0.15647596911780684,0.9430240904123077,0.02747684821989565,0.029136952596706473,-0.1002418409322396,1600.0,0.22184181624470511,0.3094482947635697,-0.04665524804088431,0.2260491467076618,1.2377931790542789
h2_0.10_budget_200_pop_1000_parents_40_gen_8_loss_standard,averaged_one_step_switching_5_draws,12,60012,8,1600,-0.13314627914244168,3.9103139675546834,4.0434602466971254,0.5054325308371406,0.23599171270726704,0.25271626541857034,19.603568968543545,0.35577935354898066,0.24704779840074748,0.19285976346874528,0.6339240828922209,0.16221576981377026,0.9430240904123077,0.0183087022498544,0.019414882860362023,-0.10583138118828725,1600.0,0.200423962509376,0.2861275144969113,0.2608741678225963,0.3873271409473012,1.1445100579876453
h2_0.10_budget_200_pop_1000_parents_40_gen_8_loss_standard,averaged_one_step_switching_5_draws,13,60013,8,1600,-0.13314627914244168,4.768381295138553,4.901527574280995,0.6126909467851245,0.16779200094040733,0.3063454733925622,22.25115700148176,0.3206635461419113,0.4008579477320409,0.10244336716315058,0.473887227567314,0.12372468852516057,0.9430240904123077,0.13679336254295138,0.14505818455087693,-0.09560012449232862,1600.0,0.23549860339262524,0.3177104128000792,0.18970085772853604,0.330144625757351,1.588552064000396
h2_0.10_budget_200_pop_1000_parents_40_gen_8_loss_standard,averaged_one_step_switching_5_draws,14,60014,8,1600,-0.13314627914244165,4.428425368255572,4.561571647398013,0.5701964559247518,0.4264986879676853,0.2850982279623758,24.926505803263996,0.38650935415416987,0.4197140706689778,0.11542707029575093,0.5864186859015893,0.15561369257235838,0.9430240904123077,0.05617452199678382,0.05956849095151246,-0.12487467460382931,1600.0,0.26808399699317914,0.3503688096534461,0.047530185413704545,0.3361816777503259,1.0511064289603382
h2_0.10_budget_200_pop_1000_parents_40_gen_8_loss_standard,averaged_one_step_switching_5_draws,15,60015,8,1600,-0.13314627914244168,4.641529546622283,4.774675825764724,0.5968344782205905,0.3137853196007052,0.2984172391102953,23.490432832832745,0.3764446272753722,0.4909489101046309,0.0779702610369265,0.4909489101046309,0.1416269404130015,0.9430240904123077,0.034932512793579965,0.03704307572705467,-0.12372412228687017,1600.0,0.16009259199927328,0.24456943424593192,0.1903630683834212,0.355244897556494,0.9782777369837277
h2_0.10_budget_200_pop_1000_parents_40_gen_8_loss_standard,averaged_one_step_switching_5_draws,16,60016,8,1600,-0.13314627914244168,4.004298341786278,4.1374446209287195,0.51718057761609,0.4048622771663216,0.25859028880804497,22.44944823992069,0.32633103267852165,0.43301635476582245,-0.08383405002289647,0.5585565065630299,0.1929654440422028,0.9430240904123077,0.0487797090941909,0.05172689604659358,-0.12089032309261509,1600.0,0.16555386551044649,0.2745474592447863,0.20252577559969032,0.3906357512379061,1.0981898369791452
h2_0.10_budget_200_pop_1000_parents_40_gen_8_loss_standard,averaged_one_step_switching_5_draws,17,60017,8,1600,-0.13314627914244168,4.930492783096081,5.063639062238523,0.6329548827798155,0.3201740398748352,0.3164774413899077,25.077227615798012,0.3429927317499031,0.24258321631777324,0.24258321631777324,0.43243590191112585,0.0753645920892043,0.9430240904123077,0.1615679560396533,0.17132961679591108,-0.09946905443165936,1600.0,0.2601511209795717,0.3551710000028834,0.2270204632069968,0.4086113544636232,0.3551710000028834
h2_0.10_budget_200_pop_1000_parents_40_gen_8_loss_standard,averaged_one_step_switching_5_draws,18,60018,8,1600,-0.13314627914244165,5.281860035045107,5.415006314187549,0.6768757892734435,0.49561488407755844,0.3384378946367218,29.052491238288557,0.39122897181652294,0.3021052113895857,0.18199626351103892,0.5753518645673998,0.1393152880684993,0.9430240904123077,0.017225875429041054,0.01826663348707198,-0.13107958708916592,1600.0,0.2640275788338234,0.37325193832900067,0.15760561308291135,0.37539578309586635,2.239511629974004
h2_0.10_budget_200_pop_1000_parents_40_gen_8_loss_standard,averaged_one_step_switching_5_draws,19,60019,8,1600,-0.13314627914244165,5.118776448516242,5.251922727658684,0.6564903409573355,0.33584917557425464,0.32824517047866775,25.887642846188008,0.37792382564489446,0.2516040147567111,0.20316975307822907,0.548688588339763,0.1243791320483956,0.9430240904123077,0.012526489857494785,0.013283319042271731,-0.12480341178404744,1600.0,0.19439490520162508,0.2859835072013084,0.27242888514417757,0.34788837203128214,1.429917536006542
h2_0.10_budget_200_pop_1000_parents_40_gen_8_loss_standard,averaged_one_step_switching_5_draws,20,60020,8,1600,-0.13314627914244165,2.932794584415518,3.0659408635579597,0.38324260794474496,0.41333264622718613,0.19162130397237248,18.453640918022487,0.37802232974743344,0.07527740587831368,0.07527740587831368,0.6075897140665845,0.21133007064189122,0.9430240904123077,0.0009683484689361352,0.0010268544343472236,-0.12833146748357463,1600.0,0.23211457479628733,0.31086125640431417,0.08007273456783491,0.501711882684669,1.554306282021571
h2_0.10_budget_200_pop_1000_parents_40_gen_8_loss_strong,averaged_one_step_switching_5_draws,1,61001,8,1600,-0.13314627914244165,4.109603052071424,4.242749331213866,0.5303436664017334,0.4242813907730258,0.2651718332008666,22.703066951978727,0.3357301877036348,0.2496019326668651,0.0980594452478383,0.511210213898239,0.13306571077860854,0.9430240904123077,0.06641733317575155,0.07043015533856897,-0.10481768848665353,1600.0,0.25794603900188423,0.33851549767132383,0.13919876153946895,0.2901840154317701,2.031092986027943
h2_0.10_budget_200_pop_1000_parents_40_gen_8_loss_strong,averaged_one_step_switching_5_draws,2,61002,8,1600,-0.13314627914244168,3.767921609788171,3.9010678889306125,0.48763348611632656,0.31695026572112056,0.24381674305816325,20.939913873854238,0.346487289726702,0.28678618634661096,0.21564466812453043,0.4496249263539115,0.08959178078167619,0.9430240904123077,0.00011997641607502985,0.0001272251868163558,-0.1204830470497493,1600.0,0.12831280420068653,0.20907440380542539,0.04139359485670865,0.3267457744440136,1.045372019027127
h2_0.10_budget_200_pop_1000_parents_40_gen_8_loss_strong,averaged_one_step_switching_5_draws,3,61003,8,1600,-0.13314627914244165,4.8955517251336325,5.028698004276074,0.6285872505345094,0.3258592674895029,0.31429362526725463,25.206336565819008,0.4200502927207383,0.5466434666927626,0.2478036072148055,0.5466434666927626,0.10170888545820085,0.9430240904123077,0.027226977147307537,0.028871984739439048,-0.11598812152015558,1600.0,0.2650328510062536,0.3566572580020875,0.1176636720731025,0.29237766189906855,0.713314516004175
h2_0.10_budget_200_pop_1000_parents_40_gen_8_loss_strong,averaged_one_step_switching_5_draws,4,61004,8,1600,-0.13314627914244165,4.9081688038593105,5.041315083001752,0.6301643853752189,0.404772026827596,0.3150821926876095,26.286750105120188,0.34548063897571535,0.23444621269155297,0.1547220478993457,0.5974878319748703,0.1588994522526694,0.9430240904123077,0.047538499228393295,0.050410694394465126,-0.12699700087252047,1600.0,0.2663016602047719,0.3489236670080572,0.22497348239817364,0.29947793348898244,1.7446183350402862
h2_0.10_budget_200_pop_1000_parents_40_gen_8_loss_strong,averaged_one_step_switching_5_draws,5,61005,8,1600,-0.13314627914244165,4.008273488536205,4.141419767678647,0.5176774709598309,0.42461588534604827,0.2588387354799154,23.579697920769032,0.3436922021074411,0.3012007120219884,0.26876035633724266,0.5242996819290879,0.08286892787896873,0.9430240904123077,0.011165638586591966,0.011840247455089022,-0.11612520118151981,1600.0,0.2733160519953041,0.372853020002367,0.17708535613608115,0.3647535834294397,1.118559060007101
h2_0.10_budget_200_pop_1000_parents_40_gen_8_loss_strong,averaged_one_step_switching_5_draws,6,61006,8,1600,-0.13314627914244165,4.731509411644747,4.864655690787188,0.6080819613483985,0.44814309984945766,0.30404098067419927,26.482859949156868,0.35166256414778574,0.21556984397655235,0.018573474904557817,0.5595706843636268,0.1799835737252208,0.9430240904123077,0.03306630917295935,0.035064119261791225,-0.13436486867069772,1600.0,0.199879011005396,0.27796217519789934,0.29380248346879645,0.4039173019875098,1.3898108759894967
h2_0.10_budget_200_pop_1000_parents_40_gen_8_loss_strong,averaged_one_step_switching_5_draws,7,61007,8,1600,-0.13314627914244168,3.970227550107952,4.103373829250394,0.5129217286562993,0.43850017636005195,0.25646086432814963,23.39737245645218,0.3456713709469542,0.015546510182412035,0.015546510182412035,0.491665688013665,0.14574587620113244,0.9430240904123077,0.011160147615396236,0.011834424728764682,-0.12935583610933243,1600.0,0.1713925464937347,0.2691163634954137,0.26672772731758043,0.2884319145320409,1.0764654539816547
h2_0.10_budget_200_pop_1000_parents_40_gen_8_loss_strong,averaged_one_step_switching_5_draws,8,61008,8,1600,-0.13314627914244165,3.3503754242290333,3.483521703371475,0.4354402129214343,0.547443359830543,0.21772010646071718,21.048491843012044,0.37558372558914405,0.7256558397316822,0.09097867583110668,0.7256558397316822,0.20543830831473778,0.9430240904123077,0.0003321760410686447,0.0003522455517795003,-0.11572782645455572,1600.0,0.20112647733670505,0.28778182333432295,0.31743497515676433,0.43812992825550756,1.7266909400059376
h2_0.10_budget_200_pop_1000_parents_40_gen_8_loss_strong,averaged_one_step_switching_5_draws,9,61009,8,1600,-0.13314627914244165,4.860754190203923,4.9939004693463644,0.6242375586682957,0.45972185240801544,0.3121187793341478,26.788406777166664,0.362255290482227,0.41973211268222244,0.04875304444644477,0.626496569258803,0.18474919942639204,0.9430240904123077,0.04527194558338555,0.0480071994381308,-0.11451966267117994,1600.0,0.20730817019939424,0.2978400617954321,0.13274424980472604,0.3426527890280947,1.4892003089771606
h2_0.10_budget_200_pop_1000_parents_40_gen_8_loss_strong,averaged_one_step_switching_5_draws,10,61010,8,1600,-0.13314627914244165,4.587433170800039,4.7205794499424805,0.5900724312428101,0.27797584729661895,0.29503621562140503,23.295962473773017,0.43686463622601407,0.23531752714169632,0.23531752714169632,0.5867157578408425,0.1375780077762326,0.9430240904123077,0.03668104049909327,0.03889724649882023,-0.10309233112670974,1600.0,0.25515645750419935,0.3399470410004142,0.22137605149921474,0.41183279408879986,1.3597881640016567
h2_0.10_budget_200_pop_1000_parents_40_gen_8_loss_strong,averaged_one_step_switching_5_draws,11,61011,8,1600,-0.13314627914244165,3.937403245667117,4.070549524809559,0.5088186906011949,0.4566891436453066,0.25440934530059744,21.476268273701102,0.35917438091787957,0.3500441295051041,0.24326824727716778,0.5269928839770346,0.09307521091382825,0.9430240904123077,0.07005480262959635,0.07428739450226249,-0.11568170459985593,1600.0,0.3003902262498741,0.3896132564987056,0.24987580889004177,0.36009789696493144,1.5584530259948224
h2_0.10_budget_200_pop_1000_parents_40_gen_8_loss_strong,averaged_one_step_switching_5_draws,12,61012,8,1600,-0.13314627914244168,5.7410953529809134,5.874241632123355,0.7342802040154192,0.4319779732779302,0.3671401020077097,29.87892436791337,0.4542018986834742,0.5095751985113527,0.16119539729630653,0.7200791293601808,0.1684070942188128,0.9430240904123077,0.03224635010850661,0.034194619667041494,-0.14536697846935157,1600.0,0.26834270774998004,0.3602394842528156,0.2162381214312494,0.4465993977817395,1.4409579370112624
h2_0.10_budget_200_pop_1000_parents_40_gen_8_loss_strong,averaged_one_step_switching_5_draws,13,61013,8,1600,-0.13314627914244165,4.476339833945732,4.609486113088174,0.5761857641360217,0.3258852844825059,0.28809288206801087,23.280175815095134,0.38213790201370035,0.13978528844179747,0.13978528844179747,0.6666393437718182,0.16533403735063534,0.9430240904123077,0.04330989532895041,0.04592660544866305,-0.12814523963825414,1600.0,0.18322536674531875,0.2636898192431545,0.11498930051640727,0.3028854084986619,1.054759276972618
h2_0.10_budget_200_pop_1000_parents_40_gen_8_loss_strong,averaged_one_step_switching_5_draws,14,61014,8,1600,-0.13314627914244165,4.773731906239151,4.906878185381593,0.6133597731726991,0.4758778373954299,0.30667988658634954,27.394298744859157,0.3653689568084101,0.2776488876107404,0.1328766526313984,0.5242734992065453,0.12759634607193593,0.9430240904123077,0.017833547926622884,0.01891102052210111,-0.12499539927834231,1600.0,0.25020061299437657,0.33722866683092434,0.1515911076004743,0.3655685242671383,2.023372000985546
h2_0.10_budget_200_pop_1000_parents_40_gen_8_loss_strong,averaged_one_step_switching_5_draws,15,61015,8,1600,-0.13314627914244165,4.203859109590092,4.337005388732534,0.5421256735915667,0.2841796980584937,0.27106283679578336,21.228118146965834,0.3655482286262176,0.30619920907165066,0.1744113159908478,0.5216383299128639,0.12258444103207589,0.9430240904123077,0.07038971595298939,0.07464254271830287,-0.10372971223242297,1600.0,0.1984462287509814,0.30085824949492235,0.19835883192889342,0.356204183952102,1.2034329979796894
h2_0.10_budget_200_pop_1000_parents_40_gen_8_loss_strong,averaged_one_step_switching_5_draws,16,61016,8,1600,-0.13314627914244168,4.613812018961696,4.746958298104137,0.5933697872630171,0.3868748059197212,0.2966848936315086,23.03268412194003,0.3604076605284487,0.1388423059273529,0.1388423059273529,0.5439458444264855,0.14979920298431848,0.9430240904123077,0.04715806826605975,0.050007278441255264,-0.13498754265118754,1600.0,0.24997906350472476,0.35612517300614854,0.11760477035772456,0.2860323538193989,1.4245006920245942
h2_0.10_budget_200_pop_1000_parents_40_gen_8_loss_strong,averaged_one_step_switching_5_draws,17,61017,8,1600,-0.13314627914244165,2.6817971351695133,2.814943414311955,0.3518679267889945,0.488217356000291,0.17593396339449718,18.12585512747875,0.24087529990430157,0.08193111453173899,-0.01771902864253437,0.6048320421157787,0.20056931675966116,0.9430240904123077,0.001682869044741386,0.0017845451265254572,-0.10421885088014742,1600.0,0.1058388920064317,0.18683173924364382,0.02562156576363782,0.1699978485051648,0.7473269569745753
h2_0.10_budget_200_pop_1000_parents_40_gen_8_loss_strong,averaged_one_step_switching_5_draws,18,61018,8,1600,-0.13314627914244165,4.565391542888841,4.698537822031283,0.5873172277539105,0.5533148995067715,0.2936586138769552,26.142416309093978,0.28435856037853946,0.3155248079033107,0.07728956223550502,0.572759916112712,0.18243235378525352,0.9430240904123077,0.039016542465295026,0.041373855516497214,-0.129135112690324,1600.0,0.1898120661644498,0.26883033499567927,-0.00048709057553743274,0.20087008911696547,1.6129820099740755
h2_0.10_budget_200_pop_1000_parents_40_gen_8_loss_strong,averaged_one_step_switching_5_draws,19,61019,8,1600,-0.13314627914244165,4.479430501408075,4.6125767805505165,0.5765720975688147,0.41560594271967827,0.2882860487844073,23.924444090320954,0.3689560575875373,0.24332974405044827,0.21266000178109581,0.6901694602910935,0.18144946297839193,0.9430240904123077,0.07347696092159475,0.07791631377038231,-0.14269837804310484,1600.0,0.24736912159714847,0.3458841889980249,0.14633600046906609,0.313445578275886,1.7294209449901246
h2_0.10_budget_200_pop_1000_parents_40_gen_8_loss_strong,averaged_one_step_switching_5_draws,20,61020,8,1600,-0.13314627914244168,4.82339478321492,4.956541062357362,0.6195676327946702,0.3546545685152305,0.3097838163973351,25.457819189398627,0.31200987931225527,0.16645579587472953,0.16645579587472953,0.4269981062963701,0.09747440784023216,0.9430240904123077,0.03995479226980519,0.04236879277637139,-0.12735088021022004,1600.0,0.1639839477429632,0.24123320274520665,0.20712238996774449,0.3536622303675656,0.9649328109808266
h2_0.10_budget_200_pop_500_parents_20_gen_8_loss_standard,averaged_one_step_switching_5_draws,1,54001,8,1600,-0.16294507549786352,4.302293005469372,4.465238080967236,0.5581547601209045,0.48605598200828953,0.27907738006045224,25.21352497359925,0.37732505273805383,0.325154064181116,0.10580091689735976,0.6081064884239288,0.16236783417060918,0.9768196361441276,0.04106176179663763,0.04203617564315534,-0.11541031247576873,1600.0,0.18559533199004363,0.2596311244997196,0.21951394075439817,0.49570906381846147,0.5192622489994392
h2_0.10_budget_200_pop_500_parents_20_gen_8_loss_standard,averaged_one_step_switching_5_draws,2,54002,8,1600,-0.12586028579590883,3.2683236881083078,3.3941839739042168,0.42427299673802693,0.32689189404431107,0.21213649836901355,18.53841022240102,0.34123704815292816,0.14647638788328038,0.09061854879394803,0.7200696231142695,0.20958525760455937,0.9262922131354053,0.0003442695938197261,0.00037166413464106366,-0.11679093741538601,1600.0,0.1072486215052777,0.17929056449065683,0.20813086617965795,0.4487883640858075,0.7171622579626273
h2_0.10_budget_200_pop_500_parents_20_gen_8_loss_standard,averaged_one_step_switching_5_draws,3,54003,8,1600,-0.1287448369177316,3.249624340061695,3.378369176979427,0.4222961471224283,0.3134639862142686,0.21114807356121418,17.65800803805058,0.36241807673215765,0.3594357640883735,0.17406710802976386,0.6130982184001779,0.1305220118755717,0.9844479976657464,0.0012073562545917224,0.0012264296920248914,-0.10767326423510401,1600.0,0.13273944100365043,0.20372440500068478,0.25871023150601535,0.35288633608425823,0.40744881000136957
h2_0.10_budget_200_pop_500_parents_20_gen_8_loss_standard,averaged_one_step_switching_5_draws,4,54004,8,1600,-0.13776224896675734,3.9754102312385284,4.113172480205286,0.5141465600256607,0.41962565707744903,0.25707328001283036,22.89423428480115,0.3686291194770738,0.2747536322901864,0.2521926002473132,0.5581964498837737,0.11745288164297929,0.9566737586865268,0.0069432464650755876,0.007257695115008041,-0.12803998995815044,1600.0,0.1091064447464305,0.17735704749793513,0.1243573896322199,0.3416654470564373,0.7094281899917405
h2_0.10_budget_200_pop_500_parents_20_gen_8_loss_standard,averaged_one_step_switching_5_draws,5,54005,8,1600,-0.17614209464667135,5.225982209526519,5.40212430417319,0.6752655380216489,0.3339939502225948,0.3376327690108244,26.357030734931374,0.40024453108841906,0.3811244682863127,0.3243839894285847,0.5088091086784098,0.06931571162167272,0.9585411889859426,0.011112405910277222,0.011593039545888716,-0.10890530313530095,1600.0,0.1685645179997664,0.24317390900687313,0.23183055229980684,0.38561448021060524,1.2158695450343657
h2_0.10_budget_200_pop_500_parents_20_gen_8_loss_standard,averaged_one_step_switching_5_draws,6,54006,8,1600,-0.10394436947929257,3.683585566565397,3.78752993604469,0.47344124200558624,0.4469855605681873,0.2367206210027931,21.30529771147812,0.4203404510091313,0.611490888143183,0.17296254511304612,0.611490888143183,0.13088929260370302,0.8859424403833553,0.001340607623369963,0.001513199461118343,-0.11978368839986285,1600.0,0.09317974949954078,0.16693212748941733,0.26436604410575626,0.4206465052047057,0.6677285099576693
h2_0.10_budget_200_pop_500_parents_20_gen_8_loss_standard,averaged_one_step_switching_5_draws,7,54007,8,1600,-0.12436946143662296,3.9109912793094295,4.035360740746053,0.5044200925932566,0.46780093517550536,0.2522100462966283,21.538305243727482,0.38457241229157824,0.38026598415811724,0.16500509792774762,0.657276002517895,0.16922966991266455,0.881297392122516,0.018320477541316223,0.020788076425817165,-0.12254693055903218,1600.0,0.15759975067339838,0.23201562450170363,0.24056389246218632,0.38837894506069165,1.3920937470102217
h2_0.10_budget_200_pop_500_parents_20_gen_8_loss_standard,averaged_one_step_switching_5_draws,8,54008,8,1600,-0.12309490769517635,4.024578908578507,4.147673816273683,0.5184592270342103,0.4587299865118362,0.25922961351710516,23.091583542421183,0.28769833505885667,-0.10676613466048944,-0.10676613466048944,0.4873060053546152,0.19086190718035262,0.9012289064067786,0.052231757618853,0.05795614992766075,-0.10529410088215514,1600.0,0.11001926432557714,0.1823383050020008,0.26481955434424137,0.35606271131270856,0.5470149150060024
h2_0.10_budget_200_pop_500_parents_20_gen_8_loss_standard,averaged_one_step_switching_5_draws,9,54009,8,1600,-0.15739263804429587,5.747366367140159,5.904759005184455,0.7380948756480568,0.40946872065649564,0.36904743782402843,28.154914907965097,0.3911926538461605,0.06646919186412005,0.06646919186412005,0.6554906974510107,0.18410922727896714,0.8768967266153174,0.058870249798614334,0.0671347583036878,-0.11681167361905925,1600.0,0.10617828220129014,0.18668467799434438,0.28487852397482255,0.49626274879646265,0.9334233899717219
h2_0.10_budget_200_pop_500_parents_20_gen_8_loss_standard,averaged_one_step_switching_5_draws,10,54010,8,1600,-0.17288679515472016,4.353998654553252,4.526885449707972,0.5658606812134965,0.41317775889283254,0.28293034060674827,24.638057089144507,0.36079159170230324,0.027773531441682466,0.027773531441682466,0.6529233028011378,0.19623959191738735,0.983653346352818,0.11244723908287835,0.11431592186394661,-0.10465623578815506,1600.0,0.14951016000122763,0.2162348317579017,0.02902652575254172,0.38707253854950363,0.8649393270316068
h2_0.10_budget_200_pop_500_parents_20_gen_8_loss_standard,averaged_one_step_switching_5_draws,11,54011,8,1600,-0.09758725756021684,5.222166878002394,5.319754135562611,0.6649692669453264,0.46575480131555225,0.33248463347266316,28.930880683227286,0.4359613176052565,0.31659488871118247,0.2639117606782986,0.543160692089275,0.10862729150307948,0.9564052329778782,0.04251549918553777,0.0444534363882147,-0.11609631040920665,1600.0,0.07777330275712302,0.14683385825628648,0.24861675984898657,0.4421511854566072,0.5873354330251459
h2_0.10_budget_200_pop_500_parents_20_gen_8_loss_standard,averaged_one_step_switching_5_draws,12,54012,8,1600,-0.147606338848604,3.0839181291077806,3.2315244679563846,0.40394055849454796,0.44830478254159045,0.201970279247274,19.540659024802366,0.323333318150403,-0.26845709043256316,-0.26845709043256316,0.6224553553970164,0.2659316606859596,0.9825454845273582,0.009843807575854261,0.010018678759273427,-0.11320487749861194,1600.0,0.12785305950092152,0.19482094098930247,0.13660481669015012,0.17638730415499096,0.7792837639572099
h2_0.10_budget_200_pop_500_parents_20_gen_8_loss_standard,averaged_one_step_switching_5_draws,13,54013,8,1600,-0.1492428749614595,4.649926574101995,4.799169449063455,0.599896181132932,0.4086127478129043,0.29994809056646593,25.361809983921123,0.3835743110114317,0.30801342676386795,0.2259684170080012,0.5806198395154708,0.1494274813872441,0.8986882660224327,0.058078998892213796,0.06462641283753454,-0.12086907306830454,1600.0,0.07968657366776218,0.1447423836798407,0.14251136454824073,0.3776874312730658,0.43422715103952214
h2_0.10_budget_200_pop_500_parents_20_gen_8_loss_standard,averaged_one_step_switching_5_draws,14,54014,8,1600,-0.09298864303792818,3.599799512278322,3.6927881553162503,0.46159851941453145,0.37663039436659657,0.23079925970726564,21.035994791060865,0.36822427153278875,0.29960314767777685,0.12528524948309977,0.6047951748653311,0.16607428784699976,0.9213435819515164,0.00345954889371504,0.0037548955259310538,-0.12314943494556191,1600.0,0.14213105620001443,0.22489035300095567,0.1479646554104465,0.4007597337387634,1.1244517650047783
h2_0.10_budget_200_pop_500_parents_20_gen_8_loss_standard,averaged_one_step_switching_5_draws,15,54015,8,1600,-0.12521154146848343,4.465811230594556,4.59102277206304,0.5738778465078798,0.397878611322852,0.28693892325394,24.21395939765506,0.3108396530699016,0.1374243636142033,0.04148875050416154,0.6036657334648023,0.18821225566013203,0.9849834309353229,0.04539640523535829,0.04608849632348705,-0.12759249977082032,1600.0,0.15666161819826813,0.23725434540538118,0.14730427092370385,0.2359775180831126,1.1862717270269059
h2_0.10_budget_200_pop_500_parents_20_gen_8_loss_standard,averaged_one_step_switching_5_draws,16,54016,8,1600,-0.09491313562024638,4.02832198287352,4.123235118493767,0.5154043898117209,0.4570282874650795,0.25770219490586044,23.334439043082337,0.3419787468703393,0.21281399292167189,0.1985026916239249,0.6831020036709131,0.15890035602101368,0.9778740257650275,0.0591224871710784,0.06046022863203127,-0.11942568561967824,1600.0,0.15156835734766597,0.2242271559953224,0.07781704503456897,0.2733418746602719,0.6726814679859672
h2_0.10_budget_200_pop_500_parents_20_gen_8_loss_standard,averaged_one_step_switching_5_draws,17,54017,8,1600,-0.0833481469245901,5.49907543859871,5.5824235855232995,0.6978029481904124,0.5279063802861904,0.3489014740952062,29.446443006680905,0.41346757944468365,0.27124853550069794,0.15384046584314184,0.600605105851739,0.14796000076959356,0.9355056254595493,0.015873943171136152,0.016968303278067816,-0.12501254627357242,1600.0,0.11324948800029233,0.1821992216767588,0.29441501376133083,0.47754215274162926,0.5465976650302764
h2_0.10_budget_200_pop_500_parents_20_gen_8_loss_standard,averaged_one_step_switching_5_draws,18,54018,8,1600,-0.19100471735226238,3.3944712991495853,3.5854760165018478,0.448184502062731,0.5031641163316662,0.22409225103136549,21.410451007860967,0.37715647575873407,0.0,0.0,0.6379668610603181,0.1939171559501462,0.8977137028210421,0.0,0.0,-0.11488126633630275,1600.0,0.07160332099495766,0.14022461665445007,0.1761620877107967,0.5124827964119261,0.4206738499633502
h2_0.10_budget_200_pop_500_parents_20_gen_8_loss_standard,averaged_one_step_switching_5_draws,19,54019,8,1600,-0.11784435472399755,4.828928084290104,4.946772439014102,0.6183465548767625,0.45006458698425894,0.30917327743838136,27.319072014021998,0.3568947114000304,0.0515516269887101,0.0515516269887101,0.6238636709099387,0.16636360079501425,0.9142386797602785,0.010198483697507088,0.011155165410613803,-0.13437796694795712,1600.0,0.12191048432335568,0.20734714099671692,0.08764908621850598,0.26966752378391956,0.6220414229901507
h2_0.10_budget_200_pop_500_parents_20_gen_8_loss_standard,averaged_one_step_switching_5_draws,20,54020,8,1600,-0.13077901756969532,3.856707724235998,3.9874867418056934,0.4984358427257117,0.2826707968934433,0.2492179213628558,19.66479388187324,0.33500454333606505,0.3291108101471818,0.13739637851164666,0.49579107476903733,0.13303812324078013,0.9447919829036441,0.03798644421780713,0.040206145802658896,-0.11833359549544442,1600.0,0.18378433500765823,0.2594318430055864,0.06394701679882876,0.251221093152002,0.2594318430055864
h2_0.10_budget_200_pop_500_parents_20_gen_8_loss_strong,averaged_one_step_switching_5_draws,1,55001,8,1600,-0.15658094067600492,3.325485781925086,3.482066722601091,0.43525834032513644,0.3446142788162573,0.2176291701625682,18.395728373754565,0.4231169043816383,0.1371067600249603,0.1371067600249603,0.7424811677973517,0.18903756454823134,0.8902718962232954,0.005099273225700278,0.005727770636512706,-0.1322192050496497,1600.0,0.10841432817687746,0.17565512599927993,0.37140717340122564,0.46209099957196287,1.0539307559956796
h2_0.10_budget_200_pop_500_parents_20_gen_8_loss_strong,averaged_one_step_switching_5_draws,2,55002,8,1600,-0.15594743678892564,2.5702189279160343,2.72616636470496,0.34077079558811996,0.44010613521769143,0.17038539779406,17.58479314697862,0.3444108737493746,0.15216553799116983,0.06817407815056735,0.5733784249313465,0.18084967117265013,0.9043340299151288,0.0008678477709028554,0.0009596540019447265,-0.10595991805528043,1600.0,0.11771910017220459,0.18534336468049636,0.17141528231253242,0.34991151462814685,1.1120601880829781
h2_0.10_budget_200_pop_500_parents_20_gen_8_loss_strong,averaged_one_step_switching_5_draws,3,55003,8,1600,-0.11264982986980696,5.371177796887861,5.483827626757668,0.6854784533447085,0.5563566059176784,0.34273922667235424,29.685096159587577,0.5206977024071293,0.6354873145462553,0.3066745070152807,0.6872620195129889,0.11716681862441225,0.9262914632601857,0.010660395043236503,0.011508683245029655,-0.14290947949857594,1600.0,0.09130463280016557,0.17805960459518247,0.250386684978663,0.46173533252354193,0.8902980229759123
h2_0.10_budget_200_pop_500_parents_20_gen_8_loss_strong,averaged_one_step_switching_5_draws,4,55004,8,1600,-0.12634622299657347,4.574941830574351,4.7012880535709245,0.5876610066963657,0.48891995344093075,0.2938305033481828,25.442660239606443,0.3546457738489625,0.5827541464302772,-0.13768899655213176,0.5827541464302772,0.22906092659676103,0.9079012872747388,0.027362698958387336,0.03013840749198888,-0.1139690001794987,1600.0,0.0868350493304509,0.15155783266527578,0.1685325732087081,0.3194102060757199,0.9093469959916547
h2_0.10_budget_200_pop_500_parents_20_gen_8_loss_strong,averaged_one_step_switching_5_draws,5,55005,8,1600,-0.17498762252773664,4.651909329109483,4.826896951637219,0.6033621189546524,0.3032275850466283,0.3016810594773262,23.359498750701412,0.450220364422102,0.7154207140706974,0.29311418957255314,0.7154207140706974,0.14358601313399025,0.9422313648170394,0.000990553907223627,0.0010512852195447462,-0.11227328679032217,1600.0,0.12441882874554722,0.19357459075399674,0.16120151740849564,0.45103005591558276,0.774298363015987
h2_0.10_budget_200_pop_500_parents_20_gen_8_loss_strong,averaged_one_step_switching_5_draws,6,55006,8,1600,-0.12575699455727377,3.3306625562544907,3.4564195508117646,0.4320524438514706,0.3706090214995155,0.21602622192573528,20.063249566689805,0.3951417799606032,0.18594407156280007,0.17000613755724492,0.6868002118323194,0.19500110525805903,0.9743312019295363,0.0,0.0,-0.1197784384588529,1600.0,0.0893534081648492,0.15825161433895119,0.28546625530538766,0.31480282030213863,0.9495096860337071
h2_0.10_budget_200_pop_500_parents_20_gen_8_loss_strong,averaged_one_step_switching_5_draws,7,55007,8,1600,-0.11317156962101399,4.541566207151663,4.654737776772677,0.5818422220965846,0.380898013888892,0.2909211110482923,24.5988392011686,0.3085994625566604,0.18758646736333623,-0.05099709839818062,0.5134233856075593,0.1869777546576472,0.9519954512064437,0.017656633043204084,0.018546972068856218,-0.11893438877035906,1600.0,0.11083174499799497,0.18771652614564768,0.20319421898271764,0.28810543806512634,1.3140156830195338
h2_0.10_budget_200_pop_500_parents_20_gen_8_loss_strong,averaged_one_step_switching_5_draws,8,55008,8,1600,-0.11734317759027157,5.115379679454487,5.232722857044759,0.6540903571305948,0.5535564271331641,0.3270451785652974,28.62001551856682,0.4133328088740512,0.0903617251543564,0.0903617251543564,0.6053330832603443,0.16198414006884168,0.9606488634738392,0.01300500550117805,0.013537730585710736,-0.13521895049940225,1600.0,0.0357561496590885,0.10212557134218514,-0.04134976205637869,0.3677775574220154,0.3063767140265554
h2_0.10_budget_200_pop_500_parents_20_gen_8_loss_strong,averaged_one_step_switching_5_draws,9,55009,8,1600,-0.1777983926315681,2.637138009608302,2.81493640223987,0.35186705027998366,0.5321843931072746,0.1759335251399919,18.844967790451395,0.34958213677505423,0.0,0.0,0.6074234482036832,0.18090576864804692,0.9254618441002603,0.0,0.0,-0.11250194042370998,1600.0,0.060767121671233326,0.12962654933411008,0.11594445229991394,0.3307306312791156,0.3888796480023302
h2_0.10_budget_200_pop_500_parents_20_gen_8_loss_strong,averaged_one_step_switching_5_draws,10,55010,8,1600,-0.13367271455557617,4.368820766461955,4.502493481017531,0.5628116851271916,0.7165861400303374,0.2814058425635957,23.58025947401473,0.4578460453557452,0.6618299883406603,0.2244803283227306,0.6618299883406603,0.17496118401012387,1.0149371157384615,0.006190776670524589,0.006099665264502837,-0.15702604842392998,1600.0,0.07686386426212266,0.14370967500872212,0.2885858295497178,0.5648266077037549,0.5748387000348885
h2_0.10_budget_200_pop_500_parents_20_gen_8_loss_strong,averaged_one_step_switching_5_draws,11,55011,8,1600,-0.11122254116333374,3.4591900316889,3.570412572852234,0.44630157160652917,0.3146503333057025,0.2231507858032646,18.79463326330586,0.28736364855682284,0.231336881917703,0.16960473903733625,0.4708099204683187,0.11284599688951605,0.9215030654846269,0.0012689436726008492,0.001377036843532908,-0.09743715758895907,1600.0,0.15929945048992522,0.23352542851353064,-0.042677210664730514,0.20288295145564703,0.4670508570270613
h2_0.10_budget_200_pop_500_parents_20_gen_8_loss_strong,averaged_one_step_switching_5_draws,12,55012,8,1600,-0.15014172521904726,4.262415993882791,4.412557719101838,0.5515697148877299,0.47903822327731316,0.2757848574438649,25.361114929389572,0.276697933986133,-0.10433641928261614,-0.10433641928261614,0.6286133762621067,0.23139744006184274,0.9510419147380555,0.007937129699430683,0.008345720179553599,-0.11370305262919145,1600.0,0.12170712498482317,0.2098568169749342,0.3934403815390405,0.4623926466059642,0.2098568169749342
h2_0.10_budget_200_pop_500_parents_20_gen_8_loss_strong,averaged_one_step_switching_5_draws,13,55013,8,1600,-0.12591234652319638,4.579947782022529,4.7058601285457256,0.5882325160682157,0.4117390457207739,0.29411625803410785,25.57564856224069,0.518540405823112,0.08511522501124666,0.08511522501124666,0.7763482551927131,0.21054164191908112,0.9357026995998364,0.005809846638482375,0.006209073288948531,-0.13952083295778253,1600.0,0.10981403099867748,0.17613254899333697,0.1795186549989395,0.5292067708471568,0.7045301959733479
h2_0.10_budget_200_pop_500_parents_20_gen_8_loss_strong,averaged_one_step_switching_5_draws,14,55014,8,1600,-0.07635550532364274,3.7332491601216886,3.8096046654453315,0.47620058318066644,0.4504940136965811,0.2381002915903332,22.181457530098893,0.33739384992995136,0.29765811772388695,0.13502187439312813,0.5823785734941817,0.171927628745185,0.884977514140124,0.008921853663848879,0.01008144672751112,-0.10748217123798251,1600.0,0.10441229333324979,0.17522606666898355,0.1592585564792216,0.29702570815240414,0.5256782000069506
h2_0.10_budget_200_pop_500_parents_20_gen_8_loss_strong,averaged_one_step_switching_5_draws,15,55015,8,1600,-0.15886357155277478,5.125858905482607,5.284722477035382,0.6605903096294228,0.2564776926100311,0.3302951548147114,22.86636666928358,0.38780959720944763,0.4401083483581861,0.23437152376044326,0.6001375909225728,0.11174482153168946,0.9243216947308834,0.03345261392658395,0.03619152738411456,-0.09667279201590785,1600.0,0.1278996536275372,0.19680086362495786,0.14807133980691506,0.38780959720944763,1.5744069089996628
h2_0.10_budget_200_pop_500_parents_20_gen_8_loss_strong,averaged_one_step_switching_5_draws,16,55016,8,1600,-0.14335637461728146,4.37009456182495,4.513450936442231,0.5641813670552789,0.42322994095804106,0.28209068352763944,23.654109678272206,0.3636141890715445,0.4112563213254768,0.2473124218356664,0.5341911855939477,0.10133624541884584,0.9100672176611202,0.0359144566750338,0.039463520911492925,-0.1058077551053911,1600.0,0.15874311851803213,0.23107300349511206,0.13789281350503743,0.2534010998818629,0.4621460069902241
h2_0.10_budget_200_pop_500_parents_20_gen_8_loss_strong,averaged_one_step_switching_5_draws,17,55017,8,1600,-0.10625524186738133,3.7847698353278587,3.89102507719524,0.486378134649405,0.5284719109200677,0.2431890673247025,22.881577453936078,0.335613816512628,0.030277086565787367,0.030277086565787367,0.6745032150493909,0.22298599597589835,0.9281862184380893,0.0026136968023655256,0.002815918562940677,-0.11721389665958527,1600.0,0.1995800180011429,0.27097644225432305,0.1981748643278929,0.3386615279591422,1.0839057690172922
h2_0.10_budget_200_pop_500_parents_20_gen_8_loss_strong,averaged_one_step_switching_5_draws,18,55018,8,1600,-0.10151448325446548,3.1241345038145747,3.2256489870690404,0.40320612338363,0.4444156789289145,0.201603061691815,19.852687607665498,0.3095961547879938,0.35801632107202064,0.027755082718827085,0.5975325905222799,0.2069877496934548,0.9256471816024537,0.0,0.0,-0.10962600486847825,1600.0,0.07974950118805282,0.15145142240216955,-0.05957201604079857,0.27503580402462535,0.7572571120108478
h2_0.10_budget_200_pop_500_parents_20_gen_8_loss_strong,averaged_one_step_switching_5_draws,19,55019,8,1600,-0.0926678093110928,5.041629974649966,5.134297783961059,0.6417872229951322,0.3712230833171941,0.3208936114975662,26.06030970323622,0.4183034991249561,0.30332216202983797,0.2334820896971907,0.6603490208866809,0.16882951456837145,0.9243858866625387,0.04518204611239869,0.04887790560663665,-0.12000911091170118,1600.0,0.1357255930051906,0.20068643025297206,0.3332393898308371,0.48631828640698865,0.8027457210118882
h2_0.10_budget_200_pop_500_parents_20_gen_8_loss_strong,averaged_one_step_switching_5_draws,20,55020,8,1600,-0.14010166447682582,4.064727237864286,4.204828902341112,0.5256036127926391,0.4030954480707489,0.2628018063963195,23.106340406241586,0.3965370280337198,0.13546470053348386,0.13546470053348386,0.6523848103220047,0.15914987152444954,0.9020453447850476,0.017095274786372346,0.018951680073739593,-0.10700633160795947,1600.0,0.12058832800331791,0.19502864171850628,0.25492476971692013,0.43383307481946787,1.365200492029544
h2_0.10_budget_200_pop_500_parents_40_gen_8_loss_standard,averaged_one_step_switching_5_draws,1,56001,8,1600,-0.16150503259696142,3.3564402010964085,3.51794523369337,0.43974315421167126,0.3911227709276514,0.21987157710583566,17.926979531834327,0.34103456088685896,0.472814573794165,0.06692139527862995,0.5325072725502208,0.1445690181056966,0.9960814206708968,0.05150698292990262,0.0517096111432445,-0.10646811826911341,1600.0,0.11620955899707042,0.17933985700559182,0.15949054764228565,0.3492274718647556,0.5380195710167754
h2_0.10_budget_200_pop_500_parents_40_gen_8_loss_standard,averaged_one_step_switching_5_draws,2,56002,8,1600,-0.1774142511642617,5.3844357331832455,5.561849984347507,0.6952312480434383,0.2815644296662263,0.3476156240217192,26.46128481576448,0.4131142672373442,0.3261262830540214,0.2359826338691689,0.6585553963524763,0.14123872995262624,0.9862852263654697,0.18314995267554307,0.1856967414491886,-0.10661548238066092,1600.0,0.06830833650747081,0.14941296699544182,0.216507689559886,0.3914006641750204,0.5976518679817673
h2_0.10_budget_200_pop_500_parents_40_gen_8_loss_standard,averaged_one_step_switching_5_draws,3,56003,8,1600,-0.14130157732535575,4.7618429161777485,4.903144493503104,0.6128930616878878,0.39049390806353124,0.306446530843944,24.13205027516943,0.43453676479464043,0.32134392669457823,0.2729864095448306,0.5750628270983132,0.1043069401393118,0.9264725246542628,0.062046472559651,0.0669706558031014,-0.12519895093367178,1600.0,0.1189891722460743,0.18963838525814936,0.32701250103356583,0.41187079201418864,0.7585535410325974
h2_0.10_budget_200_pop_500_parents_40_gen_8_loss_standard,averaged_one_step_switching_5_draws,4,56004,8,1600,-0.11070646120443431,5.77503415870378,5.885740619908214,0.7357175774885267,0.23979088843315174,0.36785878874426337,26.731806681330777,0.47043058159550755,0.57227126826608,0.298614706358794,0.5821882570092846,0.1054128279515787,0.9323673917215629,0.09970661559823658,0.10693919208621619,-0.1029351243164437,1600.0,0.14227658102754503,0.22274109200225212,0.27843656463694344,0.41010208766420847,0.22274109200225212
h2_0.10_budget_200_pop_500_parents_40_gen_8_loss_standard,averaged_one_step_switching_5_draws,5,56005,8,1600,-0.12218245442894217,4.545418169216403,4.667600623645345,0.5834500779556682,0.35421804356335107,0.2917250389778341,24.096790153667083,0.4354059213159812,0.2604399254853424,0.2604399254853424,0.548157075062274,0.11782738948461109,0.8857481728084831,0.03872099409153643,0.04371557885212675,-0.12728418921655044,1600.0,0.1272479615989141,0.20372963520349002,0.2513481061696406,0.3979585287882412,1.0186481760174502
h2_0.10_budget_200_pop_500_parents_40_gen_8_loss_standard,averaged_one_step_switching_5_draws,6,56006,8,1600,-0.1306951490692608,4.560181695799966,4.690876844869227,0.5863596056086533,0.45220396946448904,0.2931798028043267,25.511307869450157,0.39467763506352216,0.13185774225419988,0.13185774225419988,0.5883034882972455,0.1438536193214204,0.931762364396488,0.04630817848446766,0.04969955887246202,-0.12264327195353932,1600.0,0.11680955074552912,0.18334556099580368,0.15269842679672155,0.4448364050068013,0.7333822439832147
h2_0.10_budget_200_pop_500_parents_40_gen_8_loss_standard,averaged_one_step_switching_5_draws,7,56007,8,1600,-0.17244669667453988,6.433281577091101,6.605728273765641,0.8257160342207052,0.45127199142818925,0.4128580171103526,33.12264629566058,0.4687709550640751,0.4669164161401699,0.2625687461003198,0.6256895302028334,0.11410718459127031,0.9104737134304925,0.059496808350821814,0.06534709072121271,-0.1455254297072698,1600.0,0.10363936966556746,0.17444295833896226,0.3114681139477297,0.49401250284245,0.5233288750168867
h2_0.10_budget_200_pop_500_parents_40_gen_8_loss_standard,averaged_one_step_switching_5_draws,8,56008,8,1600,-0.12234165156393285,3.2975425120339397,3.4198841635978727,0.42748552044973404,0.36771085269018167,0.21374276022486705,18.483625159031426,0.311402151656904,0.19824281403025715,0.19824281403025715,0.4427171725554342,0.07379629980107767,0.9400072388773955,0.01909719056058318,0.02031600371864159,-0.13410354258923224,1600.0,0.13751874699179703,0.20840867699007504,-0.021731497111500363,0.24576048619420032,0.6252260309702251
h2_0.10_budget_200_pop_500_parents_40_gen_8_loss_standard,averaged_one_step_switching_5_draws,9,56009,8,1600,-0.1062954013431337,2.8632969219138684,2.969592323257002,0.37119904040712526,0.2638503518651469,0.18559952020356263,15.829856877260164,0.32971310861451786,0.0634334695946949,0.0634334695946949,0.5848852761947106,0.16139342943280396,0.9748385015012011,0.0066725350868440505,0.006844759492540241,-0.12342730322097038,1600.0,0.07185138251224998,0.14611129974218784,0.2035690902918857,0.247664174550026,0.5844451989687514
h2_0.10_budget_200_pop_500_parents_40_gen_8_loss_standard,averaged_one_step_switching_5_draws,10,56010,8,1600,-0.1833746127166766,5.250220525224744,5.4335951379414205,0.6791993922426776,0.3426103891086108,0.3395996961213388,25.726534544512482,0.3641746539249423,0.19993980985805274,0.19993980985805274,0.5284443575798915,0.12445874947124472,1.0155135498421983,0.29357698422485146,0.28909213891874774,-0.08962958354205615,1600.0,0.17411448966595344,0.24450961734207036,0.27940313127550404,0.4317566874100758,0.7335288520262111
h2_0.10_budget_200_pop_500_parents_40_gen_8_loss_standard,averaged_one_step_switching_5_draws,11,56011,8,1600,-0.1154827541221322,5.610629814134045,5.726112568256177,0.7157640710320221,0.3529409626394979,0.35788203551601105,26.03997467849888,0.43303971478676023,0.3668953592484222,0.3342996202449775,0.5016955262823668,0.06834694491135823,0.9250129484192504,0.19702709871892551,0.21299928725930167,-0.10542850440151043,1600.0,0.10844945951248519,0.2018528994958615,0.42118270046934214,0.49282647508729255,0.403705798991723
h2_0.10_budget_200_pop_500_parents_40_gen_8_loss_standard,averaged_one_step_switching_5_draws,12,56012,8,1600,-0.11802520280537573,5.831177070423697,5.949202273229073,0.7436502841536341,0.35648014501240055,0.37182514207681705,27.602856736091603,0.375429952693172,0.3172889149229008,0.2189592162341217,0.5239581406283489,0.12770207990292157,1.002791053845444,0.12128283145788454,0.12094526670615606,-0.11293922732402045,1600.0,0.14881448449887102,0.22098962999734795,0.2127164398750339,0.4044233694505645,0.8839585199893918
h2_0.10_budget_200_pop_500_parents_40_gen_8_loss_standard,averaged_one_step_switching_5_draws,13,56013,8,1600,-0.12034147647504846,4.68245470678978,4.802796183264829,0.6003495229081036,0.3225867491277816,0.3001747614540518,23.24227712227079,0.39741695161043905,0.35284567008049456,0.10890628383547042,0.6010923501275028,0.1640869362198247,0.92275376111551,0.018032640462148995,0.01954220207170922,-0.11500321299014989,1600.0,0.16447344025800703,0.23542655049823225,0.34783894929673526,0.35127178634819706,0.941706201992929
h2_0.10_budget_200_pop_500_parents_40_gen_8_loss_standard,averaged_one_step_switching_5_draws,14,56014,8,1600,-0.14104496068285788,3.1805698016153032,3.321614762298161,0.4152018452872701,0.32067766010661136,0.20760092264363508,16.639485086202725,0.37479841180851614,0.43554931852570905,0.13668859273978193,0.5633655635659265,0.1705180579935683,0.9141152612444674,0.030380917273739348,0.03323532442985261,-0.1152288348156088,1600.0,0.06351695201010443,0.1305716909992043,0.3186264403201631,0.26761387364526407,0.1305716909992043
h2_0.10_budget_200_pop_500_parents_40_gen_8_loss_standard,averaged_one_step_switching_5_draws,15,56015,8,1600,-0.14632601034992795,3.576370127048529,3.7226961373984566,0.4653370171748071,0.42062766800043777,0.23266850858740357,20.32883056017896,0.3726119624208889,0.25361359979227954,0.22057630880769602,0.584385786304349,0.1416470746741532,0.9234518541354733,0.01445780222680496,0.01565625989276963,-0.12570229230033317,1600.0,0.20037172800221015,0.2653470265067881,-0.014525304382859927,0.27617398338639165,0.5306940530135762
h2_0.10_budget_200_pop_500_parents_40_gen_8_loss_standard,averaged_one_step_switching_5_draws,16,56016,8,1600,-0.11258805474704883,5.947846433311572,6.060434488058621,0.7575543110073275,0.36398747874771076,0.3787771555036638,29.67567702438295,0.42942474600650177,0.3727029511160499,0.31128037540315606,0.558166432021413,0.09119736367962147,0.9298580615695671,0.1914279199462518,0.20586789302350977,-0.10620220951472639,1600.0,0.10507795828328069,0.18111150871430123,0.191870381309716,0.41272319161016924,1.2677805610001087
h2_0.10_budget_200_pop_500_parents_40_gen_8_loss_standard,averaged_one_step_switching_5_draws,17,56017,8,1600,-0.12465705765487654,3.9007201735671164,4.025377231221993,0.5031721539027492,0.28491876110108566,0.2515860769513746,20.61544437661093,0.39243939980385256,-0.07420299708081712,-0.07420299708081712,0.5660687812126384,0.21023626553239994,0.9204598837901583,0.042281653756226466,0.045935357423860984,-0.11723049080302335,1600.0,0.15375061900704168,0.22123238725907868,0.14861373405161238,0.47629457928991753,0.8849295490363147
h2_0.10_budget_200_pop_500_parents_40_gen_8_loss_standard,averaged_one_step_switching_5_draws,18,56018,8,1600,-0.1556295572896934,4.464888363050046,4.62051792033974,0.5775647400424675,0.309878969951425,0.28878237002123375,22.737334928257987,0.3463333731228503,0.4563764035646715,0.12714176878272787,0.5056883724471126,0.13686279093391623,0.9814016263601444,0.11867432615870555,0.12092330292833212,-0.10428001894657192,1600.0,0.04856007865358455,0.11596612933984336,0.2388299790493761,0.38394675056571764,0.3478983880195301
h2_0.10_budget_200_pop_500_parents_40_gen_8_loss_standard,averaged_one_step_switching_5_draws,19,56019,8,1600,-0.09475213783668553,5.370304097755581,5.465056235592267,0.6831320294490333,0.2214050916308973,0.3415660147245167,25.236409448812815,0.39730088401319313,0.23907912375061907,0.23907912375061907,0.48215340426910347,0.08291597174492216,0.9298064816137929,0.1961564933723976,0.21096485908760715,-0.10651019732364535,1600.0,0.17824861600335376,0.2511099669985318,0.12383260024095251,0.3245462848612408,0.7533299009955954
h2_0.10_budget_200_pop_500_parents_40_gen_8_loss_standard,averaged_one_step_switching_5_draws,20,56020,8,1600,-0.08935652964867737,4.667174267460594,4.756530797109272,0.5945663496386588,0.07935164257252209,0.2972831748193295,19.279293220282433,0.38826790906899056,0.3731390336689905,0.2705751032441701,0.5248168756029369,0.08968483135968895,0.9780413282311468,0.21537534173810438,0.2202108801758154,-0.09492011151110252,1600.0,0.14386526500311447,0.2157789372577099,0.1569749003754255,0.3280056187277657,0.8631157490308397
h2_0.10_budget_200_pop_500_parents_40_gen_8_loss_strong,averaged_one_step_switching_5_draws,1,57001,8,1600,-0.14642171599700163,4.520977797403908,4.667399513400909,0.5834249391751136,0.3540982966369905,0.2917124695875568,23.253635050537756,0.4582215664762485,0.58664288467228,0.13195288278990802,0.6389254976082446,0.18675645653975734,0.8874906061845418,0.00620908871479053,0.006996230350520953,-0.13723412372458804,1600.0,0.12001641660463065,0.18858565739938057,0.27624642148927336,0.42445919818598615,0.9429282869969029
h2_0.10_budget_200_pop_500_parents_40_gen_8_loss_strong,averaged_one_step_switching_5_draws,2,57002,8,1600,-0.14495970495079183,3.34228514978594,3.487244854736732,0.43590560684209145,0.39170912043619416,0.21795280342104573,19.80708324728417,0.44640376245964364,0.6471668527019092,0.32301418339733295,0.6546866721254705,0.1388620586246315,0.8863483048217594,0.0017869660763721422,0.002016099164009224,-0.11606255066198524,1600.0,0.09501164116954897,0.16983860200465037,0.2165682195607681,0.47497978728711093,1.0190316120279022
h2_0.10_budget_200_pop_500_parents_40_gen_8_loss_strong,averaged_one_step_switching_5_draws,3,57003,8,1600,-0.1142668583842497,4.379284450477951,4.493551308862201,0.5616939136077751,0.3195891506762647,0.28084695680388755,21.988307813605623,0.3642631551693778,0.4315545700152797,0.13534272439241485,0.6760211260090028,0.1523924333348426,0.9804175488893845,0.030871537508559668,0.031488152719757925,-0.12747856772460694,1600.0,0.13662179449602263,0.20837343875609804,0.20952091256418123,0.3331042433592243,0.8334937550243922
h2_0.10_budget_200_pop_500_parents_40_gen_8_loss_strong,averaged_one_step_switching_5_draws,4,57004,8,1600,-0.10788476622519472,3.633292822596716,3.7411775888219108,0.4676471986027389,0.2285766692550639,0.23382359930136945,18.424030321807784,0.3285203784942288,-0.031260110045779506,-0.031260110045779506,0.5458867271778989,0.19933208770370933,0.9659723626248397,0.06143001016354667,0.063593962457293,-0.11212697090675752,1600.0,0.10586933540180325,0.17286368919885717,0.010958413853800067,0.28633049534350763,0.8643184459942859
h2_0.10_budget_200_pop_500_parents_40_gen_8_loss_strong,averaged_one_step_switching_5_draws,5,57005,8,1600,-0.18013034993429022,2.9206327647342003,3.1007631146684904,0.3875953893335614,0.30150300977144767,0.19379769466678065,16.201227222782414,0.349525207395839,0.44448524134429446,0.09371988613365491,0.44901353525786175,0.12049457514515799,0.9759668690949026,0.04943361905386567,0.050650919226089795,-0.11426818959508629,1600.0,0.08278185500530526,0.15306957899592816,0.10572338064563717,0.3516456573111625,0.7653478949796408
h2_0.10_budget_200_pop_500_parents_40_gen_8_loss_strong,averaged_one_step_switching_5_draws,6,57006,8,1600,-0.1740927162590974,4.394444959094648,4.568537675353745,0.5710672094192184,0.3743584034586096,0.2855336047096091,24.20501640047633,0.441453175734256,0.30010449392047417,0.30010449392047417,0.6260005554257625,0.11512738679265168,0.9625615749642469,0.0016762066953208883,0.001741402045249052,-0.12497594006897365,1600.0,0.09179278279771097,0.15848263819352723,0.3407541381580289,0.4534346099077401,0.7924131909676362
h2_0.10_budget_200_pop_500_parents_40_gen_8_loss_strong,averaged_one_step_switching_5_draws,7,57007,8,1600,-0.11213172017600796,3.9515338351640823,4.063665555340091,0.5079581944175113,0.30328313076991326,0.25397909720875567,21.057769820952984,0.35298527964782134,0.06954241035983806,0.06954241035983806,0.5721104315093877,0.1640628332513585,0.9311495635855535,0.03767405330429242,0.04045972288192019,-0.11495581910164998,1600.0,0.11220597974897828,0.19195903724903474,0.1769180632038253,0.32239999172810274,0.767836148996139
h2_0.10_budget_200_pop_500_parents_40_gen_8_loss_strong,averaged_one_step_switching_5_draws,8,57008,8,1600,-0.1328681258459665,4.055662939315281,4.188531065161248,0.523566383145156,0.4644392332547623,0.261783191572578,21.68609882231756,0.38802101533553407,0.5821617238370301,0.06242578769923666,0.6280319863635548,0.20029645078534092,0.9755726473039058,0.04476244469349896,0.04588325104973425,-0.13534745031455073,1600.0,0.15338081050140318,0.22858481749426574,0.3162467350615623,0.522428380023879,0.45716963498853147
h2_0.10_budget_200_pop_500_parents_40_gen_8_loss_strong,averaged_one_step_switching_5_draws,9,57009,8,1600,-0.14131482581878055,3.9942476485695453,4.135562474388326,0.5169453092985408,0.1833342744465542,0.2584726546492704,19.298800200461873,0.32093313630454073,0.28463943846749157,0.15498321893207356,0.4713323311350956,0.10545545072993955,0.922531827212954,0.09142977035171372,0.09910744285964715,-0.11306373908877718,1600.0,0.10863127120537683,0.1811182127916254,0.06529088499150443,0.27392646470944493,0.905591063958127
h2_0.10_budget_200_pop_500_parents_40_gen_8_loss_strong,averaged_one_step_switching_5_draws,10,57010,8,1600,-0.1401841350057751,4.075064236854267,4.215248371860042,0.5269060464825053,0.3485391635155697,0.26345302324125264,21.611518382642846,0.4796102891170346,0.5957505917565964,0.3297393831810544,0.7232968849749996,0.13019075203856997,0.9896536799858722,0.007555503290383057,0.007634492189723293,-0.1196911242713,1600.0,0.16841883333593918,0.24028606333498223,0.2461813758624852,0.4421530357967325,0.7208581900049467
h2_0.10_budget_200_pop_500_parents_40_gen_8_loss_strong,averaged_one_step_switching_5_draws,11,57011,8,1600,-0.17867898667823592,4.341817690320371,4.520496676998607,0.5650620846248258,0.27887134766031774,0.28253104231241294,21.578078012920976,0.33175677730373254,0.13131938804768345,0.09283230182382876,0.6815773505393995,0.19149833174586292,0.9339147401585469,0.100454040626871,0.10756232481116779,-0.10768732467585161,1600.0,0.13801892750052502,0.20799367524887202,0.2641924188849737,0.3841372886731947,0.8319747009954881
h2_0.10_budget_200_pop_500_parents_40_gen_8_loss_strong,averaged_one_step_switching_5_draws,12,57012,8,1600,-0.12081737023827284,3.5969776305824035,3.717795000820676,0.4647243751025844,0.4198815707867636,0.23236218755129226,19.61620597805087,0.33785147502029134,0.24015575883055443,0.14362850276979403,0.553087008051012,0.14709162512677976,0.9500017093635337,0.09261427840295347,0.09748853869431628,-0.10533822085632591,1600.0,0.12802801325597102,0.19644264750240836,0.15486021038507633,0.3539601241116971,0.7857705900096335
h2_0.10_budget_200_pop_500_parents_40_gen_8_loss_strong,averaged_one_step_switching_5_draws,13,57013,8,1600,-0.1439349870381369,3.118597836483546,3.2625328235216826,0.4078166029402104,0.34543611584006695,0.20390830147010516,18.071907640654942,0.3502043688107896,0.5080427943363129,0.2382168801020341,0.5080427943363129,0.08352472466658059,0.9563787059398696,0.03222203912663138,0.03369171534927219,-0.11120316570367568,1600.0,0.0448748344933847,0.12137450049340259,0.2418980916213926,0.38395933666244547,0.24274900098680519
h2_0.10_budget_200_pop_500_parents_40_gen_8_loss_strong,averaged_one_step_switching_5_draws,14,57014,8,1600,-0.12259538971928698,4.405810653062419,4.528406042781706,0.5660507553477132,0.23330401836574005,0.2830253776738566,21.526384869805003,0.3832105257783385,0.17306436036208023,0.17306436036208023,0.6271664506809238,0.1468102762288028,0.9490067528100546,0.07571734216609587,0.07978588344276073,-0.10178309849495241,1600.0,0.1689388930099085,0.24932982301106676,0.06399878178992631,0.323173607435152,0.24932982301106676
h2_0.10_budget_200_pop_500_parents_40_gen_8_loss_strong,averaged_one_step_switching_5_draws,15,57015,8,1600,-0.11885595609875105,5.247856705915943,5.366712662014694,0.6708390827518367,0.5412711426311941,0.3354195413759184,27.08021913456747,0.38532132535920804,0.24660765933479678,0.18313619004818701,0.7162001963011483,0.18114494072744172,0.8921995749079374,0.06628339147670981,0.07429211281965621,-0.13119183999325712,1600.0,0.11534134174871724,0.19626785598666174,0.08093287471473899,0.31073754246120844,0.785071423946647
h2_0.10_budget_200_pop_500_parents_40_gen_8_loss_strong,averaged_one_step_switching_5_draws,16,57016,8,1600,-0.15746750223763328,4.8285744605840994,4.986041962821733,0.6232552453527167,0.29065469651640574,0.3116276226763583,22.37913251542988,0.4431881946329592,0.3998896463811852,0.2617127651310569,0.65111218802924,0.14327001913203644,0.9179044058364606,0.06795701646142013,0.07403496053545228,-0.10395777706912375,1600.0,0.08079288349836133,0.14841644349993052,0.21431817197645367,0.42439983153125543,0.8904986609995831
h2_0.10_budget_200_pop_500_parents_40_gen_8_loss_strong,averaged_one_step_switching_5_draws,17,57017,8,1600,-0.1324702515524622,3.529763024738944,3.6622332762914063,0.45777915953642573,0.3462344512229343,0.22888957976821292,20.00702986331035,0.35231018338966574,0.24784558766462603,0.16867381207907045,0.5565118526979034,0.11375662243223768,0.8869821263964534,0.004730899740485079,0.0053337035772133634,-0.11548709778830689,1600.0,0.10594518649304518,0.18810477000079118,0.2337193177530137,0.3352916937818592,0.7524190800031647
h2_0.10_budget_200_pop_500_parents_40_gen_8_loss_strong,averaged_one_step_switching_5_draws,18,57018,8,1600,-0.14886316266207025,4.38398465430032,4.53284781696239,0.5666059771202987,0.3764022172779849,0.28330298856014935,22.93960473659305,0.38320342037642097,0.3193562380447751,0.26599285634055747,0.6250440804697873,0.11660154716157818,0.9760591609700016,0.007018151459239078,0.007190293109143591,-0.14873693345245326,1600.0,0.12837570998817682,0.19563811775151407,0.25056750046890675,0.3814674098855121,0.7825524710060563
h2_0.10_budget_200_pop_500_parents_40_gen_8_loss_strong,averaged_one_step_switching_5_draws,19,57019,8,1600,-0.08115679647072478,4.108389052622426,4.189545849093151,0.5236932311366438,0.3503635807156242,0.26184661556832195,22.587158612099813,0.37209093044301783,0.1618136274380665,-0.016337896181283965,0.6175152479481939,0.21760210230883273,0.9092168890694196,0.01307852681155881,0.014384386133593096,-0.13380406959865793,1600.0,0.16036804050236242,0.2290599560001283,0.3791647674226672,0.4788296455182558,0.9162398240005132
h2_0.10_budget_200_pop_500_parents_40_gen_8_loss_strong,averaged_one_step_switching_5_draws,20,57020,8,1600,-0.10783937954517993,5.698444235632068,5.8062836151772474,0.725785451897156,0.3434539867125332,0.36289272594857797,27.3061084773029,0.4061540864170283,0.23862009661432818,0.23862009661432818,0.5475468686898178,0.09395003172751465,0.9381472957339633,0.2288535344969886,0.24394200733472682,-0.10467364347606509,1600.0,0.15824338499078294,0.23118267676181858,0.07736796998384347,0.3837138072044012,0.9247307070472743
h2_0.10_budget_75_pop_1000_parents_20_gen_8_loss_standard,averaged_one_step_switching_5_draws,1,50001,8,600,-0.13314627914244165,4.927267521223231,5.060413800365673,0.6325517250457094,0.4931456470020762,0.8434023000609454,27.018816038997862,0.2806173955911096,0.14682063233377504,-0.0015254389172116203,0.6624333102783291,0.2437008116741776,0.9430240904123077,0.06448297671700662,0.06837892835676494,-0.12232671289361917,600.0,0.18780805750429863,0.2647958157467656,0.1201074226658617,0.13371895373660614,1.0591832629870623
h2_0.10_budget_75_pop_1000_parents_20_gen_8_loss_standard,averaged_one_step_switching_5_draws,2,50002,8,600,-0.13314627914244168,4.704753299921649,4.83789957906409,0.6047374473830112,0.5812647352963787,0.8063165965106817,26.822845408414633,0.4089134734821131,0.2808480363659674,0.26906987155859635,0.6262951392642193,0.13098549177781937,0.9430240904123077,0.0021346864136490297,0.0022636605314247118,-0.12609148341048537,600.0,0.2030901143249745,0.2775873606636499,0.4928253458000893,0.5048569386831833,0.8327620819909498
h2_0.10_budget_75_pop_1000_parents_20_gen_8_loss_standard,averaged_one_step_switching_5_draws,3,50003,8,600,-0.13314627914244165,4.286638681430364,4.419784960572805,0.5524731200716007,0.3755717338054148,0.7366308267621342,23.151398326284017,0.25175407311848363,0.1428968164363023,0.1348988409001908,0.391959310319771,0.10105837208589624,0.9430240904123077,0.06461638155993561,0.06852039329311739,-0.1232467302442105,600.0,0.27461503266628523,0.3446782550017815,0.20060582858002385,0.24370339396445573,1.0340347650053445
h2_0.10_budget_75_pop_1000_parents_20_gen_8_loss_standard,averaged_one_step_switching_5_draws,4,50004,8,600,-0.13314627914244165,4.289640804989174,4.422787084131616,0.5528483855164519,0.3907775153386067,0.7371311806886027,23.496874306839715,0.3069163848721069,0.2081148697619903,0.1980500674435929,0.5237444979910615,0.10214577237435793,0.9430240904123077,0.0019809201519450435,0.002100603974050067,-0.12326228009237407,600.0,0.1821589603253718,0.25544701049511787,0.19526508666499198,0.29794591819356736,1.5326820629707072
h2_0.10_budget_75_pop_1000_parents_20_gen_8_loss_standard,averaged_one_step_switching_5_draws,5,50005,8,600,-0.13314627914244168,3.453316974945721,3.5864632540881627,0.44830790676102034,0.45127765898213146,0.5977438756813604,21.11776011632941,0.29952502981119655,0.2731050100940381,0.18638349196537674,0.4478811948148902,0.07720598259306025,0.9430240904123077,0.0288083967020381,0.030548950970534096,-0.11031899238523087,600.0,0.35852952001732774,0.42913020501146093,0.3809484583100501,0.35369783726739384,0.42913020501146093
h2_0.10_budget_75_pop_1000_parents_20_gen_8_loss_standard,averaged_one_step_switching_5_draws,6,50006,8,600,-0.13314627914244168,3.1612166862332067,3.2943629653756483,0.41179537067195604,0.19222083159482498,0.5490604942292747,15.613856861562303,0.20840839720268287,0.1792110653952392,0.05312665607690557,0.38660196624177096,0.09518214413030485,0.9430240904123077,0.052319539968891694,0.05548059747446814,-0.0999810073914092,600.0,0.11549347065738402,0.19180096666483828,0.1407690073371906,0.18229805803068258,0.5754028999945149
h2_0.10_budget_75_pop_1000_parents_20_gen_8_loss_standard,averaged_one_step_switching_5_draws,7,50007,8,600,-0.13314627914244168,3.495321948331466,3.6284682274739075,0.4535585284342385,0.4346804106079605,0.6047447045789845,20.430553957107072,0.3747567645811668,0.6493932398408183,0.1354888328805158,0.6493932398408183,0.19847291525928254,0.9430240904123077,0.0,0.0,-0.13756092028714223,600.0,0.2371626632520929,0.31622478574718116,0.36799931662215224,0.3898882233289848,1.2648991429887246
h2_0.10_budget_75_pop_1000_parents_20_gen_8_loss_standard,averaged_one_step_switching_5_draws,8,50008,8,600,-0.13314627914244165,2.989736917049528,3.1228831961919696,0.3903603995239962,0.49965152599734397,0.5204805326986617,19.828963546661626,0.31144927505490627,-0.008123859111545471,-0.008123859111545471,0.6699289023175969,0.2442781324353262,0.9430240904123077,0.0014684921791503463,0.0015572159757957977,-0.11838267138264819,600.0,0.34751399399829097,0.4236146326584276,0.2949429209677455,0.3279292616572515,1.2708438979752827
h2_0.10_budget_75_pop_1000_parents_20_gen_8_loss_standard,averaged_one_step_switching_5_draws,9,50009,8,600,-0.13314627914244168,2.8176732251765033,2.950819504318945,0.36885243803986806,0.47307069880719793,0.49180325071982417,19.10748751925967,0.241727890332635,-0.09606165035121883,-0.09606165035121883,0.5923798458978075,0.2703049139614028,0.9430240904123077,0.001971315136117821,0.002090418639523753,-0.10701556833407545,600.0,0.1765513220016146,0.25423187149863224,0.16990889443209042,0.1735556502123711,0.5084637429972645
h2_0.10_budget_75_pop_1000_parents_20_gen_8_loss_standard,averaged_one_step_switching_5_draws,10,50010,8,600,-0.13314627914244165,4.8989291702375715,5.032075449380013,0.6290094311725014,0.3704940531049225,0.8386792415633355,25.565611286596425,0.341038013245889,0.37982767868232203,0.017129239943512238,0.6010377680344343,0.18919960534722224,0.9430240904123077,0.03395641060942543,0.03600799911122001,-0.11705907082034918,600.0,0.21061971333498755,0.29699400266205583,0.20284338342273692,0.1560487176069041,0.8909820079861674
h2_0.10_budget_75_pop_1000_parents_20_gen_8_loss_standard,averaged_one_step_switching_5_draws,11,50011,8,600,-0.13314627914244165,3.4681449870952674,3.601291266237709,0.4501614082797136,0.5510291802954167,0.6002152110396182,20.62722653364286,0.23202345904038266,0.3789496528665869,-0.04452556966377494,0.3789496528665869,0.16568176960081962,0.9430240904123077,0.005776564122927537,0.0061255742898380415,-0.09222853383110995,600.0,0.26451774075394496,0.3408897627523402,0.1510632074791715,0.20860163251600278,1.3635590510093607
h2_0.10_budget_75_pop_1000_parents_20_gen_8_loss_standard,averaged_one_step_switching_5_draws,12,50012,8,600,-0.13314627914244168,3.6918202545333503,3.824966533675792,0.478120816709474,0.4208781890653872,0.6374944222792986,21.203012443818096,0.30706834781343617,0.2571024278359573,0.14589970242859995,0.5396535703991868,0.14492703210293037,0.9430240904123077,0.017182309771296776,0.018220435666478414,-0.11392559928644637,600.0,0.1805512369959615,0.25823954099905677,0.30585997507321533,0.3160706735381301,1.2911977049952839
h2_0.10_budget_75_pop_1000_parents_20_gen_8_loss_standard,averaged_one_step_switching_5_draws,13,50013,8,600,-0.13314627914244165,3.754154632273155,3.8873009114155965,0.48591261392694957,0.3796722964312804,0.6478834852359328,21.28514737754933,0.3475365678056971,0.15431706424934727,0.15431706424934727,0.6246899284967702,0.16448011713458846,0.9430240904123077,0.0033863702387446335,0.003590968961634956,-0.11917846876092815,600.0,0.1973470446682768,0.27863998267275747,0.28235124035634157,0.3563985508309881,1.6718398960365448
h2_0.10_budget_75_pop_1000_parents_20_gen_8_loss_standard,averaged_one_step_switching_5_draws,14,50014,8,600,-0.13314627914244165,4.380504580012954,4.513650859155396,0.5642063573944245,0.455692687013339,0.7522751431925659,23.54545768090166,0.3581609074875083,0.2692665709704688,0.05805843434172018,0.5074958180648501,0.14288388361684698,0.9430240904123077,0.023761584425289008,0.025197218890664817,-0.10322980027945336,600.0,0.23052210115808217,0.3134855276584858,0.3354368077246212,0.3972034931541173,1.8809131659509148
h2_0.10_budget_75_pop_1000_parents_20_gen_8_loss_standard,averaged_one_step_switching_5_draws,15,50015,8,600,-0.13314627914244165,4.691100634542042,4.824246913684483,0.6030308642105603,0.5146847118510124,0.8040411522807471,27.410072441302354,0.2343280108520911,-0.042808879611785706,-0.16633885781338204,0.5202158182692057,0.23526933951510876,0.9430240904123077,0.04955085359411839,0.05254463178395987,-0.13275839876702145,600.0,0.15618607766615847,0.24243185868059905,0.1678970035674873,0.2647414040722608,0.7272955760417972
h2_0.10_budget_75_pop_1000_parents_20_gen_8_loss_standard,averaged_one_step_switching_5_draws,16,50016,8,600,-0.13314627914244165,4.240433113957855,4.373579393100297,0.5466974241375371,0.4335756712256163,0.7289298988500494,23.73631812754948,0.29284687754248373,0.3907855294748789,0.116716998319035,0.5761510334540993,0.14492169744308808,0.9430240904123077,0.006919496039832276,0.0073375602067672985,-0.11940430033842145,600.0,0.2109432353929151,0.28775634259800426,0.2528092871818606,0.3319017849329923,1.4387817129900213
h2_0.10_budget_75_pop_1000_parents_20_gen_8_loss_standard,averaged_one_step_switching_5_draws,17,50017,8,600,-0.13314627914244168,3.462998192064848,3.5961444712072894,0.4495180589009112,0.3941615897829271,0.5993574118678816,18.54131447145072,0.23792077974741158,0.33004198628397974,0.07354291234576799,0.6516827354727254,0.1865589170401184,0.9430240904123077,0.030487662238908444,0.03232967487137966,-0.12616209038079865,600.0,0.17191787475167075,0.2427711307464051,0.08137404345604583,0.1657784819256397,0.9710845229856204
h2_0.10_budget_75_pop_1000_parents_20_gen_8_loss_standard,averaged_one_step_switching_5_draws,18,50018,8,600,-0.13314627914244165,4.045086065322695,4.178232344465137,0.5222790430581421,0.5211667498445726,0.6963720574108562,22.248502014867565,0.2553850851158833,0.21600063327056185,-0.012486207206435918,0.4668567190511337,0.14518093655783695,0.9430240904123077,0.05245300122435051,0.055622122231699385,-0.10146429187755837,600.0,0.22370411100564525,0.29688900224573445,0.2201348914531498,0.30460563868269147,1.1875560089829378
h2_0.10_budget_75_pop_1000_parents_20_gen_8_loss_standard,averaged_one_step_switching_5_draws,19,50019,8,600,-0.13314627914244165,2.937039070568616,3.0701853497110574,0.3837731687138823,0.5580298315869064,0.5116975582851763,20.023546286598666,0.27564214309249035,0.0004992498008191151,0.0004992498008191151,0.4023888250421592,0.12728885084664396,0.9430240904123077,0.00022941699335795462,0.00024327797740315334,-0.10323021670162827,600.0,0.13083833900357908,0.20976153149968013,0.24607842729228382,0.24893166157436397,1.2585691889980808
h2_0.10_budget_75_pop_1000_parents_20_gen_8_loss_standard,averaged_one_step_switching_5_draws,20,50020,8,600,-0.13314627914244165,2.5530219708325936,2.6861682499750352,0.33577103124687946,0.4925012894555077,0.4476947083291725,17.56598975891142,0.19438614422739395,0.0,0.0,0.44615787128195306,0.16596418209451688,0.9430240904123077,0.0,0.0,-0.109557733476605,600.0,0.32649189099902287,0.4000704749923898,0.20075828742823268,0.2689341035015458,0.8001409499847796
h2_0.10_budget_75_pop_1000_parents_20_gen_8_loss_strong,averaged_one_step_switching_5_draws,1,51001,8,600,-0.13314627914244165,2.787216525355776,2.9203628044982177,0.36504535056227716,0.4007818969169099,0.48672713408303625,17.502978528028194,0.2440502584045699,0.036072504359687035,-0.029787641184726904,0.5530651268170306,0.1905486586194729,0.9430240904123077,0.0043713646214256965,0.00463547502748785,-0.12963508881230243,600.0,0.2611508959865508,0.3356910753257883,0.08466489283536925,0.17615148233609612,1.007073225977365
h2_0.10_budget_75_pop_1000_parents_20_gen_8_loss_strong,averaged_one_step_switching_5_draws,2,51002,8,600,-0.13314627914244165,2.511308530072032,2.6444548092144737,0.3305568511518093,0.49141607926641123,0.4407424682024123,16.149569358748636,0.2229624607538264,0.11249436246144681,-0.11215083348665855,0.5652586313789114,0.19927860758437752,0.9430240904123077,0.0,0.0,-0.10683699083473897,600.0,0.13611053201020695,0.20138248565490358,0.17725903590263048,0.33109918596340243,0.6041474569647107
h2_0.10_budget_75_pop_1000_parents_20_gen_8_loss_strong,averaged_one_step_switching_5_draws,3,51003,8,600,-0.13314627914244168,2.6755930346231227,2.8087393137655643,0.35109241422069565,0.5913397600391396,0.4681232189609274,18.775783117402383,0.28536867488803547,0.4711021411036003,0.012022548022921875,0.7768765502151725,0.24479464063970335,0.9430240904123077,1.9741263894419717e-31,2.093399743986229e-31,-0.11665985115823971,600.0,0.21874898999521974,0.29690434600342996,0.12682766224639344,0.2415623445632611,0.5938086920068599
h2_0.10_budget_75_pop_1000_parents_20_gen_8_loss_strong,averaged_one_step_switching_5_draws,4,51004,8,600,-0.13314627914244168,4.98285172976916,5.1159980089116015,0.6394997511139503,0.4815103561365024,0.8526663348186003,27.718441576967113,0.3805090638193501,0.19721258038356715,0.19721258038356715,0.5950542480512246,0.1516352466783834,0.9430240904123077,0.0038818942945470294,0.004116431737019351,-0.1457234646504296,600.0,0.1229573419841472,0.1816143589967396,0.42307836693253875,0.5402155506880284,0.1816143589967396
h2_0.10_budget_75_pop_1000_parents_20_gen_8_loss_strong,averaged_one_step_switching_5_draws,5,51005,8,600,-0.13314627914244168,4.098771127813256,4.231917406955698,0.5289896758694623,0.5790915102206062,0.7053195678259496,24.79994386475196,0.29886353536602106,0.34474072245212883,0.06992251214541263,0.49070929496248256,0.1561274385223107,0.9430240904123077,0.027115126011697712,0.02875337574869638,-0.10149016496852158,600.0,0.12357779965774777,0.2006782213381181,0.2595808992792961,0.3151610043550889,0.6020346640143543
h2_0.10_budget_75_pop_1000_parents_20_gen_8_loss_strong,averaged_one_step_switching_5_draws,6,51006,8,600,-0.13314627914244165,3.630788094102639,3.7639343732450805,0.47049179665563506,0.6036816080948111,0.6273223955408467,23.64169232333356,0.22474311899187152,-0.1389302301691491,-0.1389302301691491,0.5131928009622304,0.20477636766371168,0.9430240904123077,0.010727330507826992,0.011375457548636751,-0.1010528914636847,600.0,0.26070107850440155,0.3315972568282935,0.190813415734859,0.23602404440343494,1.989583540969761
h2_0.10_budget_75_pop_1000_parents_20_gen_8_loss_strong,averaged_one_step_switching_5_draws,7,51007,8,600,-0.13314627914244168,2.374436017401762,2.5075822965442036,0.3134477870680255,0.33288978717729795,0.41793038275736727,14.684797255969883,0.26405281008548787,0.021629442062863692,0.021629442062863692,0.5209546353410632,0.15679113338986897,0.9430240904123077,0.0,0.0,-0.09924081875642857,600.0,0.15649287899577757,0.23294281999551458,0.2559020419801716,0.3316028368981782,0.9317712799820583
h2_0.10_budget_75_pop_1000_parents_20_gen_8_loss_strong,averaged_one_step_switching_5_draws,8,51008,8,600,-0.13314627914244165,3.7620156400559006,3.895161919198342,0.4868952398997928,0.47076071569737443,0.6491936531997238,22.96472558777631,0.25784021989365447,-0.28408126467281786,-0.28408126467281786,0.46216843350609055,0.23435554263921876,0.9430240904123077,0.046828703049093444,0.049658013538783574,-0.11515231560919989,600.0,0.22524210574192693,0.30137280499911867,0.3800640437071197,0.39629567891162026,1.2054912199964747
h2_0.10_budget_75_pop_1000_parents_20_gen_8_loss_strong,averaged_one_step_switching_5_draws,9,51009,8,600,-0.13314627914244165,3.029338664886176,3.1624849440286176,0.3953106180035772,0.3968773772019321,0.5270808240047696,18.626777039485972,0.2884442120123111,0.2775571663104491,0.16938761016653286,0.4322505925985082,0.09952952147674823,0.9430240904123077,0.004019623058365312,0.004262481838197641,-0.1261153472105364,600.0,0.21797161742246576,0.30346577071135733,0.1957735665654072,0.27844717481952913,2.124260394979501
h2_0.10_budget_75_pop_1000_parents_20_gen_8_loss_strong,averaged_one_step_switching_5_draws,10,51010,8,600,-0.13314627914244165,4.732657346304604,4.865803625447046,0.6082254531808808,0.523596299761275,0.8109672709078409,27.527764665465643,0.29812869937654957,0.14533777187626226,0.029480660795887972,0.5557093592848917,0.1605993890357792,0.9430240904123077,0.010228371587047775,0.010846352379583157,-0.11941716546906052,600.0,0.18269493166493098,0.2630182269980044,0.25129377292783367,0.3683685270567077,1.5781093619880266
h2_0.10_budget_75_pop_1000_parents_20_gen_8_loss_strong,averaged_one_step_switching_5_draws,11,51011,8,600,-0.13314627914244165,2.1662260256041312,2.299372304746573,0.2874215380933216,0.3390802200153503,0.3832287174577621,13.554656141220377,0.23628411418408443,0.0,0.0,0.4927107591278857,0.17123932932905808,0.9430240904123077,0.0,0.0,-0.0955485797020576,600.0,0.16232124500675127,0.23863871800131164,0.28742575404490356,0.2616266349800152,0.7159161540039349
h2_0.10_budget_75_pop_1000_parents_20_gen_8_loss_strong,averaged_one_step_switching_5_draws,12,51012,8,600,-0.13314627914244165,2.533537114850672,2.6666833939931136,0.3333354242491392,0.516669502455393,0.4444472323321856,17.260413196054635,0.2541632562614084,0.0,0.0,0.6948623502458199,0.27598132424398475,0.9430240904123077,0.0,0.0,-0.11977332945384637,600.0,0.4520166939764749,0.520340222021332,0.2266303134741878,0.28740368436998603,0.520340222021332
h2_0.10_budget_75_pop_1000_parents_20_gen_8_loss_strong,averaged_one_step_switching_5_draws,13,51013,8,600,-0.13314627914244168,2.8009649627219417,2.9341112418643833,0.36676390523304797,0.5725535287693461,0.48901854031073055,19.972709245543527,0.2476116385251071,0.0,-0.10280958959392517,0.560828947081196,0.2506157070673142,0.9430240904123077,0.0,0.0,-0.10075527311446891,600.0,0.08294563597883098,0.15033478700206615,0.5502931435690126,0.560828947081196,0.15033478700206615
h2_0.10_budget_75_pop_1000_parents_20_gen_8_loss_strong,averaged_one_step_switching_5_draws,14,51014,8,600,-0.13314627914244165,4.641498988177348,4.77464526731979,0.5968306584149736,0.5060888083565183,0.7957742112199649,27.090820235132007,0.26227097293013174,0.44890908756587194,0.04877765690052125,0.44890908756587194,0.1269918317662424,0.9430240904123077,0.0,0.0,-0.1219704831331094,600.0,0.24180885150417453,0.31683521749801,0.21208842124673477,0.24656342113234986,1.26734086999204
h2_0.10_budget_75_pop_1000_parents_20_gen_8_loss_strong,averaged_one_step_switching_5_draws,15,51015,8,600,-0.13314627914244165,2.5616192022921775,2.694765481434619,0.33684568517932734,0.5175926443770168,0.44912758023910315,17.87991213611696,0.29192201454433675,0.33509810438100784,0.07506530403694313,0.5759324219608517,0.15556342964759642,0.9430240904123077,1.9741263894419717e-31,2.093399743986229e-31,-0.10336029539673985,600.0,0.23387026899824073,0.30817085216889,0.17665902687673726,0.2735986866725431,1.8490251130133402
h2_0.10_budget_75_pop_1000_parents_20_gen_8_loss_strong,averaged_one_step_switching_5_draws,16,51016,8,600,-0.13314627914244165,2.914318280680492,3.0474645598229335,0.38093306997786663,0.5168114742622728,0.507910759970489,19.944755949764833,0.26089464886054425,0.0,-0.124746494893158,0.7578429484486399,0.2865484553876842,0.9430240904123077,0.0,0.0,-0.09494031044274953,600.0,0.23266499399323948,0.31512579700211063,0.2272102637832658,0.24300893296359422,0.6302515940042213
h2_0.10_budget_75_pop_1000_parents_20_gen_8_loss_strong,averaged_one_step_switching_5_draws,17,51017,8,600,-0.13314627914244168,4.287496079874068,4.42064235901651,0.5525802948770637,0.5490269462286534,0.7367737265027516,25.28827830395769,0.21893711600444418,0.5229308795671446,-0.17575079582385816,0.5229308795671446,0.24025948524455795,0.9430240904123077,0.015223425170608687,0.016143198594166054,-0.11298067705864466,600.0,0.11685118299647002,0.18823998174775625,0.26232831466367124,0.309697901214561,0.752959926991025
h2_0.10_budget_75_pop_1000_parents_20_gen_8_loss_strong,averaged_one_step_switching_5_draws,18,51018,8,600,-0.13314627914244165,3.2116849775235194,3.344831256665961,0.4181039070832452,0.16649592003239547,0.5574718761109935,15.062937578609079,0.2652891611437077,0.3631699979739238,0.12656157712362312,0.40762355129370714,0.10724992314860483,0.9430240904123077,0.030613912728781372,0.032463553200848136,-0.10801462396953576,600.0,0.241456585014627,0.3178445510081171,0.18340722406062424,0.29911837546375136,0.9535336530243512
h2_0.10_budget_75_pop_1000_parents_20_gen_8_loss_strong,averaged_one_step_switching_5_draws,19,51019,8,600,-0.13314627914244165,4.057122105085435,4.190268384227877,0.5237835480284847,0.3737773278229469,0.6983780640379794,22.491713101447978,0.29893860295534536,0.308717318907839,0.0046615994959034665,0.5302653275249172,0.15749568243648548,0.9430240904123077,0.019871248501697573,0.02107183549575016,-0.13843215247352908,600.0,0.17731354699935764,0.2441105650117,0.15200498643692495,0.18141508624410005,0.7323316950351
h2_0.10_budget_75_pop_1000_parents_20_gen_8_loss_strong,averaged_one_step_switching_5_draws,20,51020,8,600,-0.13314627914244168,3.794628024923615,3.9277743040660567,0.4909717880082572,0.3368488175670023,0.6546290506776761,21.001374734666125,0.23312692208664443,0.13486415639348506,0.024601507759654383,0.46216324176365053,0.1513589365341324,0.9430240904123077,0.004972077559180865,0.005272482017937612,-0.11857965113014966,600.0,0.13092196749494178,0.20997550424362998,0.07820771678499586,0.24903753160637537,0.8399020169745199
h2_0.10_budget_75_pop_1000_parents_40_gen_8_loss_standard,averaged_one_step_switching_5_draws,1,52001,8,600,-0.13314627914244168,4.390552948806434,4.5236992279488755,0.5654624034936093,0.4220535956252674,0.7539498713248126,24.602267903509258,0.2857238147652093,0.07181562596261619,0.07181562596261619,0.4140830795714716,0.11446231704867824,0.9430240904123077,0.17530079338329954,0.185892168785057,-0.0989356669713902,600.0,0.22954112049774267,0.33218967501306906,-0.02865871076671271,0.2023075081766033,0.6643793500261381
h2_0.10_budget_75_pop_1000_parents_40_gen_8_loss_standard,averaged_one_step_switching_5_draws,2,52002,8,600,-0.13314627914244168,4.527567216137646,4.6607134952800875,0.5825891869100109,0.349352261201135,0.7767855825466813,22.68585357874325,0.33094084272909663,0.1737847225965367,0.1491455959617406,0.6002893563057833,0.15170289508893348,0.9430240904123077,0.12654920630228558,0.13419509383578515,-0.11136080309540619,600.0,0.1993085244903341,0.27347118449688423,0.15447385332885444,0.2957623454635814,0.5469423689937685
h2_0.10_budget_75_pop_1000_parents_40_gen_8_loss_standard,averaged_one_step_switching_5_draws,3,52003,8,600,-0.13314627914244165,2.9856976170650906,3.118843896207532,0.3898554870259415,0.345247013839119,0.5198073160345886,16.57418041712958,0.2979810474404763,0.23468139146568895,0.04330892210308358,0.6030699617586018,0.179607591342785,0.9430240904123077,0.025003240889119628,0.026513894123518886,-0.11904614299158635,600.0,0.21071576733568995,0.28331368434010074,0.16572738307024315,0.2576828377165867,1.6998821060406044
h2_0.10_budget_75_pop_1000_parents_40_gen_8_loss_standard,averaged_one_step_switching_5_draws,4,52004,8,600,-0.13314627914244168,3.0036826206810754,3.136828899823517,0.3921036124779396,0.3988213905478224,0.5228048166372529,17.669945777165402,0.25594422769717945,0.5253079128573356,0.007316009114172255,0.5253079128573356,0.21021673534226587,0.9430240904123077,0.021400247107952224,0.022693213593934423,-0.10113462328123633,600.0,0.17461259099945892,0.24510512000415474,0.24652494667458388,0.26631196098575394,0.4902102400083095
h2_0.10_budget_75_pop_1000_parents_40_gen_8_loss_standard,averaged_one_step_switching_5_draws,5,52005,8,600,-0.13314627914244168,3.4866602992941433,3.619806578436585,0.45247582230457306,0.5017144702026148,0.6033010964060975,20.84712521618072,0.1948614743609217,0.09592347317026692,-0.01232304852792236,0.6088609773667355,0.18007411785876173,0.9430240904123077,0.022627503721319844,0.02399461896188323,-0.12246564300446389,600.0,0.16647733899299055,0.23735600800137036,0.31658451710604607,0.40096940555587623,0.4747120160027407
h2_0.10_budget_75_pop_1000_parents_40_gen_8_loss_standard,averaged_one_step_switching_5_draws,6,52006,8,600,-0.13314627914244165,4.0587785272431285,4.19192480638557,0.5239906007981961,0.4099394252278572,0.6986541343975949,22.731127937332477,0.2692141063331678,0.20776237547219661,-0.006517217489015365,0.5017626792446496,0.1708508699526054,0.9430240904123077,0.16446293943880608,0.17439951016193003,-0.10320736313382863,600.0,0.24793668825441273,0.3205436409916729,0.22701259083855463,0.27370404067207615,1.2821745639666915
h2_0.10_budget_75_pop_1000_parents_40_gen_8_loss_standard,averaged_one_step_switching_5_draws,7,52007,8,600,-0.13314627914244168,4.458993113477997,4.592139392620439,0.5740174240775548,0.3131049955392308,0.7653565654367398,22.974281670770004,0.2928342481145355,0.1891734353039064,0.15389830388267065,0.5212646949461814,0.12551161002558592,0.9430240904123077,0.16125679199675846,0.17099965275145196,-0.11530327423276236,600.0,0.2696962847476243,0.3461608635043376,0.23816462467268598,0.3482447518877222,1.3846434540173505
h2_0.10_budget_75_pop_1000_parents_40_gen_8_loss_standard,averaged_one_step_switching_5_draws,8,52008,8,600,-0.13314627914244165,3.3768819729501183,3.51002825209256,0.43875353151157,0.2347732828635904,0.5850047086820933,16.68553501263075,0.21210878885822548,0.13532213999377313,0.04174710939428381,0.3224584025394846,0.10155142276250155,0.9430240904123077,0.126130377660804,0.13375096028104377,-0.10496518210885236,600.0,0.15335227516576802,0.22527910999876136,0.22767948770030866,0.2123990514139378,1.3516746599925682
h2_0.10_budget_75_pop_1000_parents_40_gen_8_loss_standard,averaged_one_step_switching_5_draws,9,52009,8,600,-0.13314627914244165,3.046797777819125,3.1799440569615665,0.39749300712019575,0.30145125806532685,0.5299906761602611,16.575865290906034,0.20225779888963552,0.3760293869709961,0.01109043725323115,0.4059903495651074,0.1432390595703993,0.9430240904123077,0.07146458209119712,0.07578235043810118,-0.12664697336301936,600.0,0.26926579800783657,0.3516973707592115,0.16098824583692495,0.24030872532292868,1.406789483036846
h2_0.10_budget_75_pop_1000_parents_40_gen_8_loss_standard,averaged_one_step_switching_5_draws,10,52010,8,600,-0.13314627914244168,2.723569667370429,2.8567159465128706,0.35708949331410883,0.3146209596831503,0.4761193244188118,15.609032421422912,0.23571980775843326,0.1369076702773076,0.04110141782076917,0.42849303160114,0.1385438329103977,0.9430240904123077,0.04919121881371522,0.05216326848257705,-0.11944050427214496,600.0,0.23859769801492803,0.30620390000694897,0.27184017783087555,0.3140271291137223,0.6124078000138979
h2_0.10_budget_75_pop_1000_parents_40_gen_8_loss_standard,averaged_one_step_switching_5_draws,11,52011,8,600,-0.13314627914244168,3.666840158759894,3.799986437902336,0.47499830473779203,0.3301246096341295,0.6333310729837226,18.573384194585955,0.1757194394676302,0.036123245756084034,0.036123245756084034,0.43984746602566904,0.13368059403232466,0.9430240904123077,0.1837033465376323,0.1948023898915602,-0.11329928270451377,600.0,0.23865795900201192,0.3110194464970846,0.15964328930066168,0.16649281747605368,1.2440777859883383
h2_0.10_budget_75_pop_1000_parents_40_gen_8_loss_standard,averaged_one_step_switching_5_draws,12,52012,8,600,-0.13314627914244165,4.739844168956565,4.8729904480990065,0.6091238060123758,0.3523564714825659,0.8121650746831678,24.58899852346609,0.34568005468473684,0.4608359343383382,0.16869719670412778,0.5233558303094582,0.13002002225347525,0.9430240904123077,0.1752498864957086,0.1858381861900114,-0.09693130534013349,600.0,0.2867737155931536,0.359589076199336,0.20378446948139212,0.32251029522519403,1.7979453809966799
h2_0.10_budget_75_pop_1000_parents_40_gen_8_loss_standard,averaged_one_step_switching_5_draws,13,52013,8,600,-0.13314627914244165,3.711591752711761,3.8447380318542024,0.4805922539817754,0.37726377619448787,0.6407896719757004,21.20830164295574,0.2706617984832689,0.2994688947940898,0.16981326458472468,0.4570015511498055,0.09203023137475652,0.9430240904123077,0.04636711641849124,0.04916853863003508,-0.1198907214814201,600.0,0.22072645439766347,0.2954989590041805,0.17329473303962187,0.25378160377669884,1.4774947950209025
h2_0.10_budget_75_pop_1000_parents_40_gen_8_loss_standard,averaged_one_step_switching_5_draws,14,52014,8,600,-0.13314627914244165,3.9732632878457883,4.10640956698823,0.5133011958735288,0.3002673192070149,0.6844015944980383,20.630269873702805,0.33959367261395224,0.3080965865767946,0.15683888474744956,0.4167755281413934,0.08102062141876544,0.9430240904123077,0.04062210982169093,0.0430764285183109,-0.12718044063274825,600.0,0.20786327560199425,0.27942392139812,0.25842000423537403,0.3201213712069517,1.3971196069906
h2_0.10_budget_75_pop_1000_parents_40_gen_8_loss_standard,averaged_one_step_switching_5_draws,15,52015,8,600,-0.13314627914244165,4.626264361461036,4.759410640603478,0.5949263300754347,0.3413437679541456,0.7932351067672462,23.20031438065928,0.383188940860941,0.6672464115459619,0.12051605760235257,0.6672464115459619,0.1803985554644383,0.9430240904123077,0.03880813356697302,0.04115285490745563,-0.13078354261364164,600.0,0.19269166767480783,0.2717452426732052,0.27770350632002855,0.3744872574698606,0.8152357280196156
h2_0.10_budget_75_pop_1000_parents_40_gen_8_loss_standard,averaged_one_step_switching_5_draws,16,52016,8,600,-0.13314627914244165,5.140167441138118,5.27331372028056,0.6591642150350701,0.3703153199296248,0.8788856200467599,26.782461458812374,0.270808580434199,0.40243775213848704,0.07440680957784897,0.41858891922954516,0.13531130199359695,0.9430240904123077,0.10011916225103738,0.10616819153290498,-0.12497737869177898,600.0,0.2961339766722328,0.3731059950077906,0.2593864767165949,0.3460127751341606,1.1193179850233719
h2_0.10_budget_75_pop_1000_parents_40_gen_8_loss_standard,averaged_one_step_switching_5_draws,17,52017,8,600,-0.13314627914244165,3.399421754283812,3.5325680334262537,0.44157100417828177,0.3281873623100738,0.5887613389043757,18.692973940444325,0.28248549573827175,0.07687055982369599,0.07687055982369599,0.5504957269875709,0.138830058709667,0.9430240904123077,0.042196097010189615,0.044745513332263544,-0.11375496717684772,600.0,0.21275123140076174,0.29464517199667173,0.20475242738088512,0.26977302223508615,1.4732258599833585
h2_0.10_budget_75_pop_1000_parents_40_gen_8_loss_standard,averaged_one_step_switching_5_draws,18,52018,8,600,-0.13314627914244168,2.8057406532085487,2.9388869323509903,0.3673608665438738,0.4883980544959751,0.4898144887251651,18.535087842611624,0.25891879321870637,0.16757647683331,-0.08643288760649455,0.496515459014177,0.20749803772895514,0.9430240904123077,0.010670428747335849,0.011315117880679525,-0.11899836197478389,600.0,0.10250155200628797,0.1871742235016427,0.2079374400393093,0.16671704605564105,0.7486968940065708
h2_0.10_budget_75_pop_1000_parents_40_gen_8_loss_standard,averaged_one_step_switching_5_draws,19,52019,8,600,-0.13314627914244165,3.0578297085892827,3.1909759877317243,0.3988719984664656,0.30819945365078033,0.5318293312886208,15.687943814657336,0.24213745130251202,0.026537058121978936,-0.023825860940997902,0.45432251058266043,0.1718241171610258,0.9430240904123077,0.10389270695463226,0.11016972738120448,-0.11472865716266725,600.0,0.2767609565053135,0.34946501049853396,0.22486900696942574,0.2694998591429208,0.6989300209970679
h2_0.10_budget_75_pop_1000_parents_40_gen_8_loss_standard,averaged_one_step_switching_5_draws,20,52020,8,600,-0.13314627914244165,5.027035655882966,5.160181935025408,0.645022741878176,0.30074312569800504,0.8600303225042346,23.899900034861425,0.3377566771972908,0.30712880085381317,0.23912685792244617,0.4598415477565613,0.08925952955724659,0.9430240904123077,0.18240984896260784,0.19343074139585856,-0.09555519592529804,600.0,0.3078800927469274,0.38603155573946424,0.2470963304912216,0.33343353847134033,1.544126222957857
h2_0.10_budget_75_pop_1000_parents_40_gen_8_loss_strong,averaged_one_step_switching_5_draws,1,53001,8,600,-0.13314627914244165,3.0695718181782334,3.202718097320675,0.4003397621650845,0.3149184515808063,0.5337863495534458,16.68044627254968,0.34416422063804397,0.15442940532739233,0.07220491078940001,0.6723168937824516,0.1829907968604017,0.9430240904123077,0.06402019340363116,0.06788818446370797,-0.11714741656494372,600.0,0.21679147925897269,0.30629178275557933,0.2187396167223542,0.2807788724951624,1.2251671310223173
h2_0.10_budget_75_pop_1000_parents_40_gen_8_loss_strong,averaged_one_step_switching_5_draws,2,53002,8,600,-0.13314627914244168,3.1408170562264255,3.273963335368867,0.40924541692110833,0.19636389232517004,0.5456605558948111,14.278488094299227,0.2652278458225086,0.43458056026399483,0.03598880551394802,0.4693008829579387,0.16322812642200668,0.9430240904123077,0.055650325488476024,0.05901262338287102,-0.11856254886371129,600.0,0.11683857098978478,0.1869402629963588,0.1714997634394277,0.19983037089906186,0.3738805259927176
h2_0.10_budget_75_pop_1000_parents_40_gen_8_loss_strong,averaged_one_step_switching_5_draws,3,53003,8,600,-0.13314627914244165,3.98283965899444,4.115985938136882,0.5144982422671103,0.42031423495237197,0.6859976563561471,22.820807300852586,0.29234732939115854,0.1801783025366176,0.1801783025366176,0.4195935763106055,0.06524082710338469,0.9430240904123077,0.01636405674356472,0.017352745184282672,-0.12938813227971868,600.0,0.45618712599389255,0.5286788980010897,0.12558812867002778,0.28740312809110596,0.5286788980010897
h2_0.10_budget_75_pop_1000_parents_40_gen_8_loss_strong,averaged_one_step_switching_5_draws,4,53004,8,600,-0.13314627914244168,2.846541977752351,2.9796882568947924,0.37246103211184906,0.5732424065835601,0.4966147094824654,19.377854497709404,0.22864150973488498,0.2928929930311795,0.013551580773062542,0.5035254233471683,0.1530153029799842,0.9430240904123077,0.001823198719955447,0.0019333532817367481,-0.10825546333972315,600.0,0.10632467901450582,0.17627258101128973,0.09529058127210395,0.20848217689908355,0.35254516202257946
h2_0.10_budget_75_pop_1000_parents_40_gen_8_loss_strong,averaged_one_step_switching_5_draws,5,53005,8,600,-0.13314627914244168,5.057832035857366,5.190978314999808,0.6488722893749759,0.29312437761158533,0.8651630524999679,23.790300922903825,0.2593496182606061,0.3102319780970375,0.04156481153882041,0.5317287338968107,0.136295560686042,0.9430240904123077,0.1340559296832997,0.1421553606596497,-0.12723584414771885,600.0,0.1688531390100252,0.23803016999348378,0.12207236035045597,0.18434124852277592,0.7140905099804513
h2_0.10_budget_75_pop_1000_parents_40_gen_8_loss_strong,averaged_one_step_switching_5_draws,6,53006,8,600,-0.13314627914244165,2.5126987553599123,2.645845034502354,0.3307306293127942,0.21848837972279267,0.440974172417059,13.662995208065079,0.2843961581789245,0.26344585750214944,0.1463628418918599,0.4458788100774466,0.1114042640067987,0.9430240904123077,0.007654219852245909,0.008116674780704002,-0.12024933894532795,600.0,0.2991948672570288,0.37589199250214733,0.014087496175114471,0.2666087662742896,1.5035679700085893
h2_0.10_budget_75_pop_1000_parents_40_gen_8_loss_strong,averaged_one_step_switching_5_draws,7,53007,8,600,-0.13314627914244168,4.862130667712497,4.995276946854939,0.6244096183568673,0.3501135671702327,0.8325461578091565,23.008322947630774,0.29837533604380495,0.09609916887127368,0.013885113657721259,0.5511650054661534,0.186812059756046,0.9430240904123077,0.13112827192438326,0.13905081880469408,-0.11065254936494309,600.0,0.22245090949581936,0.2972154099988984,0.48397722339066174,0.48106136190225024,0.5944308199977968
h2_0.10_budget_75_pop_1000_parents_40_gen_8_loss_strong,averaged_one_step_switching_5_draws,8,53008,8,600,-0.13314627914244168,4.592294043111355,4.725440322253797,0.5906800402817247,0.539295349088639,0.7875733870422995,25.794187385441454,0.34524520779866036,0.40357295629511863,-0.12621191377596766,0.6450976480142602,0.2394965942854559,0.9430240904123077,0.007158369748478034,0.007590866258091309,-0.14630446793611668,600.0,0.16003868800180499,0.23607887100661173,0.2365396754158022,0.3399461732767067,0.47215774201322347
h2_0.10_budget_75_pop_1000_parents_40_gen_8_loss_strong,averaged_one_step_switching_5_draws,9,53009,8,600,-0.13314627914244168,4.361994760551352,4.495141039693793,0.5618926299617242,0.41072166677615346,0.749190173282299,23.124119407798567,0.2647117015372677,0.15833078709430268,0.000840123212584397,0.6678828743146678,0.19353851302868177,0.9430240904123077,0.03362139256738681,0.03565273984961181,-0.13170785161033344,600.0,0.1735050615912769,0.2496181825932581,0.18979367223673624,0.22474552121933397,1.2480909129662905
h2_0.10_budget_75_pop_1000_parents_40_gen_8_loss_strong,averaged_one_step_switching_5_draws,10,53010,8,600,-0.13314627914244168,3.654973927153957,3.788120206296399,0.47351502578704985,0.3277483433373929,0.6313533677160665,19.52523612674966,0.19882227324030421,0.21630669941501074,0.012746733174975121,0.4062941678078441,0.12492420885019412,0.9430240904123077,0.07558863655061163,0.0801555732447544,-0.1078833020723682,600.0,0.3790747069870122,0.44569813000271097,0.20005680188288993,0.22689515451361614,0.44569813000271097
h2_0.10_budget_75_pop_1000_parents_40_gen_8_loss_strong,averaged_one_step_switching_5_draws,11,53011,8,600,-0.13314627914244165,4.081272909234545,4.214419188376986,0.5268023985471233,0.3187784302093063,0.702403198062831,20.612744870852154,0.24822597580322656,0.09751557841609636,-0.13256763568397392,0.49246554130279574,0.19520025701268562,0.9430240904123077,0.010544076165177104,0.011181131290683186,-0.14608323188824787,600.0,0.2252253530023154,0.29732516179792584,0.1925438289409914,0.2658064604008466,1.4866258089896291
h2_0.10_budget_75_pop_1000_parents_40_gen_8_loss_strong,averaged_one_step_switching_5_draws,12,53012,8,600,-0.13314627914244168,3.750538869053673,3.8836851481961148,0.4854606435245144,0.4258148120195596,0.6472808580326858,21.7814418554399,0.24277075985108698,0.3398728536630642,0.07376990335178166,0.4129026964214036,0.1228765884869544,0.9430240904123077,0.020640208117031413,0.02188725434151648,-0.1289659703948019,600.0,0.24131416949967388,0.34796962451946456,0.18331838777298445,0.208449905931559,0.6959392490389291
h2_0.10_budget_75_pop_1000_parents_40_gen_8_loss_strong,averaged_one_step_switching_5_draws,13,53013,8,600,-0.13314627914244168,4.202330867033676,4.3354771461761175,0.5419346432720147,0.4564541908361892,0.7225795243626862,22.544161962133845,0.35501059403450297,0.3793682187056355,0.19143156014342877,0.5812634977996243,0.12779262028044644,0.9430240904123077,0.010111403538382994,0.010722317320612774,-0.13353580254135436,600.0,0.17988979900837876,0.24626087465245897,0.370061232104236,0.4499321630980216,0.7387826239573769
h2_0.10_budget_75_pop_1000_parents_40_gen_8_loss_strong,averaged_one_step_switching_5_draws,14,53014,8,600,-0.13314627914244165,4.813564249368155,4.946710528510597,0.6183388160638246,0.29693571410221165,0.8244517547517661,24.160973957003016,0.33776431783570926,0.3916106012201082,0.10442680029796034,0.6063492521052668,0.1607648704155496,0.9430240904123077,0.053353001990659024,0.056576499511621275,-0.12941595387716034,600.0,0.2910427111957688,0.36873939980287107,0.3422213274618667,0.3762064327334713,1.8436969990143552
h2_0.10_budget_75_pop_1000_parents_40_gen_8_loss_strong,averaged_one_step_switching_5_draws,15,53015,8,600,-0.13314627914244168,3.2190208280749983,3.35216710721744,0.4190208884021799,0.45196713030892066,0.5586945178695732,20.520163437606705,0.3749523722701664,0.3996671399840291,0.2143956454883785,0.5858846985997233,0.12285987643651408,0.9430240904123077,0.00399490502524682,0.004236270383612547,-0.12488275686913879,600.0,0.1475815949816024,0.22059337999962736,0.38774306324114205,0.41531386507584717,0.4411867599992547
h2_0.10_budget_75_pop_1000_parents_40_gen_8_loss_strong,averaged_one_step_switching_5_draws,16,53016,8,600,-0.13314627914244168,4.353649097463309,4.486795376605751,0.5608494220757189,0.369278398726386,0.7477992294342918,22.17690834363841,0.2550450540661907,0.2101401695021248,0.04014877444389218,0.5405396015101788,0.16037746452097779,0.9430240904123077,0.018218275115956133,0.019318992273029592,-0.11935446973793944,600.0,0.2748137799790129,0.34969305200502276,0.2691815432244141,0.3386075378542468,0.34969305200502276
h2_0.10_budget_75_pop_1000_parents_40_gen_8_loss_strong,averaged_one_step_switching_5_draws,17,53017,8,600,-0.13314627914244165,3.966753533894728,4.09989981303717,0.5124874766296461,0.4188235618538541,0.6833166355061949,21.59460350539556,0.30409271464297016,0.14818800049594855,0.14818800049594855,0.5656148546556792,0.14839946472642326,0.9430240904123077,0.04044534210862331,0.042888980801052336,-0.12441292365545686,600.0,0.19961570575105725,0.27038041274499847,0.24652149046288024,0.2963224566685204,1.0815216509799939
h2_0.10_budget_75_pop_1000_parents_40_gen_8_loss_strong,averaged_one_step_switching_5_draws,18,53018,8,600,-0.13314627914244165,4.028679609397026,4.161825888539467,0.5202282360674333,0.16294529851650164,0.6936376480899112,18.497429717694693,0.37390763319802073,0.5307406683291785,0.18063948297343058,0.5307406683291785,0.1260967942013472,0.9430240904123077,0.0880494111555774,0.09336920663085135,-0.1264558647591307,600.0,0.26148887850285973,0.33060303849197226,0.3225990109213187,0.40269775436770416,1.322412153967889
h2_0.10_budget_75_pop_1000_parents_40_gen_8_loss_strong,averaged_one_step_switching_5_draws,19,53019,8,600,-0.13314627914244165,3.5832074213358465,3.716353700478288,0.46454421255978606,0.5542495233045733,0.619392283413048,21.695753494265073,0.3436464869719558,0.2553197615963411,0.20813708028600852,0.5430873167413203,0.11992694856135255,0.9430240904123077,0.01158874262042036,0.01228891471410189,-0.11093616762960347,600.0,0.2255167693947442,0.31843584021553395,0.24766109403425726,0.34579611953250466,1.5921792010776699
h2_0.10_budget_75_pop_1000_parents_40_gen_8_loss_strong,averaged_one_step_switching_5_draws,20,53020,8,600,-0.13314627914244165,4.165170704857909,4.29831698400035,0.5372896230000438,0.4849889362341768,0.7163861640000584,23.467484278132417,0.20418531082982344,0.25357516208917014,-0.05146794232659846,0.3202614909012713,0.12362956840659649,0.9430240904123077,0.06991175023410008,0.07413569912464628,-0.12758466261941712,600.0,0.2237745377991814,0.3024659397895448,0.10378080998280792,0.19817222237378257,1.512329698947724
h2_0.10_budget_75_pop_500_parents_20_gen_8_loss_standard,averaged_one_step_switching_5_draws,1,46001,8,600,-0.15358107038566562,4.471906685654464,4.625487756040129,0.5781859695050162,0.31019451250784247,0.7709146260066881,23.499994058965584,0.3300619842335816,0.4821837595842615,0.06529985796766319,0.518421631885176,0.16352662791323266,0.9328830701969554,0.025685658888045155,0.027533631715089716,-0.12899642085588064,600.0,0.0997062225069385,0.1810459390108008,0.20468616858622368,0.22215036887543504,0.3620918780216016
h2_0.10_budget_75_pop_500_parents_20_gen_8_loss_standard,averaged_one_step_switching_5_draws,2,46002,8,600,-0.1027245830761125,4.1987113067421635,4.301435889818276,0.5376794862272845,0.39450576715168506,0.7169059816363793,22.835033821352667,0.34963139348098227,0.11211730182528368,0.11211730182528368,0.6227297983366801,0.18616565690756465,0.9630853530622459,0.027463193472139977,0.028515845853970725,-0.14311459912141442,600.0,0.11225778033258393,0.19658683565891502,0.235537086571898,0.29071319773688026,1.1795210139534902
h2_0.10_budget_75_pop_500_parents_20_gen_8_loss_standard,averaged_one_step_switching_5_draws,3,46003,8,600,-0.09827710072748659,2.8274619593686885,2.9257390600961752,0.36571738251202196,0.323334679268683,0.4876231766826959,16.92547556440961,0.2800345844019599,-0.3295695374829745,-0.3295695374829745,0.5051626302348113,0.26437588304110915,0.8938395897674415,0.02186906066785856,0.024466426547014364,-0.11803203280384297,600.0,0.14911588999287537,0.2075452663411852,0.21183675856668316,0.3235625870138485,0.6226357990235556
h2_0.10_budget_75_pop_500_parents_20_gen_8_loss_standard,averaged_one_step_switching_5_draws,4,46004,8,600,-0.12161553824407785,3.925708297772111,4.047323836016189,0.5059154795020235,0.48103301916588354,0.6745539726693649,22.631938606473135,0.3716138263113811,0.44338288117779207,0.15123888807266675,0.6106402263911302,0.15583303141802907,0.9652454665173729,0.031966736806892,0.033117727993303814,-0.10439229186282795,600.0,0.1469233815005282,0.20544201448501553,0.22081220756100955,0.2973108846252294,0.41088402897003107
h2_0.10_budget_75_pop_500_parents_20_gen_8_loss_standard,averaged_one_step_switching_5_draws,5,46005,8,600,-0.11269389976616878,3.209535900482504,3.3222298002486728,0.41527872503108404,0.395755820152412,0.5537049667081121,18.218417554712687,0.27872119340527546,0.08617578258919571,0.058871731933476314,0.720282195601009,0.2161779091712625,0.9238110936003788,0.006883868855662762,0.00745159795476604,-0.11482591666129699,600.0,0.16989841099712066,0.2311480133406197,0.2144369279926537,0.2438889306170361,0.6934440400218591
h2_0.10_budget_75_pop_500_parents_20_gen_8_loss_standard,averaged_one_step_switching_5_draws,6,46006,8,600,-0.13441540213315245,3.96153377995381,4.0959491820869625,0.5119936477608703,0.40753249172136996,0.6826581970144937,20.688387727811097,0.33280724508398074,0.34689549960611543,0.1488047403267217,0.5194882592401143,0.12937179340462976,0.9188420851116778,0.046045756538306275,0.05011280750457767,-0.1129133717253275,600.0,0.13027796899550595,0.18574537680251524,0.23421026156199728,0.2758538269542409,0.9287268840125762
h2_0.10_budget_75_pop_500_parents_20_gen_8_loss_standard,averaged_one_step_switching_5_draws,7,46007,8,600,-0.11237354173701801,4.25886970517645,4.371243246913468,0.5464054058641836,0.3480584139760513,0.7285405411522448,23.000465481657642,0.2924972907851313,0.24533977152137623,0.1275732634266838,0.47637634179680693,0.1271641770546135,1.0056918109688981,0.060788160177104957,0.060444123651102175,-0.1180758288327063,600.0,0.1094981892456417,0.16605026200704742,0.22872798772757214,0.36019332492823547,0.6642010480281897
h2_0.10_budget_75_pop_500_parents_20_gen_8_loss_standard,averaged_one_step_switching_5_draws,8,46008,8,600,-0.1339386587234621,4.13236371556113,4.266302374284592,0.533287796785574,0.4370849731111252,0.7110503957140987,23.14146905053158,0.3162147275586921,0.18214267946888676,0.09352672856294332,0.48883481998007366,0.14483101695887773,0.9576907921114222,0.041840559577885725,0.043689006851198586,-0.12621432720743542,600.0,0.10769670800073072,0.16214326000772417,0.12984686527734776,0.3370160941999303,0.32428652001544833
h2_0.10_budget_75_pop_500_parents_20_gen_8_loss_standard,averaged_one_step_switching_5_draws,9,46009,8,600,-0.1321294690871935,3.490885428853081,3.6230148979402745,0.4528768622425343,0.4100664328633415,0.6038358163233791,15.99664751041038,0.28806706665595155,0.11533324007590018,0.11533324007590018,0.42989512693458776,0.12683261780016158,0.9171809093641651,0.04425273047035636,0.04824863886562416,-0.13542598803908729,600.0,0.10548034649400506,0.16333593599847518,0.23731603798926765,0.27261418350524397,0.32667187199695036
h2_0.10_budget_75_pop_500_parents_20_gen_8_loss_standard,averaged_one_step_switching_5_draws,10,46010,8,600,-0.1453641670768424,2.8197398446327226,2.965104011709565,0.3706380014636955,0.3264239275532293,0.49418400195159423,15.983299157471448,0.29013658438249923,0.1803319055931888,0.053476800606741856,0.5531520355715783,0.14767147051581775,0.9591884092865915,0.02033702252117646,0.021202323051737432,-0.11421403029141271,600.0,0.095719469167913,0.15264046148998509,0.23069354178407508,0.23453764619659268,0.9158427689399105
h2_0.10_budget_75_pop_500_parents_20_gen_8_loss_standard,averaged_one_step_switching_5_draws,11,46011,8,600,-0.1511736489743485,3.6862197586205423,3.837393407594891,0.4796741759493613,0.3880011922761337,0.6395655679324818,21.679213941784546,0.3094031359644043,0.12116177751275575,0.0834460569648905,0.6314698299939617,0.20085128618480064,0.9294906954184053,0.05771295002694312,0.06209093895336299,-0.1351817256216968,600.0,0.12681806799567616,0.1947347153230415,0.28965109486890867,0.3854528535783878,0.5842041459691245
h2_0.10_budget_75_pop_500_parents_20_gen_8_loss_standard,averaged_one_step_switching_5_draws,12,46012,8,600,-0.12493351759054172,3.9967997032942333,4.121733220884775,0.5152166526105968,0.4091912270866865,0.6869555368141292,21.790070979715345,0.24169682466118828,0.26853957899795056,-0.12416723943334831,0.43077900677558817,0.17643991862696182,0.9296991564169846,0.035045017798092666,0.03769500870921994,-0.11958810509953618,600.0,0.13351267180405557,0.19865442460868507,0.13845048204805058,0.2992234376705987,0.9932721230434254
h2_0.10_budget_75_pop_500_parents_20_gen_8_loss_standard,averaged_one_step_switching_5_draws,13,46013,8,600,-0.13513448875260226,4.178936470140952,4.314070958893554,0.5392588698616944,0.21321435939935265,0.7190118264822589,20.354437231738704,0.36401281093017246,0.5927784993580923,0.2553154836163307,0.5927784993580923,0.12156426911305222,0.9943697848414195,0.030783202443023162,0.03095749982782554,-0.10285672114217731,600.0,0.0897680854977807,0.15800776898686308,0.23691055221913365,0.2803938399271818,0.31601553797372617
h2_0.10_budget_75_pop_500_parents_20_gen_8_loss_standard,averaged_one_step_switching_5_draws,14,46014,8,600,-0.16356057231649465,3.062151279179515,3.2257118514960097,0.40321398143700127,0.42447221765732923,0.5376186419160016,19.41733810545073,0.3060068680008243,0.32701834734292845,0.1275435196611475,0.4581678791156416,0.1119812718953918,0.9772063455808627,0.011335063278226667,0.011599457299357767,-0.11650836458486634,600.0,0.13659876380115749,0.20363204239984042,0.18058034051497118,0.3126003871364791,1.0181602119992021
h2_0.10_budget_75_pop_500_parents_20_gen_8_loss_standard,averaged_one_step_switching_5_draws,15,46015,8,600,-0.15889209443800145,3.1465845126477476,3.3054766070857493,0.4131845758857187,0.37152924615346655,0.5509127678476249,17.90718513342233,0.31028901736537096,-0.01657857170424652,-0.01657857170424652,0.6464366670388232,0.22838609707436863,0.903632304419768,0.005556237173870745,0.0061487810326108965,-0.11962886016909612,600.0,0.142934900597902,0.20048296240856872,0.30516354122803213,0.34008184792467305,1.0024148120428436
h2_0.10_budget_75_pop_500_parents_20_gen_8_loss_standard,averaged_one_step_switching_5_draws,16,46016,8,600,-0.13767033259210615,4.044446595978443,4.182116928570549,0.5227646160713186,0.3305801143821153,0.6970194880950915,20.753389670620336,0.3221741506857768,0.4630375502206083,0.16254447603343403,0.542950555528223,0.14670366224071305,0.9052118037280367,0.0019238867431917157,0.0021253442954105926,-0.12139513815297603,600.0,0.11759264548891224,0.1760971214971505,0.23369849262740763,0.2821644953773865,0.352194242994301
h2_0.10_budget_75_pop_500_parents_20_gen_8_loss_standard,averaged_one_step_switching_5_draws,17,46017,8,600,-0.11104789127380334,4.276484973626672,4.387532864900475,0.5484416081125594,0.40126569728434597,0.7312554774834126,23.422086471582556,0.43852139579666516,0.6153700778113024,0.03601081160761126,0.6326745227753066,0.22192399425190693,0.9968024197706749,0.0046343592713588445,0.004649225543036933,-0.1347586264120652,600.0,0.08484663434016208,0.15709484266699292,0.5201992657612812,0.5892878738457588,0.47128452800097875
h2_0.10_budget_75_pop_500_parents_20_gen_8_loss_standard,averaged_one_step_switching_5_draws,18,46018,8,600,-0.1978193828186799,3.295414775229377,3.493234158048057,0.43665426975600713,0.3536101728689026,0.5822056930080095,19.020673427336696,0.26196674990395363,-0.049629529742710045,-0.049629529742710045,0.5271681129992168,0.18769078178367637,0.9870408858300683,0.003149083690405576,0.0031904288217577755,-0.13011985444861765,600.0,0.08411313299438916,0.1408597850240767,0.10532888621684511,0.2905700392075521,0.1408597850240767
h2_0.10_budget_75_pop_500_parents_20_gen_8_loss_standard,averaged_one_step_switching_5_draws,19,46019,8,600,-0.18625006943753392,4.192102164231777,4.378352233669311,0.5472940292086638,0.31351363751718364,0.7297253722782184,22.180388947769025,0.29489138926022274,0.5499820947966455,-0.051785956357268036,0.5499820947966455,0.2117934685655866,1.0223740243436994,0.05223492778411989,0.051091798637637985,-0.11024272240548315,600.0,0.16245486680418253,0.23037576159695164,0.26663955365980685,0.29595900170702716,1.1518788079847582
h2_0.10_budget_75_pop_500_parents_20_gen_8_loss_standard,averaged_one_step_switching_5_draws,20,46020,8,600,-0.12065082135532045,4.235243415149616,4.355894236504936,0.544486779563117,0.41936745704663353,0.7259823727508227,23.211302737646534,0.33614250424247183,0.12859131409509483,-0.0959779684456037,0.5929641597054933,0.2423867345864654,1.0033184903116432,0.03469579821345219,0.03458104136272346,-0.11910891284466482,600.0,0.10780057966864358,0.16529675934968205,0.3793421978346263,0.4694579544199812,0.4958902780490462
h2_0.10_budget_75_pop_500_parents_20_gen_8_loss_strong,averaged_one_step_switching_5_draws,1,47001,8,600,-0.07379220660689782,3.4619593119631302,3.535751518570028,0.4419689398212535,0.5676199393990219,0.5892919197616714,20.450047355736075,0.25275661608224353,0.0,0.0,0.7000501167269724,0.2539753686264661,0.865649583971579,0.0,0.0,-0.12194930822636353,600.0,0.15794326151080895,0.21297837200108916,0.1090383852768189,0.349111502118345,0.4259567440021783
h2_0.10_budget_75_pop_500_parents_20_gen_8_loss_strong,averaged_one_step_switching_5_draws,2,47002,8,600,-0.13651468486513998,3.084076548802818,3.220591233667958,0.40257390420849465,0.2423483865802496,0.5367652056113263,16.84371977046329,0.3752060605537648,0.36275796608218513,0.20333093812702357,0.5421978263534201,0.11338415445402752,0.9236163387698402,0.006156847734310344,0.006666022974983983,-0.12490212461120656,600.0,0.1387677322491072,0.19417794850596692,0.3630270359141306,0.4341391599422496,0.7767117940238677
h2_0.10_budget_75_pop_500_parents_20_gen_8_loss_strong,averaged_one_step_switching_5_draws,3,47003,8,600,-0.11436011858660197,3.9796138360530016,4.093973954639604,0.5117467443299505,0.29048726370135014,0.682328992439934,20.51214469986101,0.3443007055058176,0.14601479590695218,0.14601479590695218,0.5664790520952476,0.12855967976247962,0.9607154456219076,0.059482250151479635,0.06191453507128171,-0.09269599983005193,600.0,0.10273727100381318,0.17377278001125282,0.18856082945101912,0.3446640154193313,0.5213183400337584
h2_0.10_budget_75_pop_500_parents_20_gen_8_loss_strong,averaged_one_step_switching_5_draws,4,47004,8,600,-0.12010924329832473,3.702382520137235,3.82249176343556,0.477811470429445,0.35605514258843435,0.6370819605725934,20.227534971462106,0.24368125502510857,0.053398303471531,0.053398303471531,0.5247132547514511,0.1673423941246916,0.9040529662931757,0.03606904673908868,0.03989705037635133,-0.10706364649534943,600.0,0.09592231999849901,0.15245952260447665,0.18443351718063555,0.20828277325585898,0.7622976130223833
h2_0.10_budget_75_pop_500_parents_20_gen_8_loss_strong,averaged_one_step_switching_5_draws,5,47005,8,600,-0.1460980857915241,4.048639810594665,4.194737896386189,0.5243422370482735,0.3087551793963809,0.6991229827310316,21.749608513503766,0.25059879366070725,0.4169786672309262,0.02768167386058079,0.49738794200879555,0.14788525563583896,0.9093844575062039,0.025562977823775427,0.028110198731432612,-0.10726425052509532,600.0,0.14216657499491703,0.20005009524902562,0.14065270327093093,0.159192690298202,0.8002003809961025
h2_0.10_budget_75_pop_500_parents_20_gen_8_loss_strong,averaged_one_step_switching_5_draws,6,47006,8,600,-0.16073099986275544,2.8866482836737304,3.0473792835364857,0.38092241044206065,0.4879577931227946,0.5078965472560809,19.02704386237405,0.3534527243561074,0.3054431516250794,0.18039879267313208,0.5426175236263638,0.13809670643174682,0.9228924994146499,0.0026242626071021195,0.0028435192709514636,-0.11120724213225512,600.0,0.15070282148371916,0.20797004700580146,0.3436346066449194,0.3844341095359183,0.4159400940116029
h2_0.10_budget_75_pop_500_parents_20_gen_8_loss_strong,averaged_one_step_switching_5_draws,7,47007,8,600,-0.13434952721405577,3.562023918590708,3.6963734458047637,0.4620466807255954,0.4083930725352591,0.6160622409674607,20.71709704609333,0.34119317163864005,0.3662434257564145,0.24241566027172937,0.4342989115990086,0.06418727517317346,0.8918489312200459,0.013468741967669694,0.01510204418728686,-0.1261169292663951,600.0,0.15981235350045608,0.22706981075316435,0.2738504637847492,0.33606903691891477,0.9082792430126574
h2_0.10_budget_75_pop_500_parents_20_gen_8_loss_strong,averaged_one_step_switching_5_draws,8,47008,8,600,-0.17963714918795434,4.404594945264036,4.58423209445199,0.5730290118064986,0.48594873567002034,0.764038682408665,25.59366429813996,0.3640630923891125,0.08232200998506745,0.08232200998506745,0.5931362857396499,0.1998732945369444,0.9440868380817562,0.001912347786527015,0.002025605812292247,-0.11439473332357598,600.0,0.09598760033259168,0.15267166100481214,0.16344599234991367,0.46025889705157713,0.45801498301443644
h2_0.10_budget_75_pop_500_parents_20_gen_8_loss_strong,averaged_one_step_switching_5_draws,9,47009,8,600,-0.1383519867443096,3.6042089745630017,3.742560961307311,0.46782012016341395,0.4293269016762355,0.6237601602178852,21.674931747050756,0.34746845817830674,0.521062032722611,0.15066560260838016,0.5629490994570038,0.1717986122702257,0.9180615345766419,0.002081915940117244,0.0022677302791879917,-0.1128257169974914,600.0,0.17545381333911791,0.23037148731721876,0.38384511348780787,0.44974832129981185,0.6911144619516563
h2_0.10_budget_75_pop_500_parents_20_gen_8_loss_strong,averaged_one_step_switching_5_draws,10,47010,8,600,-0.16951666518775174,4.644962037013623,4.814478702201375,0.6018098377751717,0.39780687711247353,0.8024131170335624,25.350710444123358,0.35029141975826494,0.23373102099307502,0.1963481642233026,0.6472608174403984,0.14615708819061593,0.9543032817507446,0.08270247284287782,0.08666267257422987,-0.106840450315381,600.0,0.1778020633306975,0.23810432900791056,0.1990418772295998,0.32285618424940915,0.7143129870237317
h2_0.10_budget_75_pop_500_parents_20_gen_8_loss_strong,averaged_one_step_switching_5_draws,11,47011,8,600,-0.18975249971810626,4.258351042881755,4.448103542599862,0.5560129428249827,0.4298777077176585,0.7413505904333103,23.83283137453754,0.35506026922303346,0.2210169562301606,-0.00547716769570278,0.5715910686840485,0.2157267714080272,0.9866732769093536,0.015574133903490673,0.01578448942316037,-0.14139627512358882,600.0,0.1759887570030211,0.23410497599979863,0.2744878716546965,0.35615384279452056,0.7023149279993959
h2_0.10_budget_75_pop_500_parents_20_gen_8_loss_strong,averaged_one_step_switching_5_draws,12,47012,8,600,-0.14569085456447087,3.560949005040904,3.706639859605375,0.46332998245067186,0.4240130332694694,0.6177733099342292,20.606338237007208,0.31378611250659477,0.06846684963792866,-0.04145726803872763,0.6052022482716964,0.20997703407737964,0.9425908304548931,0.0008061987357037336,0.0008553008470437413,-0.13891232754750457,600.0,0.1736228044028394,0.23153293019277044,0.2775982386294535,0.408390097839303,1.1576646509638522
h2_0.10_budget_75_pop_500_parents_20_gen_8_loss_strong,averaged_one_step_switching_5_draws,13,47013,8,600,-0.1148101934963806,2.3428408794047764,2.457651072901157,0.30720638411264445,0.25863002584693884,0.40960851215019284,13.39496559036799,0.2597922662098186,0.36120109863616423,-0.11863493268035304,0.5695724388714923,0.19567233055051073,0.931949499102874,0.01221627425096145,0.01310830067801018,-0.1030323514924605,600.0,0.12593244167025355,0.18177554667636286,0.1599601226467057,0.3096085938668924,1.0906532800581772
h2_0.10_budget_75_pop_500_parents_20_gen_8_loss_strong,averaged_one_step_switching_5_draws,14,47014,8,600,-0.11738610325327598,4.209607378911798,4.326993482165074,0.5408741852706342,0.4928044336535802,0.7211655803608457,23.91973666840139,0.39084060367886286,0.4369437852005053,0.1527336965449951,0.5512956480984569,0.125405552841744,0.9460082994117757,0.006749514807807716,0.007134731071603218,-0.11968548253551457,600.0,0.12836776367718508,0.1861272636645784,0.25437110153743775,0.35832479350212826,1.1167635819874704
h2_0.10_budget_75_pop_500_parents_20_gen_8_loss_strong,averaged_one_step_switching_5_draws,15,47015,8,600,-0.14882597566411448,2.8979673390983596,3.046793314762474,0.38084916434530924,0.3155619569373913,0.5077988857937457,16.63224493537023,0.22397990026001038,-0.3483213784629266,-0.3483213784629266,0.5329840566162056,0.2822470089799854,0.880690815987227,0.0143706874414141,0.016317517090609156,-0.11268592264770275,600.0,,,,,0.0
h2_0.10_budget_75_pop_500_parents_20_gen_8_loss_strong,averaged_one_step_switching_5_draws,16,47016,8,600,-0.09707175907768346,2.8587855292015156,2.955857288279199,0.36948216103489984,0.26945122409446765,0.4926428813798665,14.798267982371982,0.293156403002351,0.44445941494601493,0.08807567939354845,0.47227797755571266,0.13890201248229997,0.9112239183028075,0.04351041333044454,0.04774941971615988,-0.11105079708659199,600.0,0.08108362300845329,0.1373594564938685,0.1444643125714492,0.27231788356194536,0.274718912987737
h2_0.10_budget_75_pop_500_parents_20_gen_8_loss_strong,averaged_one_step_switching_5_draws,17,47017,8,600,-0.15843932766832433,3.7602490518559253,3.9186883795242498,0.4898360474405311,0.35145579158247997,0.6531147299207083,20.705127667568256,0.31469538099132977,0.43803004305330884,-0.15925634718921297,0.43803004305330884,0.19489933386925812,0.9062854742557366,0.00032133783594055944,0.00035456580191186427,-0.09715634258965605,600.0,0.1489559755063965,0.20840886823862093,0.26082607932967744,0.3547724552068415,0.8336354729544837
h2_0.10_budget_75_pop_500_parents_20_gen_8_loss_strong,averaged_one_step_switching_5_draws,18,47018,8,600,-0.16035825821705757,3.6845617254330065,3.844919983650064,0.48061499795625806,0.5083849680962964,0.6408199972750107,21.43691682845559,0.26855361621485696,0.21806037528397554,-0.08360133736592976,0.6571981999281068,0.21453211546228484,0.8629194128937618,0.01439320029003153,0.01667965753808293,-0.11352701680155969,600.0,0.11682357639656402,0.18245981298969127,0.2141654050369513,0.35497292696628163,0.9122990649484564
h2_0.10_budget_75_pop_500_parents_20_gen_8_loss_strong,averaged_one_step_switching_5_draws,19,47019,8,600,-0.10532550691595652,3.2142347337553763,3.3195602406713327,0.4149450300839166,0.3876350373654065,0.5532600401118888,17.97114185936698,0.29198108454035976,0.0808919752335471,-0.12373745519559974,0.5273749098938514,0.22894121140817625,0.907709544752163,0.029125799615202518,0.032087136004673056,-0.11468225678891475,600.0,0.17656376150262076,0.24033658800181001,0.3863855698026464,0.4465419422609725,0.48067317600362003
h2_0.10_budget_75_pop_500_parents_20_gen_8_loss_strong,averaged_one_step_switching_5_draws,20,47020,8,600,-0.1525301525970852,3.6541447214928344,3.8066748740899197,0.47583435926124,0.3828749894169562,0.6344458123483199,20.898147770946984,0.25735928327387536,0.046629213102161726,-0.015806486890546246,0.48402433943325884,0.16824071309265334,1.043797511376185,0.02024218976120789,0.019392831981865682,-0.12045907490572731,600.0,0.14107651449739933,0.23232423400622793,0.03199548122115833,0.1320510038520282,0.46464846801245585
h2_0.10_budget_75_pop_500_parents_40_gen_8_loss_standard,averaged_one_step_switching_5_draws,1,48001,8,600,-0.13700974808073574,4.502377247104929,4.6393869951856646,0.579923374398208,0.2591008153998875,0.7732311658642774,18.973303062828265,0.3466951972640724,0.43437495000345583,0.08183408599076464,0.5207286834667859,0.14875202825801928,0.9648094852321855,0.17878478728404162,0.18530579354847068,-0.09367405306332488,600.0,0.18917957750090864,0.2522453680066974,0.04735372041543105,0.34029688136370917,1.0089814720267896
h2_0.10_budget_75_pop_500_parents_40_gen_8_loss_standard,averaged_one_step_switching_5_draws,2,48002,8,600,-0.14021349301621364,3.3115471317060083,3.451760624722222,0.4314700780902778,0.31205143871803404,0.5752934374537038,18.477636527216642,0.24770077243300975,0.13286131429542994,0.13286131429542994,0.33492367638130666,0.08163218997744612,0.9230062410660256,0.14993128445567325,0.16243799639156306,-0.09035333458551092,600.0,0.16525244299555197,0.23663230633246712,0.05773006472678736,0.2584763438786543,0.7098969189974014
h2_0.10_budget_75_pop_500_parents_40_gen_8_loss_standard,averaged_one_step_switching_5_draws,3,48003,8,600,-0.1629775774685069,2.6660327026449666,2.8290102801134736,0.35362628501418414,0.1852572793879067,0.4715017133522456,13.460426774554254,0.23530950902176456,0.38134572301546066,0.06248104749606311,0.38134572301546066,0.11304050397981287,0.8955963180717056,0.024303712926933025,0.02713690580959619,-0.11068101632017026,600.0,0.12298261267521109,0.19688429566061436,0.2172233931288459,0.1929388760386536,0.590652886981843
h2_0.10_budget_75_pop_500_parents_40_gen_8_loss_standard,averaged_one_step_switching_5_draws,4,48004,8,600,-0.15440646430788477,3.892498953778001,4.046905418085886,0.5058631772607358,0.2396858496765844,0.6744842363476476,19.70197704450699,0.24140509852555037,0.19983776729720276,0.14577540213720744,0.3482832113692722,0.07771879474979489,0.9728928676924616,0.2622464437488588,0.2695532596213428,-0.09624750599070726,600.0,0.10482805265928619,0.1794778733262016,0.24573522886526886,0.2791905602741483,0.5384336199786048
h2_0.10_budget_75_pop_500_parents_40_gen_8_loss_standard,averaged_one_step_switching_5_draws,5,48005,8,600,-0.1066927371136064,2.7857967735173714,2.892489510630978,0.3615611888288722,0.16993877076870278,0.4820815851051629,12.385718122169473,0.24324371314875293,0.13985292916638598,0.13985292916638598,0.3916934991194656,0.0941981782849719,0.8791951819618193,0.19020808732103942,0.2163434140944821,-0.0772455597606996,600.0,0.08081183175818296,0.1479583980035386,0.20027273577460483,0.3051844564817618,0.5918335920141544
h2_0.10_budget_75_pop_500_parents_40_gen_8_loss_standard,averaged_one_step_switching_5_draws,6,48006,8,600,-0.19987343283439782,3.438736354513108,3.638609787347506,0.4548262234184383,0.2914509375879497,0.6064349645579177,16.885093006598783,0.33052780677061416,-0.022995309002509606,-0.022995309002509606,0.5270617088908597,0.16532735427977927,0.9886766557300865,0.11997316774147332,0.12134722413657006,-0.12131090123445165,600.0,0.1331536284997128,0.21762134749587858,0.1979498746881901,0.2903788021021154,0.8704853899835143
h2_0.10_budget_75_pop_500_parents_40_gen_8_loss_standard,averaged_one_step_switching_5_draws,7,48007,8,600,-0.10971051972586637,3.959684350445711,4.069394870171577,0.5086743587714473,0.37530329636489157,0.6782324783619296,21.670610721470226,0.2797203676157226,0.5329895037773617,0.007221851259361498,0.5329895037773617,0.16131964265725465,1.0220031051906724,0.08394579437689821,0.08213849248651418,-0.12277071803475524,600.0,0.15936256299513238,0.23079300266787564,0.22587823904826923,0.2473176880768563,1.384758016007254
h2_0.10_budget_75_pop_500_parents_40_gen_8_loss_standard,averaged_one_step_switching_5_draws,8,48008,8,600,-0.0917008701228715,3.5758180430463624,3.667518913169234,0.4584398641461543,0.34551768633473906,0.6112531521948723,19.217478040236415,0.30397601255828016,0.211710693781026,0.20887229514492162,0.617108269197964,0.13981806255645995,0.8955267990995963,0.013999488259014347,0.015632684887923035,-0.14177633496183575,600.0,0.13409515200570846,0.2046680783290261,0.3156220296506131,0.3166978554218924,0.6140042349870782
h2_0.10_budget_75_pop_500_parents_40_gen_8_loss_standard,averaged_one_step_switching_5_draws,9,48009,8,600,-0.09294201049329928,3.8325038514153995,3.925445861908699,0.4906807327385873,0.3026537346431867,0.6542409769847831,19.880568750283615,0.28881315474688607,0.44799654889435164,0.07718537617533046,0.44799654889435164,0.11409776883634508,0.9019824280710114,0.06408824574909087,0.07105265441384555,-0.12205875196809811,600.0,0.16695277279941365,0.2261881716141943,0.15945510085721382,0.25874616919357946,1.1309408580709714
h2_0.10_budget_75_pop_500_parents_40_gen_8_loss_standard,averaged_one_step_switching_5_draws,10,48010,8,600,-0.15602379876698236,3.3505060990819278,3.5065298978489103,0.43831623723111374,0.30591925088409944,0.584421649641485,18.677866604885487,0.289000854847273,0.07013564701305658,0.029911765910605778,0.4848228388784042,0.18804647698327037,0.9503577433221738,0.06793081260932264,0.07147920147612657,-0.12123426498324984,600.0,0.11384926449682098,0.17152495549817104,0.062485606861840036,0.07269545486562404,0.3430499109963421
h2_0.10_budget_75_pop_500_parents_40_gen_8_loss_standard,averaged_one_step_switching_5_draws,11,48011,8,600,-0.17710749308570542,4.516227630841586,4.693335123927291,0.5866668904909111,0.26160395770585865,0.7822225206545484,22.47517263254437,0.385384500547109,0.33117960694022763,0.2440244786422961,0.6149626646014744,0.12805764901793246,0.9585282763121199,0.0549259306221806,0.05730235818760072,-0.1258578417720668,600.0,0.17416872175090248,0.23077560375531903,0.25383552930722614,0.36263749760664654,0.9231024150212761
h2_0.10_budget_75_pop_500_parents_40_gen_8_loss_standard,averaged_one_step_switching_5_draws,12,48012,8,600,-0.08966407803868143,3.7656942246975205,3.8553583027362017,0.4819197878420252,0.34258583156016137,0.6425597171227003,18.7590940535422,0.36880111397938153,0.4392559600956677,0.12718108176258514,0.5470977528608543,0.14047889500197816,0.9470558269600218,0.019684899951038077,0.020785363851490286,-0.13309107331621506,600.0,0.1090620242539444,0.1655023322600755,0.3135553435556828,0.38527760039284004,0.662009329040302
h2_0.10_budget_75_pop_500_parents_40_gen_8_loss_standard,averaged_one_step_switching_5_draws,13,48013,8,600,-0.10183717387773034,4.086772532381484,4.188609706259214,0.5235762132824018,0.15267318597819443,0.698101617709869,16.840406196002306,0.3651386501462062,0.6109604809742808,0.24455182420148014,0.6109604809742808,0.12094250815319119,0.8946060555098155,0.12332753214057095,0.13785680454654356,-0.09061871654876237,600.0,0.14177599234002022,0.1933407286705915,0.3349376139661621,0.3779732139576833,0.5800221860117745
h2_0.10_budget_75_pop_500_parents_40_gen_8_loss_standard,averaged_one_step_switching_5_draws,14,48014,8,600,-0.1537812494082127,3.134700656857121,3.288481906265334,0.41106023828316673,0.3700626598022422,0.5480803177108889,15.450090394078307,0.20552941290251978,0.11526939175020014,-0.033780175815072526,0.511291600283665,0.19138939068165894,0.9119981348059087,0.19963929286801668,0.2189031811019042,-0.08697093737333532,600.0,0.18987956250202842,0.24900987348519266,0.14809310816291377,0.12601217773121615,0.4980197469703853
h2_0.10_budget_75_pop_500_parents_40_gen_8_loss_standard,averaged_one_step_switching_5_draws,15,48015,8,600,-0.1717221845585173,3.559753384610047,3.7314755691685644,0.46643444614607055,0.21058429289731284,0.6219125948614274,18.168685966638858,0.3081296561196557,0.3682985426551065,-0.06454917692327475,0.48601450688202924,0.16743731907755358,0.9500980828087491,0.1606824156691106,0.16912192391136033,-0.11752849846156893,600.0,0.12000312698849787,0.17503486566905244,0.16985683022436204,0.19403821925118722,0.5251045970071573
h2_0.10_budget_75_pop_500_parents_40_gen_8_loss_standard,averaged_one_step_switching_5_draws,16,48016,8,600,-0.17812028747833,3.261887508875542,3.4400077963538718,0.430000974544234,0.16199384649536877,0.5733346327256453,14.121844773488249,0.29797649013979416,0.4340930709282669,0.10024569521523509,0.4789965443394191,0.14818511276893662,0.8884417651262494,0.2252464071683197,0.2535297371306174,-0.0788598077202424,600.0,0.11886160200810991,0.17375663998730792,0.265895096551152,0.3862700250919304,0.5212699199619237
h2_0.10_budget_75_pop_500_parents_40_gen_8_loss_standard,averaged_one_step_switching_5_draws,17,48017,8,600,-0.16556221075536426,3.3224707606854817,3.488032971440846,0.4360041214301057,0.2921113129525045,0.5813388285734743,17.89367722809842,0.2695119130201891,0.37328072340379154,0.07925850362467322,0.3814598522112283,0.10656312027673721,0.904498625973165,0.04479346890523408,0.04952298170385836,-0.1355498467694502,600.0,0.1385385795001639,0.20688636449631304,0.2884705098640322,0.3773702878075099,0.41377272899262607
h2_0.10_budget_75_pop_500_parents_40_gen_8_loss_standard,averaged_one_step_switching_5_draws,18,48018,8,600,-0.139427832754519,3.0641353768523265,3.2035632096068456,0.40044540120085564,0.4137740467106526,0.5339272016011409,18.20727604190987,0.33263455676820597,0.0736400253507585,0.0736400253507585,0.629784969983075,0.18149964232727134,0.9683536107859725,0.0426028732396536,0.043995161235650906,-0.1267705884887473,600.0,0.12557296799786855,0.18746655399445444,0.3741179972738639,0.37460723576908106,0.3749331079889089
h2_0.10_budget_75_pop_500_parents_40_gen_8_loss_standard,averaged_one_step_switching_5_draws,19,48019,8,600,-0.13202559843684145,3.5196198839325694,3.651645482369411,0.4564556852961764,0.25966706420366165,0.6086075803949018,17.456211848274584,0.34586092439750427,0.30148430112977687,0.2069457351720764,0.4735582324286962,0.1084812926847172,0.9488177692901608,0.16582199584757681,0.17476695864542383,-0.11521910925793376,600.0,0.1559594515056233,0.2132545124986791,0.31599769390550425,0.3401820030469557,0.8530180499947164
h2_0.10_budget_75_pop_500_parents_40_gen_8_loss_standard,averaged_one_step_switching_5_draws,20,48020,8,600,-0.13496203762567824,3.580428143285795,3.7153901809114735,0.4644237726139342,0.27487048826781074,0.6192316968185789,18.284999608938254,0.30734062775376403,0.22110278414117426,0.11889782681345254,0.4387511875599486,0.11801240234584859,0.9558629124266529,0.059875431916520526,0.06264018735125368,-0.14041796935389317,600.0,0.14975631673587486,0.20830529425438726,0.1673919384812422,0.25176180162402384,0.833221177017549
h2_0.10_budget_75_pop_500_parents_40_gen_8_loss_strong,averaged_one_step_switching_5_draws,1,49001,8,600,-0.1338980816925797,3.3981564406085063,3.532054522301086,0.4415068152876357,0.548512663685496,0.5886757537168477,19.52626778041173,0.33231667967545286,0.28565340160638375,0.13878616460274673,0.6437367478139554,0.1577257203528557,0.9740909749934731,0.0028759133002216257,0.002952407294648116,-0.14109501400444396,600.0,0.13715638600600263,0.1949228699959349,0.3023969297709635,0.49612254575873305,0.5847686099878047
h2_0.10_budget_75_pop_500_parents_40_gen_8_loss_strong,averaged_one_step_switching_5_draws,2,49002,8,600,-0.17372688314276763,3.2109254861575716,3.384652369300339,0.42308154616254245,0.5114279800380613,0.5641087282167232,19.710714696649394,0.2925901631700035,0.25058616771501124,0.07571029984153847,0.6016821804454859,0.17686251397253375,0.9481257470471071,0.021441921932376158,0.022615061345139093,-0.12386683423083032,600.0,0.1261773620014234,0.18572589200145254,0.3234324673873593,0.40996461909940135,0.5571776760043576
h2_0.10_budget_75_pop_500_parents_40_gen_8_loss_strong,averaged_one_step_switching_5_draws,3,49003,8,600,-0.13603041888388626,4.630563325008773,4.76659374389266,0.5958242179865825,0.25686678810009406,0.7944322906487767,21.76233790966299,0.366053751484356,0.4355827621765441,0.07138433521365053,0.5316559568981231,0.15793609446861948,0.9326433279675402,0.1317522916686905,0.14126760758135828,-0.11360147817853386,600.0,0.16483628599962685,0.22250042525411118,0.17672781727953582,0.27760459980297336,0.8900017010164447
h2_0.10_budget_75_pop_500_parents_40_gen_8_loss_strong,averaged_one_step_switching_5_draws,4,49004,8,600,-0.10520815819187329,3.730877209144192,3.8360853673360653,0.47951067091700816,0.320128967782367,0.6393475612226776,19.72928877065553,0.290507740137145,-0.16651930383144697,-0.16651930383144697,0.5707654522717831,0.24221438092519726,0.9367828886929391,0.011538161344053475,0.012316793446293915,-0.1401851006272092,600.0,0.06446044499170966,0.16616475698538125,0.48424793116467385,0.5557974736658485,0.16616475698538125
h2_0.10_budget_75_pop_500_parents_40_gen_8_loss_strong,averaged_one_step_switching_5_draws,5,49005,8,600,-0.12146749435703431,3.973959885257781,4.095427379614815,0.5119284224518519,0.33681129751179756,0.6825712299358024,18.91549253632472,0.33477974139684935,0.5111492175332709,0.11170009342708585,0.5111492175332709,0.15096107338574996,0.9660255778491539,0.08912045816284965,0.09225476033592758,-0.11136910501501615,600.0,0.1332192166126333,0.19280338959652,0.35154894450896046,0.3887652265298153,0.9640169479826
h2_0.10_budget_75_pop_500_parents_40_gen_8_loss_strong,averaged_one_step_switching_5_draws,6,49006,8,600,-0.19780777106018155,2.4183401876722797,2.616147958732461,0.32701849484155765,0.25385822932114965,0.43602465978874355,13.35608898892642,0.22969387042056882,0.1970741572211086,0.017836385776883873,0.5403997869658158,0.1594271858632972,0.9209100919723354,0.015523271337261033,0.016856446109754827,-0.1202383006167237,600.0,0.08895836749434238,0.13907607350847684,0.19936222787552213,0.24774986940747742,0.5563042940339074
h2_0.10_budget_75_pop_500_parents_40_gen_8_loss_strong,averaged_one_step_switching_5_draws,7,49007,8,600,-0.18666059526658108,4.972449864125881,5.159110459392462,0.6448888074240577,0.2578160352551733,0.8598517432320769,24.054352703230634,0.38739989479135306,0.3950922421904737,0.20390546719940048,0.6537839452165242,0.16603582431604225,0.9529772093380504,0.08022403487295728,0.08418253247491812,-0.13549451855373426,600.0,0.13017553075769683,0.187894719747419,0.21577452312164097,0.3768913965269536,0.751578878989676
h2_0.10_budget_75_pop_500_parents_40_gen_8_loss_strong,averaged_one_step_switching_5_draws,8,49008,8,600,-0.16451134950970206,3.7923144427773665,3.9568257922870687,0.49460322403588364,0.24909267050939235,0.6594709653811781,17.380500583771177,0.25524862017529026,0.5291713483117116,-0.09773977045476474,0.5291713483117116,0.1916901454312673,0.9357506994286939,0.05967960811186591,0.06377725194146501,-0.11047484621014904,600.0,0.11407851880649104,0.17004415899864397,0.18977006843539762,0.3607834308451484,0.8502207949932199
h2_0.10_budget_75_pop_500_parents_40_gen_8_loss_strong,averaged_one_step_switching_5_draws,9,49009,8,600,-0.1246930234694225,3.4698896090349627,3.5945826325043853,0.4493228290630482,0.41130479219015875,0.5990971054173976,19.5288194580993,0.373169788721561,0.0558252011014468,0.0558252011014468,0.629602689536278,0.1731962718234404,0.9469461193611782,0.05587883236536867,0.05900951619408423,-0.1256328028028534,600.0,0.05561720600235276,0.10346527499496005,0.2498069579570863,0.4295003685293104,0.10346527499496005
h2_0.10_budget_75_pop_500_parents_40_gen_8_loss_strong,averaged_one_step_switching_5_draws,10,49010,8,600,-0.20520896487589962,3.466845812724839,3.6720547776007386,0.4590068472000923,0.3586157618686742,0.6120091296001231,20.10546296676592,0.34668786976882404,0.09177199760856262,0.015594369751821302,0.6891274791103505,0.24213630147240592,0.9641832269420565,0.0017736494346489934,0.0018395356661349415,-0.13526037198482488,600.0,0.11069591366685927,0.16309986267394075,0.1985181166084772,0.35015000405708024,0.4892995880218223
h2_0.10_budget_75_pop_500_parents_40_gen_8_loss_strong,averaged_one_step_switching_5_draws,11,49011,8,600,-0.12678075785752105,4.59294201282364,4.719722770681161,0.5899653463351453,0.40883355672890553,0.7866204617801934,23.810916003160134,0.3511636367882998,0.0400533732885893,0.0400533732885893,0.5636651456944453,0.18436187763183842,0.9498569543103903,0.06455264832664118,0.06796038922882584,-0.1334167395153548,600.0,0.15054481850529555,0.21066722349496558,0.2351794568081852,0.30185925949151726,0.42133444698993117
h2_0.10_budget_75_pop_500_parents_40_gen_8_loss_strong,averaged_one_step_switching_5_draws,12,49012,8,600,-0.1753407190412823,4.058139082919979,4.233479801961261,0.5291849752451576,0.22488333799860513,0.7055799669935435,19.322659014286497,0.3495271724483294,0.0037128732108479496,0.0037128732108479496,0.5999081218278315,0.21555999530578412,0.970405462901458,0.03729032006306041,0.03842756609341877,-0.12165820780149837,600.0,0.14994449539808558,0.2062134030042216,0.21202871361865094,0.25133716840661935,1.031067015021108
h2_0.10_budget_75_pop_500_parents_40_gen_8_loss_strong,averaged_one_step_switching_5_draws,13,49013,8,600,-0.13114600392219944,4.0745147772522,4.2056607811744,0.5257075976468,0.26344627660834025,0.7009434635290667,20.358835924954658,0.3473163362834878,0.34983935113716474,0.12311771370517202,0.4371829650232061,0.09685848294192252,0.9351224507393203,0.04344861887404163,0.04646302614132574,-0.11812435630767959,600.0,0.11332382374530425,0.19683621075819246,0.31635646316199606,0.3605599230013234,0.7873448430327699
h2_0.10_budget_75_pop_500_parents_40_gen_8_loss_strong,averaged_one_step_switching_5_draws,14,49014,8,600,-0.12918936917596877,3.2254094824201895,3.3545988515961582,0.4193248564495199,0.25170952549249065,0.5590998085993597,17.60392560724893,0.3192067791527373,0.44413365043648706,0.1626007545276858,0.5156103705110894,0.11130045827652238,0.9975602642059256,0.01531072697026028,0.01534817245597475,-0.11692285004712404,600.0,0.13276983280084095,0.18908345479867422,0.24738860088358958,0.3033538600987543,0.945417273993371
h2_0.10_budget_75_pop_500_parents_40_gen_8_loss_strong,averaged_one_step_switching_5_draws,15,49015,8,600,-0.14828783253694958,4.277861345627226,4.4261491781641755,0.5532686472705219,0.1919461944195585,0.7376915296940292,20.363270101188625,0.3677408425471855,0.6156377987159051,0.06926956680118357,0.6156377987159051,0.1834095176629901,0.9485444660303715,0.031432299614273594,0.03313740234637262,-0.12148801314714366,600.0,0.19086190400412306,0.25039237597957253,0.1603158428281394,0.23741047795002715,0.5007847519591451
h2_0.10_budget_75_pop_500_parents_40_gen_8_loss_strong,averaged_one_step_switching_5_draws,16,49016,8,600,-0.0950424075499712,3.1873392181206666,3.282381625670638,0.41029770320882974,0.27903436622464667,0.5470636042784397,15.581670116438794,0.3321232189478707,0.1577097272957425,0.1577097272957425,0.540368681633601,0.11642904688000905,0.9468625048690812,0.06778579700934113,0.07158990525104128,-0.11874233894791562,600.0,0.15218224198906682,0.21021847250813153,0.3176686091732579,0.36333878926151697,0.42043694501626305
h2_0.10_budget_75_pop_500_parents_40_gen_8_loss_strong,averaged_one_step_switching_5_draws,17,49017,8,600,-0.0738803098891241,4.085358344567568,4.159238654456692,0.5199048318070865,0.3669659758141756,0.6932064424094486,21.69353903130366,0.40176941886715895,0.19267278176123973,0.19267278176123973,0.6685341704517166,0.17282212864680804,0.9236096842351706,0.02766509850168054,0.029953235629604353,-0.13399950176578246,600.0,0.1230271180102136,0.18320239000604488,0.40942630119506673,0.43060347610647814,0.36640478001208976
h2_0.10_budget_75_pop_500_parents_40_gen_8_loss_strong,averaged_one_step_switching_5_draws,18,49018,8,600,-0.07479736794451046,3.034890704589533,3.1096880725340434,0.38871100906675543,0.3165663327050958,0.5182813454223406,16.99932360581534,0.353440094905242,0.3803284846069666,0.16117051680570935,0.5980148096494758,0.16649902762528151,0.9467273875319214,0.02854471611687479,0.030150935203522175,-0.12515241879324937,600.0,0.17028739065669166,0.24499000099604018,0.34627225298294984,0.378753104956288,0.7349700029881205
h2_0.10_budget_75_pop_500_parents_40_gen_8_loss_strong,averaged_one_step_switching_5_draws,19,49019,8,600,-0.16605028659197144,3.161490963667031,3.3275412502590025,0.41594265628237537,0.2983364539926408,0.5545902083765004,17.25423456771366,0.422022327762249,0.04790018105337102,0.04790018105337102,0.7037540365581657,0.20890055103031258,0.993310837864537,0.00017931013838877637,0.00018051765021940677,-0.1433538243164959,600.0,0.11998847432550974,0.17375722634218013,0.4216365773892699,0.5054617376177056,0.5212716790265404
h2_0.10_budget_75_pop_500_parents_40_gen_8_loss_strong,averaged_one_step_switching_5_draws,20,49020,8,600,-0.14644506634830898,3.629007922124915,3.775452988473224,0.471931623559153,0.18415167375367283,0.6292421647455373,16.750202963299873,0.3540523208159641,0.25414614517862394,0.09314932147884197,0.5522020788060962,0.15707836184216414,0.9436681180094915,0.11321279523207195,0.11997098669697057,-0.12693918990899528,600.0,0.12154385832642826,0.1770352469854212,0.19224560361846324,0.22074476028489953,0.5311057409562636
h2_0.20_budget_200_pop_1000_parents_20_gen_8_loss_standard,averaged_one_step_switching_5_draws,1,74001,8,1600,-0.13314627914244165,2.872496927942268,3.0056432070847094,0.3757054008855886,0.6347852205276017,0.18785270044279434,20.144347259619103,0.31163502633977874,0.1038789687085297,0.1038789687085297,0.5064302631913717,0.14693621792583253,0.9430240904123077,0.0,0.0,-0.08821340679742783,1600.0,0.1839952430066963,0.2651019389935148,0.32235169002814135,0.3752975256355598,0.7953058169805445
h2_0.20_budget_200_pop_1000_parents_20_gen_8_loss_standard,averaged_one_step_switching_5_draws,2,74002,8,1600,-0.13314627914244165,5.2426576277626555,5.375803906905097,0.6719754883631373,0.44602687544442415,0.33598774418156857,28.682232613215167,0.42582101856575955,0.3471118206867915,0.31542050349321527,0.624706044163032,0.10483483521806694,0.9430240904123077,0.006931138956725794,0.00734990656887182,-0.11414828642768478,1600.0,0.24911837079562246,0.33558561880490745,0.22630856541772482,0.4702927154345651,1.6779280940245371
h2_0.20_budget_200_pop_1000_parents_20_gen_8_loss_standard,averaged_one_step_switching_5_draws,3,74003,8,1600,-0.13314627914244168,4.695445282436465,4.828591561578906,0.6035739451973632,0.451801065479273,0.30178697259868165,26.490488526870443,0.3610763379558488,0.5310451320782068,0.01821178198264266,0.5310451320782068,0.1662349293078308,0.9430240904123077,0.004666635828571784,0.004948586018127536,-0.11569513088813459,1600.0,0.10951538133667782,0.1844932216530045,0.19867127002963877,0.2840780695902188,0.5534796649590135
h2_0.20_budget_200_pop_1000_parents_20_gen_8_loss_standard,averaged_one_step_switching_5_draws,4,74004,8,1600,-0.13314627914244165,4.480494850791538,4.6136411299339795,0.5767051412417473,0.5467666840952219,0.2883525706208737,27.308188270892934,0.33504736642295085,0.45795870434675273,-0.012168694238854907,0.5149695648123426,0.17952439899182396,0.9430240904123077,0.0,0.0,-0.10474297215717673,1600.0,0.2099967057991307,0.2933405725983903,0.0032851043007605827,0.25437565972132115,1.4667028629919514
h2_0.20_budget_200_pop_1000_parents_20_gen_8_loss_standard,averaged_one_step_switching_5_draws,5,74005,8,1600,-0.13314627914244165,4.672389287310521,4.805535566452963,0.6006919458066203,0.5838814320756535,0.30034597290331017,28.65078171983506,0.4395868552908059,0.27932201459074474,0.27932201459074474,0.660323268012232,0.11248470111655733,0.9430240904123077,0.0,0.0,-0.10327279695537984,1600.0,0.22163627900299615,0.30574229499907235,0.1637713575960862,0.4658676245808463,1.5287114749953616
h2_0.20_budget_200_pop_1000_parents_20_gen_8_loss_standard,averaged_one_step_switching_5_draws,6,74006,8,1600,-0.13314627914244165,4.366380572923868,4.499526852066309,0.5624408565082888,0.5381251785674885,0.28122042825414434,26.078857615395666,0.3461823976076194,-0.009786013888078387,-0.009786013888078387,0.6030373150381427,0.1726716190923011,0.9430240904123077,0.006226482485122112,0.006602675953272601,-0.10738831097356046,1600.0,0.2524073773335355,0.33402872933462885,0.41379864090026236,0.43853320133385276,1.0020861880038865
h2_0.20_budget_200_pop_1000_parents_20_gen_8_loss_standard,averaged_one_step_switching_5_draws,7,74007,8,1600,-0.13314627914244165,6.071977916049613,6.205124195192054,0.7756405243990065,0.535460619407597,0.3878202621995034,33.17898389627604,0.4441619812770964,0.49011961389735,0.21117014171737003,0.5458043367185916,0.11474244142490757,0.9430240904123077,0.04345816778721871,0.04608383627635429,-0.12147141160519835,1600.0,0.20702492666896433,0.2888724736694712,0.25737218587428584,0.34960834245433575,0.8666174210084137
h2_0.20_budget_200_pop_1000_parents_20_gen_8_loss_standard,averaged_one_step_switching_5_draws,8,74008,8,1600,-0.13314627914244168,4.628017325897053,4.761163605039495,0.595145450629937,0.49511329084744987,0.2975727253149684,26.944179266276024,0.3783348556068846,0.36394458537774593,0.05870246509197927,0.5655411820030534,0.16841530546836073,0.9430240904123077,0.0009577887983760203,0.0010156567664748174,-0.1233264052409954,1600.0,0.22173074675083626,0.3190031117410399,0.40087861875143865,0.4610095030898993,1.2760124469641596
h2_0.20_budget_200_pop_1000_parents_20_gen_8_loss_standard,averaged_one_step_switching_5_draws,9,74009,8,1600,-0.13314627914244165,5.065286153991619,5.198432433134061,0.6498040541417573,0.5445231772531811,0.3249020270708788,29.232385311787404,0.39985851865406835,0.16374608766685925,0.14550892210829194,0.6586221904328682,0.1864945773823849,0.9430240904123077,0.0027530985736910854,0.0029194361010304406,-0.10371812351653971,1600.0,0.23940008049976313,0.3201850494951941,0.39801465024557175,0.495009693009247,1.2807401979807764
h2_0.20_budget_200_pop_1000_parents_20_gen_8_loss_standard,averaged_one_step_switching_5_draws,10,74010,8,1600,-0.13314627914244165,5.546009928822378,5.6791562079648195,0.7098945259956025,0.5940522544337902,0.3549472629978012,32.40805780644146,0.3461837534225847,-0.006936073324361212,-0.006936073324361212,0.5342879205500353,0.22597477653619122,0.9430240904123077,0.024271404870583803,0.02573784181904822,-0.11842198316603458,1600.0,0.21491336350057585,0.3024447451607557,0.3188865326942727,0.4155190473230465,1.8146684709645342
h2_0.20_budget_200_pop_1000_parents_20_gen_8_loss_standard,averaged_one_step_switching_5_draws,11,74011,8,1600,-0.13314627914244165,4.238390394163488,4.37153667330593,0.5464420841632412,0.5730958054580053,0.2732210420816206,25.963549315055506,0.37182126231872914,0.3191792648282694,0.15616306769535812,0.5800682928183678,0.16050865067931752,0.9430240904123077,0.016861986249254696,0.01788075874274041,-0.09641893078098702,1600.0,0.15797290619811974,0.2402662537933793,0.3695533207995447,0.45471411732662936,1.2013312689668965
h2_0.20_budget_200_pop_1000_parents_20_gen_8_loss_standard,averaged_one_step_switching_5_draws,12,74012,8,1600,-0.13314627914244165,4.366452229729446,4.4995985088718875,0.562449813608986,0.46692929538669026,0.28122490680449297,25.203413611118354,0.3706348593226079,0.3188588242450153,0.2510225087499624,0.5955317097341478,0.10829149836250815,0.9430240904123077,0.018235109682163866,0.019336843955058598,-0.10540028454747839,1600.0,0.23856922174309148,0.3393381897476502,0.24161508340720783,0.33725544410390873,1.3573527589906007
h2_0.20_budget_200_pop_1000_parents_20_gen_8_loss_standard,averaged_one_step_switching_5_draws,13,74013,8,1600,-0.13314627914244165,4.840683852686438,4.97383013182888,0.6217287664786099,0.6748301326056029,0.310864383239305,30.85786592986949,0.34134222697585903,0.0,0.0,0.5905212994380196,0.18466690843823927,0.9430240904123077,0.0,0.0,-0.11621952281519168,1600.0,0.19958457879256458,0.2949821243993938,0.28585438739301505,0.43484546468564156,1.474910621996969
h2_0.20_budget_200_pop_1000_parents_20_gen_8_loss_standard,averaged_one_step_switching_5_draws,14,74014,8,1600,-0.13314627914244165,4.512546792355741,4.645693071498183,0.5807116339372729,0.5568396380923887,0.29035581696863644,27.360564945383924,0.3881991992489471,0.1714195025140845,0.1714195025140845,0.5655868971250813,0.13909419234990478,0.9430240904123077,7.896505557767887e-31,8.373598975944916e-31,-0.11116668846346155,1600.0,0.15238526274333708,0.23802874675311614,0.2507895927091932,0.31028441476979307,0.9521149870124646
h2_0.20_budget_200_pop_1000_parents_20_gen_8_loss_standard,averaged_one_step_switching_5_draws,15,74015,8,1600,-0.13314627914244165,3.9981367197272877,4.13128299886973,0.5164103748587161,0.5560454312346383,0.2582051874293581,25.448994026571008,0.27899457198207667,0.024211603073926804,0.024211603073926804,0.5275886167598671,0.1757708109275696,0.9430240904123077,0.005728061425705445,0.006074141142249113,-0.10649852551407371,1600.0,0.23301478050416335,0.31626595567407395,0.0872518255479227,0.34026748595775175,1.8975957340444438
h2_0.20_budget_200_pop_1000_parents_20_gen_8_loss_standard,averaged_one_step_switching_5_draws,16,74016,8,1600,-0.13314627914244165,4.786971703182028,4.920117982324469,0.6150147477905585,0.5440352225969438,0.3075073738952793,28.53539745711192,0.3911126220138889,0.3012365073702578,-0.09213094263164626,0.7230494852816768,0.22940587018280073,0.9430240904123077,0.013439306410214999,0.014251286416595236,-0.1221905292316844,1600.0,0.20654177200049162,0.2908209367451491,0.3633754840929047,0.40340663949097816,1.1632837469805963
h2_0.20_budget_200_pop_1000_parents_20_gen_8_loss_standard,averaged_one_step_switching_5_draws,17,74017,8,1600,-0.13314627914244165,2.9801596675174022,3.113305946659844,0.38916324333248054,0.6572502174516596,0.19458162166624024,20.9589740774015,0.2971890184804392,0.3609121236401709,-0.03940152752101056,0.5350791594863362,0.19225107545247327,0.9430240904123077,0.003251256000617224,0.0034476913513372858,-0.0849365058933983,1600.0,0.10481871928121629,0.18911125142559676,0.13104967416205524,0.2950491300183593,1.3237787599791773
h2_0.20_budget_200_pop_1000_parents_20_gen_8_loss_standard,averaged_one_step_switching_5_draws,18,74018,8,1600,-0.13314627914244165,4.034961592222259,4.1681078713647,0.5210134839205876,0.4812972603946587,0.2605067419602938,23.48493513103894,0.34845477196733277,0.409690177592395,0.18437674629692538,0.5548677483820299,0.11779517051247108,0.9430240904123077,0.013585200373374,0.014405995044553206,-0.09362482683064133,1600.0,0.1912795241708712,0.281844599507167,0.16245373684507616,0.3038467082940396,1.691067597043002
h2_0.20_budget_200_pop_1000_parents_20_gen_8_loss_standard,averaged_one_step_switching_5_draws,19,74019,8,1600,-0.13314627914244165,4.49799713924975,4.631143418392192,0.5788929272990239,0.45652581622426675,0.289446463649512,25.42640875653726,0.36686808786522634,0.23424188756441727,0.23424188756441727,0.8146054312373392,0.1954836995008213,0.9430240904123077,0.003954596305093425,0.004193526279232592,-0.11996447328368257,1600.0,0.30213625280302947,0.3895566213992424,0.27946356842954206,0.3849861343525043,1.9477831069962122
h2_0.20_budget_200_pop_1000_parents_20_gen_8_loss_standard,averaged_one_step_switching_5_draws,20,74020,8,1600,-0.13314627914244165,4.892581980125286,5.025728259267727,0.628216032408466,0.6016201008624352,0.31410801620423295,29.25841561057599,0.3000600484822642,-0.1451703203257685,-0.1451703203257685,0.5964724527022691,0.2148483403198364,0.9430240904123077,0.013540533380043917,0.014358629347553298,-0.11027001264926359,1600.0,0.21317560000461527,0.2993652779958211,0.0765227138278564,0.2505365077671858,1.4968263899791054
h2_0.20_budget_200_pop_1000_parents_20_gen_8_loss_strong,averaged_one_step_switching_5_draws,1,75001,8,1600,-0.13314627914244165,3.648006699385898,3.7811529785283398,0.47264412231604247,0.5670971928310777,0.23632206115802123,23.40805159046515,0.3490455620999051,0.41788087374130206,0.0031734667380061326,0.5365675402831072,0.17231046601858366,0.9430240904123077,0.0016094181112657202,0.0017066564127349627,-0.09294373848354265,1600.0,0.20007676614581474,0.2834571904261663,0.16523583330919714,0.3392119461511341,1.9842003329831641
h2_0.20_budget_200_pop_1000_parents_20_gen_8_loss_strong,averaged_one_step_switching_5_draws,2,75002,8,1600,-0.13314627914244168,4.930418134241578,5.06356441338402,0.6329455516730025,0.5481204332500152,0.31647277583650124,29.341303315070085,0.4049513400424306,0.22716973052752484,0.22716973052752484,0.6969492609290718,0.16925660150561192,0.9430240904123077,0.002090712108146908,0.002217029373271694,-0.12422553804993619,1600.0,0.17071493799448945,0.24281876400345936,0.07490176883150244,0.22716973052752484,0.24281876400345936
h2_0.20_budget_200_pop_1000_parents_20_gen_8_loss_strong,averaged_one_step_switching_5_draws,3,75003,8,1600,-0.13314627914244165,5.782747888291822,5.9158941674342636,0.7394867709292828,0.5106792190535924,0.36974338546464147,32.17719588428655,0.4183228299813285,0.3296032689907671,0.1755611791414118,0.5770800312947804,0.13214534480677786,0.9430240904123077,0.00637381631579051,0.0067589114430828155,-0.12955372224664202,1600.0,0.18365896150498884,0.27224426074826624,0.31677266824360983,0.4418622807296433,1.088977042993065
h2_0.20_budget_200_pop_1000_parents_20_gen_8_loss_strong,averaged_one_step_switching_5_draws,4,75004,8,1600,-0.13314627914244165,6.699779231439551,6.832925510581992,0.854115688822749,0.48431637311588394,0.42705784441137457,34.623413697771475,0.5112100687300934,0.6023293243535147,0.38408441767746265,0.6159119746091268,0.08833486309267233,0.9430240904123077,0.01380580366900067,0.014639926815617738,-0.1054793850858295,1600.0,0.24854986632514434,0.329044477994709,0.146641322613093,0.475487298023378,0.9871334339841269
h2_0.20_budget_200_pop_1000_parents_20_gen_8_loss_strong,averaged_one_step_switching_5_draws,5,75005,8,1600,-0.13314627914244165,6.419358858274306,6.552505137416747,0.8190631421770934,0.36520809818309063,0.4095315710885467,31.864430966743058,0.4298596312832027,0.33484071724117437,0.19613023904634344,0.6987968934081302,0.15080979366534025,0.9430240904123077,0.0013822633552613552,0.0014657773532137485,-0.11063649276403208,1600.0,0.17111273024056572,0.25574027175753145,0.2412799387492871,0.3931044957877646,1.0229610870301258
h2_0.20_budget_200_pop_1000_parents_20_gen_8_loss_strong,averaged_one_step_switching_5_draws,6,75006,8,1600,-0.13314627914244165,2.872496927942268,3.0056432070847094,0.3757054008855886,0.5479378610638368,0.18785270044279434,19.77907957676384,0.32946458484980823,0.0,0.0,0.6332056029897853,0.21635996374857014,0.9430240904123077,0.0,0.0,-0.09951096583011816,1600.0,0.2700061416641499,0.36226975500661257,0.09321328069046718,0.3060374434959617,1.0868092650198378
h2_0.20_budget_200_pop_1000_parents_20_gen_8_loss_strong,averaged_one_step_switching_5_draws,7,75007,8,1600,-0.13314627914244165,4.647393680075487,4.780539959217928,0.5975674949022409,0.5952585452509337,0.2987837474511205,27.81932509852551,0.4442229804649225,0.35763169785321725,0.1861176687318248,0.691249638878497,0.15079672859235624,0.9430240904123077,0.0009201606754240912,0.0009757552164142273,-0.11213532882099086,1600.0,0.2139428073326902,0.29577336367219687,0.02136121204887284,0.4214368670419963,0.8873200910165906
h2_0.20_budget_200_pop_1000_parents_20_gen_8_loss_strong,averaged_one_step_switching_5_draws,8,75008,8,1600,-0.13314627914244165,6.370813273401668,6.503959552544109,0.8129949440680138,0.5124688309952788,0.40649747203400677,34.5715236870675,0.4285511677233384,0.5013806560586526,0.21066935532681397,0.5928607659084731,0.1335099485488093,0.9430240904123077,0.0007931931653335705,0.0008411165455876866,-0.11416161712527743,1600.0,0.1710573195014149,0.25174679425254,0.2650902331475241,0.4059634989687181,1.00698717701016
h2_0.20_budget_200_pop_1000_parents_20_gen_8_loss_strong,averaged_one_step_switching_5_draws,9,75009,8,1600,-0.13314627914244165,2.93989304005974,3.0730393192021817,0.38412991490027276,0.6638716852953841,0.19206495745013635,21.024432307078776,0.25958613480861126,0.0,0.0,0.4835625092017064,0.17503838305318556,0.9430240904123077,0.0,0.0,-0.09136190062916491,1600.0,0.2184524557524128,0.30301867525849957,0.17612354113758466,0.3696495659087125,1.2120747010339983
h2_0.20_budget_200_pop_1000_parents_20_gen_8_loss_strong,averaged_one_step_switching_5_draws,10,75010,8,1600,-0.13314627914244168,5.386091503549998,5.519237782692439,0.689904722836555,0.544739617862402,0.34495236141827745,30.95792716553068,0.3765754290771952,0.030500701284543463,0.030500701284543463,0.5563430414709752,0.19661516426051473,0.9430240904123077,0.002813120283685131,0.0029830842205263094,-0.13082148228682242,1600.0,0.25746711500687525,0.34576650300004985,0.20229227307246134,0.36566960610332566,1.3830660120001994
h2_0.20_budget_200_pop_1000_parents_20_gen_8_loss_strong,averaged_one_step_switching_5_draws,11,75011,8,1600,-0.13314627914244165,3.768466075510888,3.9016123546533295,0.48770154433166607,0.5162720856211135,0.24385077216583312,23.598524295557198,0.39301273959643623,0.15618762846228795,0.15618762846228795,0.7519859141411411,0.20013822616392277,0.9430240904123077,0.001619974431931556,0.001717850528318182,-0.12055157112919912,1600.0,0.19305027520167642,0.2776986725977622,0.1944176539104303,0.3593030615942636,1.388493362988811
h2_0.20_budget_200_pop_1000_parents_20_gen_8_loss_strong,averaged_one_step_switching_5_draws,12,75012,8,1600,-0.13314627914244165,3.132504936546262,3.2656512156887034,0.40820640196108793,0.5500527711203749,0.204103200980544,20.901896046722875,0.27298092512989935,0.119051250829916,0.024595236797648082,0.5720410750130641,0.18874215764237823,0.9430240904123077,0.0004199393538816364,0.0004453113744931278,-0.09634983470844234,1600.0,0.18020331066994308,0.25917575366717455,0.21870138701459838,0.24994351690299585,0.7775272610015236
h2_0.20_budget_200_pop_1000_parents_20_gen_8_loss_strong,averaged_one_step_switching_5_draws,13,75013,8,1600,-0.13314627914244165,4.858041704245273,4.991187983387714,0.6238984979234642,0.6210918315383631,0.31194924896173215,29.773042776905868,0.38431156713447134,0.33805006949456146,0.06507815870792127,0.5935474286503205,0.1948241124680709,0.9430240904123077,0.006060598605961355,0.006426769652630559,-0.11291183036632171,1600.0,0.27624028839636594,0.36807347200228835,0.2276033363563748,0.48178078436858246,1.8403673600114416
h2_0.20_budget_200_pop_1000_parents_20_gen_8_loss_strong,averaged_one_step_switching_5_draws,14,75014,8,1600,-0.13314627914244165,4.929554523527519,5.06270080266996,0.632837600333745,0.5805415944277733,0.3164188001668725,29.15098594748488,0.33218561537004887,0.39257926869683524,0.18197973727242114,0.48920973527767014,0.09862134528650435,0.9430240904123077,0.006425213193737242,0.0068134136328670235,-0.09761503167618278,1600.0,0.22705308661097662,0.3128740075975657,0.2892888326843564,0.35018789268438305,1.5643700379878283
h2_0.20_budget_200_pop_1000_parents_20_gen_8_loss_strong,averaged_one_step_switching_5_draws,15,75015,8,1600,-0.13314627914244168,4.057807450246097,4.190953729388538,0.5238692161735672,0.5275982911601637,0.26193460808678365,25.440731138490236,0.34622850425067203,0.0,0.0,0.5501924734568384,0.20723749096257515,0.9430240904123077,0.0,0.0,-0.10497697816936727,1600.0,0.2834644806668318,0.3661881976586301,0.2397284120804254,0.2952381713252395,1.0985645929758903
h2_0.20_budget_200_pop_1000_parents_20_gen_8_loss_strong,averaged_one_step_switching_5_draws,16,75016,8,1600,-0.13314627914244168,3.6467006740366474,3.779846953179089,0.47248086914738613,0.40543220623613957,0.23624043457369306,21.623407580968223,0.3244787689775471,0.014229202809621198,0.014229202809621198,0.5522854179869532,0.1748665585761404,0.9430240904123077,0.0010471166465892791,0.0011103816511532174,-0.09770271878414695,1600.0,0.17936741828037026,0.2675767992747881,0.19792894263840313,0.32264017187947047,1.8730375949235167
h2_0.20_budget_200_pop_1000_parents_20_gen_8_loss_strong,averaged_one_step_switching_5_draws,17,75017,8,1600,-0.13314627914244165,4.65865180916391,4.791798088306352,0.5989747610382938,0.5425246193103318,0.299487380519147,28.10126487397219,0.3903965547622046,0.21729360300525674,0.049950504608817996,0.5825364922990949,0.19966851595811555,0.9430240904123077,0.0035997975682614098,0.00381729120693779,-0.10160220076128162,1600.0,0.1246691522464971,0.20737324050423922,0.31099612407126515,0.36204728895095917,0.8294929620169569
h2_0.20_budget_200_pop_1000_parents_20_gen_8_loss_strong,averaged_one_step_switching_5_draws,18,75018,8,1600,-0.13314627914244165,5.622839827941487,5.755986107083928,0.719498263385491,0.3298414720237224,0.3597491316927455,28.22330412390398,0.43115864092015044,0.4317272244428303,0.3307977516438206,0.5253794289833569,0.058554331224913124,0.9430240904123077,0.06671407333141569,0.07074482402909457,-0.0974629584750065,1600.0,0.256646041496424,0.34924527000111993,0.14918727730538675,0.37836405682796337,0.6984905400022399
h2_0.20_budget_200_pop_1000_parents_20_gen_8_loss_strong,averaged_one_step_switching_5_draws,19,75019,8,1600,-0.13314627914244165,4.189301901834198,4.3224481809766395,0.5403060226220799,0.5448829248113193,0.27015301131103997,25.29095809844929,0.4220274246822966,0.38496527106767675,0.2442431945836686,0.7298969292778666,0.1504394196455207,0.9430240904123077,7.896505557767887e-31,8.373598975944916e-31,-0.1319020072207231,1600.0,0.24152638885425404,0.3308201481330408,0.22893932516879464,0.4086349397858658,2.3157410369312856
h2_0.20_budget_200_pop_1000_parents_20_gen_8_loss_strong,averaged_one_step_switching_5_draws,20,75020,8,1600,-0.13314627914244165,4.679961380147533,4.813107659289974,0.6016384574112468,0.6053912260448071,0.3008192287056234,28.779152642453,0.37243798807465084,0.17947197390601557,0.17947197390601557,0.7523117617871526,0.184167917003201,0.9430240904123077,0.0004579545750442338,0.00048562341057905266,-0.12079581434718635,1600.0,0.19022592750843614,0.2732401313308704,0.16301027618103414,0.3412866948173397,1.6394407879852224
h2_0.20_budget_200_pop_1000_parents_40_gen_8_loss_standard,averaged_one_step_switching_5_draws,1,76001,8,1600,-0.13314627914244165,4.685942463491778,4.81908874263422,0.6023860928292775,0.303464395014558,0.30119304641463873,24.057420703570067,0.43628188712105614,0.46927043190033646,0.2898680992309227,0.5731508906910064,0.08941553116668283,0.9430240904123077,0.06972814291335089,0.07394099856225778,-0.11412319536360133,1600.0,0.22159791020676495,0.31047277741017754,0.2760907859974188,0.3931497201027522,1.5523638870508876
h2_0.20_budget_200_pop_1000_parents_40_gen_8_loss_standard,averaged_one_step_switching_5_draws,2,76002,8,1600,-0.13314627914244165,2.946316288944901,3.0794625680873424,0.3849328210109178,0.3707858766800205,0.1924664105054589,18.28497430150947,0.386474791266616,0.2610302388476881,0.2610302388476881,0.6217353066198259,0.1288756492173702,0.9430240904123077,0.0011013767386027179,0.0011679200455220347,-0.12089281808708738,1600.0,0.2329909849941032,0.3139910624886397,0.08452206665176382,0.30091987499597317,0.6279821249772795
h2_0.20_budget_200_pop_1000_parents_40_gen_8_loss_standard,averaged_one_step_switching_5_draws,3,76003,8,1600,-0.13314627914244165,4.9538755140555075,5.087021793197949,0.6358777241497438,0.428884736988943,0.3179388620748718,26.8676934341087,0.3258534302055953,-0.10350031242495566,-0.10350031242495566,0.6510484214506563,0.21416908797469034,0.9430240904123077,0.11379639410511391,0.12067177844349661,-0.10003628458338608,1600.0,0.29048273383038276,0.3871235448411123,0.2229423133248242,0.34321322210317695,2.3227412690466736
h2_0.20_budget_200_pop_1000_parents_40_gen_8_loss_standard,averaged_one_step_switching_5_draws,4,76004,8,1600,-0.13314627914244165,4.0824288738304615,4.215575152972903,0.5269468941216128,0.39098354086619413,0.26347344706080644,22.923567769040694,0.378676002492706,0.1879721256886519,0.1879721256886519,0.5230819288439674,0.11473307005107006,0.9430240904123077,0.008542468285439572,0.00905858967155828,-0.11547505149178304,1600.0,0.26271736174385296,0.34550798624695744,0.15267074389028118,0.346985092115085,1.3820319449878298
h2_0.20_budget_200_pop_1000_parents_40_gen_8_loss_standard,averaged_one_step_switching_5_draws,5,76005,8,1600,-0.13314627914244165,4.499885112232138,4.63303139137458,0.5791289239218225,0.4448310041401348,0.28956446196091123,25.420832829125736,0.45978764873879163,0.5412485505986537,0.3035521017553265,0.6939578334890012,0.1361316697512847,0.9430240904123077,0.005974471123068043,0.006335438493894565,-0.11845729391140625,1600.0,0.19956031240290031,0.28453896220889874,0.2341090430215913,0.42109376779665497,1.4226948110444937
h2_0.20_budget_200_pop_1000_parents_40_gen_8_loss_standard,averaged_one_step_switching_5_draws,6,76006,8,1600,-0.13314627914244168,5.132212146877085,5.265358426019526,0.6581698032524409,0.4672514006368578,0.3290849016262204,28.8677443186405,0.40259329402309996,0.17652188435637242,0.17652188435637242,0.596545378450535,0.13413310175358487,0.9430240904123077,0.012419692255328832,0.013170068910857528,-0.11241021477735502,1600.0,0.2597032986620131,0.3537287773312225,0.06463170097944242,0.44624429648835556,1.0611863319936674
h2_0.20_budget_200_pop_1000_parents_40_gen_8_loss_standard,averaged_one_step_switching_5_draws,7,76007,8,1600,-0.13314627914244165,3.898099833576364,4.031246112718806,0.5039057640898508,0.4497932075052023,0.2519528820449254,22.74799186611773,0.3237279959577891,0.20469422914334184,0.12739798965985596,0.5934698748652908,0.15804581270035808,0.9430240904123077,0.0753220593735669,0.07987288992864931,-0.10524552443816498,1600.0,0.20517561819870025,0.29206509580253626,0.24292678556726682,0.28833639090417984,1.4603254790126812
h2_0.20_budget_200_pop_1000_parents_40_gen_8_loss_standard,averaged_one_step_switching_5_draws,8,76008,8,1600,-0.13314627914244168,5.190970889456829,5.324117168599271,0.6655146460749088,0.41907978914663074,0.3327573230374544,28.0620181714297,0.43474502902318735,0.26730946837698344,0.26730946837698344,0.569792117363933,0.10337609489155027,0.9430240904123077,0.020752272126490966,0.022006089067584354,-0.12424526537103031,1600.0,0.19336369850498158,0.2799853080068715,0.30835514694897226,0.47109025988746056,0.559970616013743
h2_0.20_budget_200_pop_1000_parents_40_gen_8_loss_standard,averaged_one_step_switching_5_draws,9,76009,8,1600,-0.13314627914244165,4.962706878138674,5.095853157281115,0.6369816446601395,0.2856866641818893,0.3184908223300697,24.992514641455855,0.38476930232494844,0.4253734403954267,0.23930952973138436,0.4583814690553981,0.07363904120808548,0.9430240904123077,0.09640830673451896,0.1022331324456064,-0.11303436701849683,1600.0,0.250578072174297,0.33209634033361607,0.23726323254558723,0.3967439033021341,1.9925780420016963
h2_0.20_budget_200_pop_1000_parents_40_gen_8_loss_standard,averaged_one_step_switching_5_draws,10,76010,8,1600,-0.13314627914244165,4.5915966051836925,4.724742884326134,0.5905928605407667,0.43723608766945515,0.2952964302703834,25.778744233293615,0.37671454816427147,0.09062644633075748,0.09062644633075748,0.7064449447207719,0.17783574196227883,0.9430240904123077,0.016720304010965532,0.017730516304896415,-0.11266725543160414,1600.0,0.21255987100691223,0.31638896848987014,0.13513444464211424,0.3193929002362459,1.8983338109392207
h2_0.20_budget_200_pop_1000_parents_40_gen_8_loss_standard,averaged_one_step_switching_5_draws,11,76011,8,1600,-0.13314627914244165,2.825041742110102,2.9581880212525435,0.36977350265656794,0.5142333362586049,0.18488675132828397,19.242280211851284,0.27583806138083455,0.030443786967781668,0.030443786967781668,0.526561884909563,0.16715353762697718,0.9430240904123077,0.006007926067259175,0.006370914728840488,-0.10199331452493487,1600.0,0.23728801933854507,0.3473868690004262,0.22448939522364472,0.30177988193246624,1.0421606070012785
h2_0.20_budget_200_pop_1000_parents_40_gen_8_loss_standard,averaged_one_step_switching_5_draws,12,76012,8,1600,-0.13314627914244165,5.1847386701041,5.317884949246541,0.6647356186558177,0.3687274759701163,0.3323678093279088,26.990352060386197,0.38424735675971644,0.5004344458261184,0.11739404597816351,0.5004344458261184,0.11869857450820144,0.9430240904123077,0.05551037405593386,0.05886421632310972,-0.11232173186430149,1600.0,0.2192086396040395,0.30606473080115393,0.1617520870247347,0.4186732546296528,1.5303236540057696
h2_0.20_budget_200_pop_1000_parents_40_gen_8_loss_standard,averaged_one_step_switching_5_draws,13,76013,8,1600,-0.13314627914244165,3.954064165442368,4.08721044458481,0.5109013055731012,0.3349636222386319,0.2554506527865506,21.391184396265537,0.4764395972483002,0.5952032681462267,0.31949666871440796,0.636830398711572,0.11708238815669014,0.9430240904123077,0.01088416227566805,0.01154176482480876,-0.11781453792263316,1600.0,0.27233220600464847,0.3475435669970466,0.2536009548147323,0.3656423362462765,0.6950871339940932
h2_0.20_budget_200_pop_1000_parents_40_gen_8_loss_standard,averaged_one_step_switching_5_draws,14,76014,8,1600,-0.13314627914244165,5.103130456362241,5.236276735504682,0.6545345919380853,0.3910123350285247,0.32726729596904264,27.051141586462563,0.4554633020551778,0.4284287004954549,0.3580606715944935,0.5221664693721516,0.050261792144212725,0.9430240904123077,0.06487520348001115,0.06879485279283427,-0.10453721538870922,1600.0,0.27201420174969826,0.3767783327566576,0.26721729556893353,0.47784022189597236,1.5071133310266305
h2_0.20_budget_200_pop_1000_parents_40_gen_8_loss_standard,averaged_one_step_switching_5_draws,15,76015,8,1600,-0.13314627914244165,4.561107144845787,4.694253423988228,0.5867816779985285,0.43604679717957134,0.29339083899926427,24.93042701396262,0.41028899495468113,0.26797697834304185,0.19196341750036133,0.5461244830647802,0.13021788241209525,0.9430240904123077,0.031394812195806567,0.03329163328381162,-0.12335803175550981,1600.0,0.23340292849267522,0.3167700869962573,0.25305206844249867,0.42959604126808865,1.9006205219775438
h2_0.20_budget_200_pop_1000_parents_40_gen_8_loss_standard,averaged_one_step_switching_5_draws,16,76016,8,1600,-0.13314627914244165,4.405956664866242,4.539102944008683,0.5673878680010855,0.45430747454566095,0.2836939340005427,25.682822831493016,0.4002048386610828,0.07435585977345673,0.07435585977345673,0.6028424769480181,0.16135630010751364,0.9430240904123077,0.013973423479733656,0.01481767392986134,-0.13102444364508498,1600.0,0.2592584939848166,0.34554501733509824,0.11225725728664115,0.3637182571829814,1.0366350520052947
h2_0.20_budget_200_pop_1000_parents_40_gen_8_loss_standard,averaged_one_step_switching_5_draws,17,76017,8,1600,-0.13314627914244168,4.617495462714985,4.750641741857427,0.5938302177321784,0.3847438145925847,0.2969151088660892,24.762716773943023,0.3630254435977476,0.4068949008218563,0.07747699973468487,0.4888402480890638,0.15438489951974185,0.9430240904123077,0.03673207580470033,0.03895136527067976,-0.10844251849450483,1600.0,0.21615827275672927,0.3171366617534659,0.17337715192586675,0.37530479522438837,1.2685466470138635
h2_0.20_budget_200_pop_1000_parents_40_gen_8_loss_standard,averaged_one_step_switching_5_draws,18,76018,8,1600,-0.13314627914244165,5.308516048394546,5.441662327536988,0.6802077909421234,0.3992649786717537,0.34010389547106173,27.271279909179736,0.429693370089154,0.6765601141122644,0.2303156791628074,0.6765601141122644,0.1406410625611314,0.9430240904123077,0.03590282419457058,0.03807201169046826,-0.10193789726640112,1600.0,0.34770588799437974,0.4370072729943786,0.152521099562262,0.2777440495271945,0.8740145459887572
h2_0.20_budget_200_pop_1000_parents_40_gen_8_loss_standard,averaged_one_step_switching_5_draws,19,76019,8,1600,-0.13314627914244168,4.697739221538176,4.830885500680617,0.6038606875850772,0.47328407540239326,0.3019303437925386,26.248188242681152,0.4224386699379388,0.25056731368720175,0.25056731368720175,0.5808743971627133,0.12039366125729979,0.9430240904123077,0.011953803711186763,0.012676032174279171,-0.12487436858602366,1600.0,0.13056585299394405,0.21370886999648064,0.2481814511701664,0.4981145675431941,0.6411266099894419
h2_0.20_budget_200_pop_1000_parents_40_gen_8_loss_standard,averaged_one_step_switching_5_draws,20,76020,8,1600,-0.13314627914244165,4.723434102883567,4.856580382026008,0.6070725477532509,0.4277902445197962,0.3035362738766255,26.233105666114604,0.42206379852358944,0.3629775550379495,0.36212766679034075,0.559364304797896,0.08021299526882289,0.9430240904123077,0.011146223513536103,0.011819659356382684,-0.12321975438372969,1600.0,0.17293489834022088,0.2618263066688087,0.2599928726936141,0.4406025908395002,1.570957840012852
h2_0.20_budget_200_pop_1000_parents_40_gen_8_loss_strong,averaged_one_step_switching_5_draws,1,77001,8,1600,-0.13314627914244165,4.1662342181500085,4.29938049729245,0.5374225621615563,0.5283641498373374,0.26871128108077813,25.534451121563116,0.33347296150617844,0.34181090115299073,0.02585743953732617,0.623194389663174,0.19241813326782053,0.9430240904123077,0.035422672124653984,0.03756284965017864,-0.10954308383953128,1600.0,0.1834020164969843,0.270055737993971,0.013373018881592598,0.2756988259907981,1.080222951975884
h2_0.20_budget_200_pop_1000_parents_40_gen_8_loss_strong,averaged_one_step_switching_5_draws,2,77002,8,1600,-0.13314627914244165,4.956566328334525,5.089712607476967,0.636214075934621,0.48830055652083937,0.31810703796731044,27.684137200006596,0.4127163723414386,0.24759116678266568,0.17516539353949517,0.6079488154758128,0.14670697711430808,0.9430240904123077,0.022606253331248726,0.023972084659433093,-0.11592634848186445,1600.0,0.22019468624785077,0.30547893526090775,0.23967960856280435,0.40453965238665046,1.221915741043631
h2_0.20_budget_200_pop_1000_parents_40_gen_8_loss_strong,averaged_one_step_switching_5_draws,3,77003,8,1600,-0.13314627914244165,4.707733071149007,4.8408793502914484,0.6051099187864311,0.5033292136094156,0.30255495939321553,25.846210237537385,0.45915232331110634,0.3266466658289541,0.2622397395834937,0.6658678315899478,0.1400366582253435,0.9430240904123077,0.012113781698465536,0.012845675759109361,-0.11951377640811806,1600.0,0.1917322029985371,0.2927834527436062,0.19874943957913563,0.4604670570527246,1.1711338109744247
h2_0.20_budget_200_pop_1000_parents_40_gen_8_loss_strong,averaged_one_step_switching_5_draws,4,77004,8,1600,-0.13314627914244165,5.2804839023710555,5.413630181513497,0.6767037726891871,0.5098765746520804,0.33835188634459357,28.19078748783507,0.38862495050156676,0.33365974913417645,-0.1924357632072147,0.6470338153088735,0.2594700653201732,0.9430240904123077,0.11522090416934225,0.12218235497988765,-0.10882596155961904,1600.0,0.1691285720007727,0.2518397589883534,0.2881361726345998,0.36367685277727363,0.5036795179767068
h2_0.20_budget_200_pop_1000_parents_40_gen_8_loss_strong,averaged_one_step_switching_5_draws,5,77005,8,1600,-0.13314627914244165,4.98867170662386,5.1218179857663015,0.6402272482207876,0.4907474589115996,0.32011362411039385,27.952165367116155,0.3660854638274497,0.46094760655925965,0.13667793700693268,0.5340527200170264,0.1329219363143982,0.9430240904123077,0.0006979617053212041,0.000740131362939034,-0.12846228380090371,1600.0,0.18103479448958146,0.2605563993323206,0.23913245480317977,0.41603565407122955,1.5633383959939238
h2_0.20_budget_200_pop_1000_parents_40_gen_8_loss_strong,averaged_one_step_switching_5_draws,6,77006,8,1600,-0.13314627914244165,5.0636686677003455,5.196814946842787,0.6496018683553484,0.3294603005195621,0.3248009341776742,25.889348296253424,0.3736053915714991,0.4692455842219821,0.2512155524040827,0.5189794615340507,0.08932770961426673,0.9430240904123077,0.042564548011469736,0.045136225515574814,-0.1162620751926523,1600.0,0.16148396184144076,0.23988832350005396,0.28716034786440314,0.3668556188715937,1.4393299410003237
h2_0.20_budget_200_pop_1000_parents_40_gen_8_loss_strong,averaged_one_step_switching_5_draws,7,77007,8,1600,-0.13314627914244165,5.159475882425282,5.292622161567723,0.6615777701959654,0.46016564516032166,0.3307888850979827,26.965628888027073,0.3635302707253809,0.19232135380097984,0.10906964130367654,0.5787373724797024,0.17211155708340384,0.9430240904123077,0.01018593423049607,0.010801351030218741,-0.12667774852753574,1600.0,0.18527300939895214,0.27553869760013183,0.1434877220034485,0.3189559792663661,1.3776934880006593
h2_0.20_budget_200_pop_1000_parents_40_gen_8_loss_strong,averaged_one_step_switching_5_draws,8,77008,8,1600,-0.13314627914244165,2.8437703512589065,2.976916630401348,0.3721145788001684,0.43191867332357853,0.18605728940008426,18.03052609504556,0.39918059183878685,0.5694167002413943,0.15917200638708368,0.5694167002413943,0.14822066944430845,0.9430240904123077,0.0022940421408793785,0.0024326442603140506,-0.12049568065225218,1600.0,0.15779364720219746,0.23822932899347507,0.2679746847045349,0.4528048281784757,1.1911466449673753
h2_0.20_budget_200_pop_1000_parents_40_gen_8_loss_strong,averaged_one_step_switching_5_draws,9,77009,8,1600,-0.13314627914244165,4.531313233783903,4.664459512926345,0.5830574391157932,0.4016398719523216,0.29152871955789655,24.428661371003056,0.3218611421255815,0.13267820368492325,0.13267820368492325,0.5175464266223734,0.11204219125038814,0.9430240904123077,0.09092437252380245,0.09641786826893109,-0.10326791149200114,1600.0,0.23990369249804644,0.32246836375270505,0.2521658388367286,0.2700110371162947,1.2898734550108202
h2_0.20_budget_200_pop_1000_parents_40_gen_8_loss_strong,averaged_one_step_switching_5_draws,10,77010,8,1600,-0.13314627914244165,5.99478183886586,6.127928118008302,0.7659910147510376,0.35470525893534477,0.38299550737551885,30.425787381662126,0.4585705792886675,0.3910936053593257,0.3910936053593257,0.6020811494651742,0.06858246819442107,0.9430240904123077,0.04364970387263433,0.046286944645867814,-0.1231653902570723,1600.0,0.3102486125062569,0.3951486622536322,0.2236731987758706,0.4478737124575143,1.5805946490145288
h2_0.20_budget_200_pop_1000_parents_40_gen_8_loss_strong,averaged_one_step_switching_5_draws,11,77011,8,1600,-0.13314627914244165,5.470335331864341,5.603481611006782,0.7004352013758478,0.47349903876486726,0.3502176006879239,29.284024471111714,0.4090008592551181,0.22800879971757337,0.22800879971757337,0.6043652720536585,0.10957943355881085,0.9430240904123077,0.06124893800757169,0.06494949453602242,-0.11850637562010412,1600.0,0.2227885239990428,0.3166043379945525,0.25407797932649834,0.3915539059348141,0.9498130139836576
h2_0.20_budget_200_pop_1000_parents_40_gen_8_loss_strong,averaged_one_step_switching_5_draws,12,77012,8,1600,-0.13314627914244165,4.3871900745908,4.520336353733241,0.5650420442166552,0.48916177207611905,0.2825210221083276,25.657363493182967,0.3267049185918516,0.411628956257417,0.20362381270554494,0.46134873285389344,0.09577038698799228,0.9430240904123077,0.006065812474700313,0.006432298534439588,-0.11817219666430577,1600.0,0.22946884173870785,0.3152219612602494,0.24819927881796824,0.3401684002533589,1.2608878450409975
h2_0.20_budget_200_pop_1000_parents_40_gen_8_loss_strong,averaged_one_step_switching_5_draws,13,77013,8,1600,-0.13314627914244165,3.7201199344714513,3.853266213613893,0.4816582767017366,0.4139447952255124,0.2408291383508683,21.895610775179602,0.3457980756985232,0.3037284774043005,0.2116985857304814,0.4923335376292962,0.10781207379251674,0.9430240904123077,0.006696574538068385,0.007101170167498603,-0.1041094902802373,1600.0,0.21562446598545648,0.30471164240152576,0.19114867505535765,0.3477461840327044,1.5235582120076288
h2_0.20_budget_200_pop_1000_parents_40_gen_8_loss_strong,averaged_one_step_switching_5_draws,14,77014,8,1600,-0.13314627914244165,5.028520213194417,5.161666492336859,0.6452083115421072,0.28219360257863924,0.32260415577105367,24.869017078590964,0.39465945275595543,0.2036763457660604,0.2036763457660604,0.5597767917948431,0.1198705126008699,0.9430240904123077,0.026759108019243458,0.028375847755431016,-0.11610164390746265,1600.0,0.19642791470895254,0.28353757542624536,0.2443748203972899,0.38349615953458127,1.9847630279837176
h2_0.20_budget_200_pop_1000_parents_40_gen_8_loss_strong,averaged_one_step_switching_5_draws,15,77015,8,1600,-0.13314627914244168,4.348173141858711,4.481319421001152,0.5601649276251441,0.36839533253307033,0.280082463812572,23.879568494768804,0.3334767991485007,0.29460008636057905,0.13181716372350416,0.5439588780159942,0.13355101147218604,0.9430240904123077,0.07879302765013287,0.08355356819748166,-0.12112161372270602,1600.0,0.1913760800016462,0.26826330475887517,0.1766147753094109,0.32364592734642006,1.0730532190355007
h2_0.20_budget_200_pop_1000_parents_40_gen_8_loss_strong,averaged_one_step_switching_5_draws,16,77016,8,1600,-0.13314627914244165,4.7750638118543876,4.908210090996829,0.6135262613746036,0.37994176831830784,0.3067631306873018,24.865594511118573,0.4271901155786394,0.36591260617900484,0.2840571928478415,0.5993256458355087,0.10905269486399932,0.9430240904123077,0.007887283446436176,0.008363819680351653,-0.12149024248039281,1600.0,0.24674496679217556,0.32999816120136527,0.23202239763314708,0.4161437780026443,1.6499908060068265
h2_0.20_budget_200_pop_1000_parents_40_gen_8_loss_strong,averaged_one_step_switching_5_draws,17,77017,8,1600,-0.13314627914244168,4.964401844834769,5.0975481239772105,0.6371935154971513,0.47730508922582326,0.31859675774857565,26.93619533904353,0.3448219253177053,0.15568044295000213,0.15568044295000213,0.5250861769212878,0.12203392760468869,0.9430240904123077,0.041520658630334835,0.04402926611575875,-0.10696078755575956,1600.0,0.17575876866855347,0.2591283436631784,0.20845204075775847,0.42221468474338636,0.7773850309895352
h2_0.20_budget_200_pop_1000_parents_40_gen_8_loss_strong,averaged_one_step_switching_5_draws,18,77018,8,1600,-0.13314627914244165,5.628872845565696,5.762019124708138,0.7202523905885172,0.4355560044400479,0.3601261952942586,30.13039025236816,0.4703887937819576,0.5991639577531699,0.29286623728629535,0.5991639577531699,0.10057979746205746,0.9430240904123077,0.005085007692446328,0.005392235197536754,-0.11721383377994839,1600.0,0.264975151483668,0.34769440098898485,0.3038034288379923,0.48009298294324515,0.6953888019779697
h2_0.20_budget_200_pop_1000_parents_40_gen_8_loss_strong,averaged_one_step_switching_5_draws,19,77019,8,1600,-0.13314627914244168,5.469793036875658,5.6029393160181,0.7003674145022625,0.3138555515923242,0.35018370725113124,27.332725960600406,0.408521890528841,0.33151054005768443,0.32027799068575763,0.48774379408391433,0.061848862900312926,0.9430240904123077,0.07222302924011471,0.07658662167213295,-0.11325092072262816,1600.0,0.25774791520670987,0.3447644173982553,0.2746748844763851,0.4093074888720881,1.7238220869912766
h2_0.20_budget_200_pop_1000_parents_40_gen_8_loss_strong,averaged_one_step_switching_5_draws,20,77020,8,1600,-0.13314627914244168,4.649208457083575,4.782354736226017,0.597794342028252,0.49409163235305337,0.29889717101412605,27.00457963488505,0.37130022384118516,0.2499160815676204,0.1792788848153031,0.6096337745792862,0.16330413758067952,0.9430240904123077,0.006992112170883131,0.007414563680792131,-0.12921540930043152,1600.0,0.1382980606770919,0.22698349866550416,0.2542779644496467,0.4831217914146248,0.6809504959965125
h2_0.20_budget_200_pop_500_parents_20_gen_8_loss_standard,averaged_one_step_switching_5_draws,1,70001,8,1600,-0.1704488405824588,5.129003903079056,5.299452743661515,0.6624315929576893,0.4988665194951693,0.3312157964788447,29.235983511102962,0.4339925236243475,0.08583808925406029,0.08583808925406029,0.6464063970666624,0.192734570066409,0.9566069443408146,0.008752203100774505,0.009149215519029641,-0.12347040776891714,1600.0,0.1272712669961038,0.2023983500112081,0.0626600074636148,0.3346003089218487,0.8095934000448324
h2_0.20_budget_200_pop_500_parents_20_gen_8_loss_standard,averaged_one_step_switching_5_draws,2,70002,8,1600,-0.11964119685245768,5.470683841357272,5.59032503820973,0.6987906297762163,0.39818432953908184,0.3493953148881081,28.501715481148082,0.5312957468442978,0.5953929191087383,0.44406980059051354,0.6079412729856198,0.0608640588828571,0.9163164078529756,0.030211045514276343,0.03297010209067843,-0.10424342247626837,1600.0,0.13373284298965396,0.20226595733159533,0.3568824819587089,0.4798099144103572,0.606797871994786
h2_0.20_budget_200_pop_500_parents_20_gen_8_loss_standard,averaged_one_step_switching_5_draws,3,70003,8,1600,-0.11654786941095527,4.905758751969219,5.022306621380174,0.6277883276725218,0.5739574267501378,0.3138941638362609,29.418085312497215,0.4040291222321407,0.23625656753440658,0.17730433503408163,0.5366106401158264,0.1346951281505625,1.0127855097518,0.00013201384235878656,0.00013034728586424856,-0.12722375367767474,1600.0,0.11944573248911183,0.1855791905109072,0.2961153307616029,0.5010494753317905,0.3711583810218144
h2_0.20_budget_200_pop_500_parents_20_gen_8_loss_standard,averaged_one_step_switching_5_draws,4,70004,8,1600,-0.13551548196248514,4.916131717897591,5.051647199860076,0.6314558999825095,0.3967214453319347,0.31572794999125475,26.245392522971066,0.4443870273104283,0.20815257349820798,0.20815257349820798,0.6314854985478237,0.13965625014329583,0.9973091359595114,0.010756777183331106,0.010785800305521124,-0.11562966288880559,1600.0,0.06834544265681568,0.13798032667061003,0.18699969944988046,0.37134704166887755,0.4139409800118301
h2_0.20_budget_200_pop_500_parents_20_gen_8_loss_standard,averaged_one_step_switching_5_draws,5,70005,8,1600,-0.12541267420410396,4.147671895944281,4.273084570148385,0.5341355712685482,0.3340305573672216,0.2670677856342741,22.560054461294932,0.36082914421287005,-0.18966685467729402,-0.18966685467729402,0.6153801482018909,0.24790545143799045,0.9484323894428631,0.026173710281554977,0.027596811931876533,-0.10470489139816092,1600.0,0.10468771350133466,0.17540996649040608,0.15044628680942282,0.24351607833642766,0.7016398659616243
h2_0.20_budget_200_pop_500_parents_20_gen_8_loss_standard,averaged_one_step_switching_5_draws,6,70006,8,1600,-0.1038997920794823,4.235462460980836,4.339362253060318,0.5424202816325397,0.3916704542059258,0.2712101408162699,23.644102119350727,0.3475845397024563,0.4473143372326545,0.1527257486093442,0.5260127895060517,0.11605335222581362,0.9292886920111232,0.0110360473687191,0.011875800774929696,-0.11674463668317668,1600.0,0.11085996467348498,0.1957168549997732,0.18442723249859191,0.3335382464360985,0.5871505649993196
h2_0.20_budget_200_pop_500_parents_20_gen_8_loss_standard,averaged_one_step_switching_5_draws,7,70007,8,1600,-0.15427323017935066,4.0276176426994095,4.1818908728787605,0.5227363591098451,0.367461025638246,0.26136817955492253,22.21533884854003,0.4392389603692579,0.20064252335266983,0.20064252335266983,0.6077982810556319,0.1344997444497993,0.9505897837699264,0.030465317955195487,0.032048859008744705,-0.10086864553351936,1600.0,0.09453907483354367,0.15850793884601444,0.29626771436892835,0.46711551682009445,0.9510476330760866
h2_0.20_budget_200_pop_500_parents_20_gen_8_loss_standard,averaged_one_step_switching_5_draws,8,70008,8,1600,-0.17015917549888168,3.5856549227931978,3.7558140982920794,0.46947676228651,0.43341537185789347,0.23473838114325493,22.082487116239918,0.3052499366760079,-0.07015106275395915,-0.07015106275395915,0.56842744379105,0.22220768494060783,0.9253558227965973,0.006706165692620688,0.007247121082950998,-0.11495181159826681,1600.0,0.10978500066751924,0.1804372273327317,0.11716285403607525,0.3408364555710053,0.5413116819981951
h2_0.20_budget_200_pop_500_parents_20_gen_8_loss_standard,averaged_one_step_switching_5_draws,9,70009,8,1600,-0.1385203397209116,3.5395442966030743,3.678064636323986,0.4597580795404982,0.3839503556703778,0.22987903977024915,20.694156514851407,0.37049026293271947,0.4549445109020116,0.20105840615149143,0.5125222341176449,0.09825438448454893,0.9307340371879597,0.010172361648557848,0.010929396843905863,-0.11260740302314412,1600.0,0.1840258930072499,0.25290796600165777,0.21973456073381117,0.3323236137458087,0.7587238980049733
h2_0.20_budget_200_pop_500_parents_20_gen_8_loss_standard,averaged_one_step_switching_5_draws,10,70010,8,1600,-0.17660870000120465,5.7231759680337015,5.899784668034906,0.7374730835043632,0.327587852392317,0.3687365417521816,27.917903001635278,0.40090559593408914,0.40340746205709,0.2829949025843162,0.5417410640614249,0.08034164126299197,0.9650291965460074,0.08107364601311272,0.08401159913429372,-0.11424859397583399,1600.0,0.15451476550515508,0.22098954000102822,0.34219299989060226,0.4497278902915368,0.8839581600041129
h2_0.20_budget_200_pop_500_parents_20_gen_8_loss_standard,averaged_one_step_switching_5_draws,11,70011,8,1600,-0.16665524836661144,4.066340670345736,4.232995918712347,0.5291244898390434,0.4070695708670797,0.2645622449195217,23.432832766608275,0.39213235456940077,0.3049626802806883,0.1638465809001401,0.5660035314995271,0.13245747486682466,0.9241109598252116,0.0036394726145143204,0.0039383502336155585,-0.11683598542894098,1600.0,0.15378443632895747,0.221518140664557,0.2993425342728093,0.34615240003065567,0.664554421993671
h2_0.20_budget_200_pop_500_parents_20_gen_8_loss_standard,averaged_one_step_switching_5_draws,12,70012,8,1600,-0.1027741213033323,4.460326937600536,4.563101058903868,0.5703876323629835,0.5038923742068601,0.28519381618149175,26.320016330210883,0.4091456162841378,0.1960393162999815,0.1960393162999815,0.6774181218661305,0.15566754688680262,0.9415441293888248,0.023969491837486735,0.025457640368960522,-0.10771672722931581,1600.0,0.11460812825680478,0.1993262802498066,0.15876354462438974,0.4097318111762277,0.7973051209992263
h2_0.20_budget_200_pop_500_parents_20_gen_8_loss_standard,averaged_one_step_switching_5_draws,13,70013,8,1600,-0.1779794965038489,5.159127063121308,5.337106559625157,0.6671383199531447,0.34034048595234345,0.3335691599765723,26.52392710759775,0.41423357282584083,0.3130267283931062,0.24938175289224682,0.5509483228436993,0.10459718878820984,0.9801082533429857,0.09524113094338905,0.09717409339074276,-0.12055423371278978,1600.0,0.11947805020026862,0.19824205299373715,0.1713417926554321,0.4073047485137127,0.9912102649686858
h2_0.20_budget_200_pop_500_parents_20_gen_8_loss_standard,averaged_one_step_switching_5_draws,14,70014,8,1600,-0.1493543257390669,5.9317853103703415,6.081139636109408,0.760142454513676,0.3905890393317507,0.380071227256838,30.31009950839651,0.44784336749077686,0.38766689952863614,0.19192787318855856,0.5649153526804488,0.12348935143204764,0.9687768281154652,0.043718044703979206,0.045127054482736455,-0.13654393639083875,1600.0,0.08037302934098989,0.14836603665996032,0.26845499245650967,0.38150337513254784,0.445098109979881
h2_0.20_budget_200_pop_500_parents_20_gen_8_loss_standard,averaged_one_step_switching_5_draws,15,70015,8,1600,-0.1122638008626275,3.9355739332696738,4.047837734132301,0.5059797167665376,0.5662681850420681,0.2529898583832688,24.80143623760699,0.3657809386796158,0.39297879482656345,0.020821141695963302,0.6858776445344287,0.20736513927914685,0.9062657377450688,0.00923014370437517,0.010184809289316416,-0.11019377875647465,1600.0,0.17923009974037996,0.252269798242196,0.08390554334806435,0.3147009799449712,1.009079192968784
h2_0.20_budget_200_pop_500_parents_20_gen_8_loss_standard,averaged_one_step_switching_5_draws,16,70016,8,1600,-0.10281062474259695,6.300355617587497,6.403166242330094,0.8003957802912617,0.4358264389965767,0.4001978901456309,32.878161639321526,0.503021157928901,0.5545043333300553,0.4160091158582357,0.5884472975348132,0.06793124566425957,0.9569797962146697,0.005431838716632975,0.005676022355036746,-0.11420217002814752,1600.0,0.11604267975053517,0.18725951424130471,0.22656995075669265,0.5204230046084637,0.7490380569652189
h2_0.20_budget_200_pop_500_parents_20_gen_8_loss_standard,averaged_one_step_switching_5_draws,17,70017,8,1600,-0.11537060631981717,4.663635394011566,4.779006000331383,0.597375750041423,0.4585184967633901,0.2986878750207114,26.245520596113135,0.45486466282959653,0.20891990358525764,0.20891990358525764,0.6977942528293025,0.14601011080444645,0.9527763917942381,0.005648157851216614,0.005928104327375475,-0.1309428160266671,1600.0,0.10750013659708202,0.17467723140725866,0.30230202677402496,0.45749585778127894,0.8733861570362933
h2_0.20_budget_200_pop_500_parents_20_gen_8_loss_standard,averaged_one_step_switching_5_draws,18,70018,8,1600,-0.11431113888060714,4.527262195687135,4.641573334567743,0.5801966668209678,0.43581566704432667,0.2900983334104839,25.501289402712075,0.37495006758353355,0.1347998890147106,0.12071343088707949,0.6901494597454203,0.18628797265190009,0.9608064501743633,0.010474063396291765,0.01090132502169503,-0.12570618701994235,1600.0,0.1171986000117613,0.1857310055056587,0.16828662311544768,0.37422855430762864,0.3714620110113174
h2_0.20_budget_200_pop_500_parents_20_gen_8_loss_standard,averaged_one_step_switching_5_draws,19,70019,8,1600,-0.15795776673946912,5.818351071928719,5.976308838668188,0.7470386048335236,0.4007911984579772,0.37351930241676173,30.62368752356653,0.4746546352626717,0.2402818492027463,0.2402818492027463,0.5924481380752255,0.11309827995789509,0.9474365175996058,0.03648196322895328,0.03850597116668333,-0.12124560978446763,1600.0,0.0886868862027768,0.15605823419755324,0.29793554370970937,0.4467683282990692,0.7802911709877662
h2_0.20_budget_200_pop_500_parents_20_gen_8_loss_standard,averaged_one_step_switching_5_draws,20,70020,8,1600,-0.1039727518035415,3.6530221128521005,3.756994864655642,0.46962435808195535,0.48953702172621866,0.23481217904097762,21.77356447642071,0.43184332524766955,0.5654342666888955,0.10829377796591488,0.6868440034477127,0.19885374095403224,1.0014222753351023,0.0035099685641065263,0.0035049835125067477,-0.12083722909885061,1600.0,0.12610151283054924,0.20728308383453017,0.2455556002600828,0.37112931938329585,1.243698503007181
h2_0.20_budget_200_pop_500_parents_20_gen_8_loss_strong,averaged_one_step_switching_5_draws,1,71001,8,1600,-0.17146462017838432,3.9347370517251954,4.106201671903579,0.5132752089879477,0.43306801106113063,0.2566376044939737,23.17789099700889,0.3967561759104118,0.07607715213187745,0.07607715213187745,0.6803859914486381,0.17693314606763466,0.9064477442140332,0.01556764637566305,0.017174345101560726,-0.10391807833495888,1600.0,0.0825389954916318,0.16334129249298712,0.13641761876572522,0.2652961141856727,0.6533651699719485
h2_0.20_budget_200_pop_500_parents_20_gen_8_loss_strong,averaged_one_step_switching_5_draws,2,71002,8,1600,-0.10870228140090464,4.578165037226798,4.686867318627702,0.585858414828463,0.5899737256591318,0.2929292074142314,27.790803145414102,0.3480431142558875,0.4071320811482895,0.037658821746040724,0.6116330151723299,0.18689978780861413,0.977349424257924,0.00016486733584404937,0.0001686882211745598,-0.11515311798319515,1600.0,0.1437731850116203,0.2115024330075054,0.17339205690261794,0.43021749568913875,0.6345072990225162
h2_0.20_budget_200_pop_500_parents_20_gen_8_loss_strong,averaged_one_step_switching_5_draws,3,71003,8,1600,-0.10335122341811222,5.545324513747028,5.64867573716514,0.7060844671456425,0.47022138798588214,0.3530422335728213,30.28668455963426,0.44267322713242707,0.39938806971382523,0.14209564404728348,0.5787375583377677,0.14349816591443854,0.9228192357018398,0.00014881122746593286,0.00016125717985576683,-0.12373841443657706,1600.0,0.10178622284244436,0.16831408751022536,0.28521862579803386,0.4746503526115687,1.0098845250613522
h2_0.20_budget_200_pop_500_parents_20_gen_8_loss_strong,averaged_one_step_switching_5_draws,4,71004,8,1600,-0.13172324144781605,4.532310615092363,4.664033856540179,0.583004232067522,0.5594358218345055,0.2915021160337612,27.50232208631306,0.37168823051860633,0.4920762987481228,-0.025240550366914003,0.6142082958667634,0.2152418182100642,0.9992859395382093,0.0,0.0,-0.12602224906172185,1600.0,0.07135418933467008,0.13681298433220945,0.15273598164128852,0.35369763230210394,0.41043895299662836
h2_0.20_budget_200_pop_500_parents_20_gen_8_loss_strong,averaged_one_step_switching_5_draws,5,71005,8,1600,-0.19546617902202157,3.5178881950303866,3.7133543740524084,0.46416929675655105,0.4598823169564808,0.23208464837827553,22.392171130936198,0.3419037763168078,0.15208463157695054,-0.08928596385995559,0.6136684411079625,0.23811104854283827,0.8533163698268202,9.318884093856183e-05,0.00010920784392953158,-0.10637227281566587,1600.0,0.09213836460839957,0.16187853799783625,0.17574663491960474,0.29382963737939044,0.8093926899891812
h2_0.20_budget_200_pop_500_parents_20_gen_8_loss_strong,averaged_one_step_switching_5_draws,6,71006,8,1600,-0.03348572873772617,4.981182111952534,5.01466784069026,0.6268334800862825,0.4203691411891688,0.31341674004314124,26.736616773006453,0.46531204628357964,0.4032325750135047,0.33826291658792546,0.6545254687188846,0.11558498596623164,0.9481230941870763,0.006757823667093472,0.00712758048878416,-0.12792748437715057,1600.0,0.1446262818062678,0.23236978700151667,0.3022196845873285,0.4283572416324598,1.1618489350075833
h2_0.20_budget_200_pop_500_parents_20_gen_8_loss_strong,averaged_one_step_switching_5_draws,7,71007,8,1600,-0.1734139784476162,5.348737292637163,5.5221512710847795,0.6902689088855973,0.507671511696955,0.3451344544427987,30.61150804538942,0.4374226623208959,0.46594394611564405,0.20867960091213986,0.5625815501827104,0.11075472343582651,0.9246079314401764,0.0004475896695482691,0.0004840859074733439,-0.12590710610081884,1600.0,0.08590278649353422,0.16751554475195007,0.32579276815853375,0.4017104105408701,0.6700621790078003
h2_0.20_budget_200_pop_500_parents_20_gen_8_loss_strong,averaged_one_step_switching_5_draws,8,71008,8,1600,-0.07433348929591278,4.488136582049274,4.562470071345186,0.5703087589181484,0.4414082045944014,0.2851543794590741,25.33475460903928,0.39942513261735907,0.12316656937452876,0.022814689167679408,0.6143734577292267,0.2112556403959654,0.9648995556077824,0.0032148625088651173,0.0033318105394297766,-0.12180826772615405,1600.0,0.12134532861527987,0.18455360240186564,0.3219780274458392,0.43209424802238294,0.9227680120093282
h2_0.20_budget_200_pop_500_parents_20_gen_8_loss_strong,averaged_one_step_switching_5_draws,9,71009,8,1600,-0.118257001609062,4.292362681512666,4.410619683121728,0.5513274603902161,0.392059610054633,0.275663730195108,23.923413525197972,0.3894990426753252,0.029729118798769813,0.029729118798769813,0.6522182232109153,0.22323610141239664,0.9627420592336725,7.609663432258073e-05,7.904156008635631e-05,-0.1200031771072148,1600.0,0.05789271650428418,0.12507494324381696,0.22034109080100145,0.4253992541740926,0.5002997729752678
h2_0.20_budget_200_pop_500_parents_20_gen_8_loss_strong,averaged_one_step_switching_5_draws,10,71010,8,1600,-0.1988036769396678,3.0108939731834212,3.209697650123089,0.401212206265386,0.4511596000798422,0.20060610313269306,19.86179138079723,0.412361260219426,0.6463825576205557,0.260614560937428,0.6463825576205557,0.1374443481274854,0.9680652961949682,0.0,0.0,-0.1214606764845101,1600.0,0.09260160940466448,0.16148907460155898,0.297769131299054,0.4423070281525595,0.8074453730077948
h2_0.20_budget_200_pop_500_parents_20_gen_8_loss_strong,averaged_one_step_switching_5_draws,11,71011,8,1600,-0.07459856107566863,4.683262069517911,4.757860630593579,0.5947325788241974,0.4191822390571702,0.2973662894120987,25.795777132130482,0.3290832901544368,0.2350446779822322,0.062332609584494235,0.49607877060533,0.14432755091654892,0.9873943285478706,0.020747499563992598,0.0210123746553267,-0.10389400185324632,1600.0,0.10426766499100874,0.17659107700455934,0.2598130635383706,0.32141657730515144,0.529773231013678
h2_0.20_budget_200_pop_500_parents_20_gen_8_loss_strong,averaged_one_step_switching_5_draws,12,71012,8,1600,-0.11897644782869016,4.57095990041352,4.6899363482422105,0.5862420435302763,0.3937777595238262,0.29312102176513816,25.096946421284873,0.4454321168574652,0.48000043123883435,0.38454040048585625,0.484744924111571,0.038716375375282316,0.927505082164909,0.05524115729452483,0.05955887289111698,-0.10570751353065569,1600.0,0.07148159425560152,0.1694730920062284,0.13357640678485877,0.45120892694429693,0.6778923680249136
h2_0.20_budget_200_pop_500_parents_20_gen_8_loss_strong,averaged_one_step_switching_5_draws,13,71013,8,1600,-0.11098805180609388,4.5747831563762205,4.685771208182314,0.5857214010227892,0.427338542388874,0.2928607005113946,25.392913998164858,0.415866453687832,0.34017845254306567,0.25287539687190885,0.5503295439620162,0.1020327557874006,0.9213452823928332,0.016606097039799487,0.018023750006807067,-0.10938668685230998,1600.0,0.10726751698530279,0.16939750901656225,0.43187555362006763,0.5503295439620162,0.16939750901656225
h2_0.20_budget_200_pop_500_parents_20_gen_8_loss_strong,averaged_one_step_switching_5_draws,14,71014,8,1600,-0.15462173568121712,5.461289208853948,5.615910944535165,0.7019888680668955,0.42364388818610343,0.3509944340334478,29.64986584240794,0.4912353381250408,0.4954198358120842,0.4350688245372679,0.6184621791988542,0.06031877986005276,0.8778715499337791,0.00045826981500283516,0.0005220237687818953,-0.12447342248275176,1600.0,0.3643850371998269,0.43526422820286825,0.21439349907922903,0.47056276293151955,2.1763211410143413
h2_0.20_budget_200_pop_500_parents_20_gen_8_loss_strong,averaged_one_step_switching_5_draws,15,71015,8,1600,-0.15744369052659607,3.8001806750904743,3.9576243656170704,0.49470304570213375,0.5415698030488866,0.2473515228510669,24.461718010971225,0.3859611064493584,0.0541739482585538,0.0541739482585538,0.6666465309960252,0.2193158204457176,0.9467747478018826,7.90441788798609e-31,8.348784023166753e-31,-0.10271677828540467,1600.0,0.07112887299930055,0.14564584516726123,0.21530120650000825,0.3371930247168169,0.8738750710035674
h2_0.20_budget_200_pop_500_parents_20_gen_8_loss_strong,averaged_one_step_switching_5_draws,16,71016,8,1600,-0.08561265378742877,4.084767664330819,4.170380318118248,0.521297539764781,0.5281394612343613,0.2606487698823905,24.997857447540277,0.43469749801182217,0.40092460456706747,0.34478970895582445,0.5289221796084586,0.06740095128838365,0.9601290097560522,0.0,0.0,-0.1185730561482132,1600.0,0.07488056349393446,0.14367375100118807,0.31326753835625776,0.43612002825142365,0.5746950040047523
h2_0.20_budget_200_pop_500_parents_20_gen_8_loss_strong,averaged_one_step_switching_5_draws,17,71017,8,1600,-0.11552985846555712,4.671313685223839,4.786843543689396,0.5983554429611746,0.34822129368021804,0.29917772148058724,23.696068874900256,0.40509379265741174,0.1120210947670244,0.1120210947670244,0.603013546960337,0.14460822310295632,0.9517835373270678,0.03497295203592559,0.03674464903452895,-0.10720211340825457,1600.0,0.0592074037558632,0.12453997701231856,0.3117330337692363,0.4281844518512836,0.49815990804927424
h2_0.20_budget_200_pop_500_parents_20_gen_8_loss_strong,averaged_one_step_switching_5_draws,18,71018,8,1600,-0.1620965463718256,6.361553663109276,6.523650209481102,0.8154562761851377,0.5964907032241329,0.4077281380925689,34.626032809210855,0.3945347866040532,0.2569153539059777,0.027702735352118032,0.5398018195145098,0.17520451760642033,0.9869102570116789,0.025553594846645246,0.025892521295725928,-0.13050280315027477,1600.0,0.10010035525192507,0.16742810649157036,0.31372468579648344,0.4259646941442823,0.6697124259662814
h2_0.20_budget_200_pop_500_parents_20_gen_8_loss_strong,averaged_one_step_switching_5_draws,19,71019,8,1600,-0.14353075523600559,5.507428042886698,5.650958798122703,0.706369849765338,0.47877961676875036,0.35318492488266895,30.198346655400357,0.46155864891475734,0.5062771535283138,0.24921179603221144,0.593428082154353,0.10070778186631724,1.015110227089168,0.030044431615811676,0.02959721103585389,-0.11936670205305194,1600.0,0.1263729633355979,0.1934987650020048,0.2845993393675366,0.5053703609554163,1.1609925900120288
h2_0.20_budget_200_pop_500_parents_20_gen_8_loss_strong,averaged_one_step_switching_5_draws,20,71020,8,1600,-0.1963502623653551,4.94608197198455,5.142432234349905,0.6428040292937383,0.3914170095505519,0.32140201464686907,27.043816663567508,0.48519734277272825,0.39450225130155786,0.39450225130155786,0.5351780040514639,0.049884798334041226,0.8871736106600898,0.004476019283527867,0.005045257466796769,-0.11280199872844578,1600.0,0.11307216775458073,0.18203085575078148,0.36726853296201073,0.47809910789985577,0.7281234230031259
h2_0.20_budget_200_pop_500_parents_40_gen_8_loss_standard,averaged_one_step_switching_5_draws,1,72001,8,1600,-0.14188874330068516,4.916260953017789,5.058149696318474,0.6322687120398094,0.3164599449481225,0.31613435601990464,24.4625698354421,0.47157915602492656,0.4875441677872021,0.31103847899740195,0.5689712609366736,0.08728345567210223,0.8414459372949068,0.06375929436284733,0.07577348886824706,-0.10151257649385619,1600.0,0.16276333232720694,0.23579565966307806,0.1279732269541623,0.4640458894309331,0.7073869789892342
h2_0.20_budget_200_pop_500_parents_40_gen_8_loss_standard,averaged_one_step_switching_5_draws,2,72002,8,1600,-0.10685868315558136,4.716281486362603,4.823140169518185,0.6028925211897731,0.3337558407914164,0.30144626059488655,24.52959903484839,0.4531760872887599,0.3635156530775719,0.3635156530775719,0.5724794554960705,0.06688676942306977,0.9703301905580621,0.021197039858253032,0.02184518225292162,-0.12288721439113105,1600.0,0.1228072922458523,0.19404322674381547,0.15433479514498546,0.48624286561499297,0.7761729069752619
h2_0.20_budget_200_pop_500_parents_40_gen_8_loss_standard,averaged_one_step_switching_5_draws,3,72003,8,1600,-0.12572274082405135,5.103015907346486,5.228738648170538,0.6535923310213173,0.3336869469979902,0.3267961655106586,26.07070314292793,0.4299196662857579,0.39986042482328404,0.2751424573526031,0.4830391170330567,0.0694124241165356,0.9309242808704438,0.0894759759883297,0.09611520273664666,-0.11018356881680212,1600.0,0.15325965319643728,0.22145862939651123,0.2777296952955428,0.4570639419767127,1.1072931469825562
h2_0.20_budget_200_pop_500_parents_40_gen_8_loss_standard,averaged_one_step_switching_5_draws,4,72004,8,1600,-0.1289674855901006,4.491463791024084,4.620431276614185,0.577553909576773,0.4095326313835028,0.28877695478838655,24.60513877330311,0.3967155083173068,0.20729406207241866,0.17345480446331143,0.6401443983620607,0.16532670680106692,0.9348636369406107,0.07323508183008506,0.07833771572263805,-0.12011402829284143,1600.0,0.17072398265978941,0.24038398365761773,0.3894843901480309,0.5264869099739683,0.7211519509728532
h2_0.20_budget_200_pop_500_parents_40_gen_8_loss_standard,averaged_one_step_switching_5_draws,5,72005,8,1600,-0.11532547801204096,4.559658488381401,4.674983966393442,0.5843729957991805,0.2968874689020311,0.2921864978995901,23.05181553853452,0.44507814916798405,0.33002737862480386,0.33002737862480386,0.5275496878218849,0.0739388002609333,0.9302810907961127,0.0729487534711148,0.07841581882384278,-0.11546452454525516,1600.0,0.12183819850179134,0.19278732049860992,0.15797171234021434,0.4150875000183488,0.7711492819944397
h2_0.20_budget_200_pop_500_parents_40_gen_8_loss_standard,averaged_one_step_switching_5_draws,6,72006,8,1600,-0.10353355641318092,4.594849142231376,4.698382698644557,0.5872978373305695,0.2060230564762013,0.2936489186652848,22.164233734455955,0.4191004012111109,0.36272480107017874,0.2968110866395433,0.5791504168339474,0.09136107735243719,0.9189303456915326,0.06145355940073859,0.0668751006960079,-0.11600750611122648,1600.0,0.13197552600468043,0.2038109099958092,0.26574840012285084,0.5334570370945289,0.4076218199916184
h2_0.20_budget_200_pop_500_parents_40_gen_8_loss_standard,averaged_one_step_switching_5_draws,7,72007,8,1600,-0.17411111994404302,5.104437769854662,5.278548889798705,0.6598186112248381,0.4205440286287314,0.32990930561241905,27.844379356318576,0.47966569404719955,0.3594077888935238,0.3048677337144988,0.6125883087613407,0.10784056327339982,0.9258143982500494,0.019089378501950263,0.02061901233987343,-0.12618922744218689,1600.0,0.16089066199492663,0.22969795174867613,0.37855795057255076,0.5079268380182856,0.9187918069947045
h2_0.20_budget_200_pop_500_parents_40_gen_8_loss_standard,averaged_one_step_switching_5_draws,8,72008,8,1600,-0.13672182376207484,5.396683347816185,5.53340517157826,0.6916756464472824,0.25231709682095615,0.34583782322364126,26.02190173872238,0.42408206588836306,0.47524941969192397,0.28083402550800574,0.5330485761351295,0.08888980828172521,1.0292492545875427,0.07127549885081329,0.06924998831247728,-0.10930476720002988,1600.0,0.13692449340014717,0.20675054960884154,0.12454002273006656,0.39567939831541843,1.0337527480442077
h2_0.20_budget_200_pop_500_parents_40_gen_8_loss_standard,averaged_one_step_switching_5_draws,9,72009,8,1600,-0.14282129995988682,4.843006728134237,4.985828028094124,0.6232285035117655,0.3132970658492465,0.31161425175588275,25.00974285185641,0.48170547177492945,0.4450223359490154,0.406511455812773,0.5655048893518044,0.05732267849145144,0.93661458099572,0.06517554596040415,0.06958630292848492,-0.1112179246284525,1600.0,0.11492408099002205,0.18205129950365517,0.1637745340577425,0.4485435369092501,0.36410259900731035
h2_0.20_budget_200_pop_500_parents_40_gen_8_loss_standard,averaged_one_step_switching_5_draws,10,72010,8,1600,-0.16731936743048687,5.15968706557099,5.327006433001477,0.6658758041251847,0.3243689562974215,0.33293790206259233,25.26534849194062,0.4141192641860926,0.47299478288399455,0.29062093075032475,0.48289609086788904,0.07437030866907943,0.9728404608540935,0.1351322533491958,0.1389048449224224,-0.10529699492695026,1600.0,0.11290156519971788,0.18383975079050288,0.24911845012238382,0.4581515781635561,0.9191987539525144
h2_0.20_budget_200_pop_500_parents_40_gen_8_loss_standard,averaged_one_step_switching_5_draws,11,72011,8,1600,-0.18597395259169627,5.077323582445851,5.263297535037547,0.6579121918796934,0.2968627860880912,0.3289560959398467,25.143422070794923,0.4440220150961876,0.21560928822242498,0.21560928822242498,0.6173261074700163,0.14987194467116843,0.9679632912791871,0.16304831684976118,0.1684447316532932,-0.10642243310333084,1600.0,0.1443549157556845,0.21296787674509687,0.2163746334326026,0.3976246748169234,0.8518715069803875
h2_0.20_budget_200_pop_500_parents_40_gen_8_loss_standard,averaged_one_step_switching_5_draws,12,72012,8,1600,-0.15773921843785002,5.321019777666563,5.478758996104413,0.6848448745130515,0.23514969940999325,0.3424224372565258,25.402823563481757,0.45362164986382736,0.37358278130597516,0.33696026501699583,0.5838302491928635,0.08904923526757129,0.9588668231242493,0.11298210886907019,0.11782878095723835,-0.11188054331549249,1600.0,0.11344003550038906,0.18527091624127934,0.3320757161473974,0.4681626236549301,0.7410836649651174
h2_0.20_budget_200_pop_500_parents_40_gen_8_loss_standard,averaged_one_step_switching_5_draws,13,72013,8,1600,-0.11126401900589006,4.599744861290326,4.711008880296216,0.5888761100370269,0.3624351700203101,0.2944380550185135,24.870122772407154,0.4873226873160036,0.47819654597620936,0.3733457427877071,0.5746054935034591,0.06351932979526098,1.0242735192822991,0.07308628416482345,0.07135426503658365,-0.10444284827517583,1600.0,0.23029746001702733,0.30440425500273705,0.20628439852056996,0.5495897516042046,0.30440425500273705
h2_0.20_budget_200_pop_500_parents_40_gen_8_loss_standard,averaged_one_step_switching_5_draws,14,72014,8,1600,-0.12165661386399194,4.885134674109786,5.006791287973778,0.625848910996722,0.31292526746461274,0.3129244554983611,24.32321767809841,0.4160881173970403,0.2484212690305228,0.1506501089422411,0.6739345128119065,0.18496569566057516,0.9279499627100206,0.017291690908185418,0.018634292368185566,-0.1284369807888761,1600.0,0.13380758700805018,0.2051569140094216,0.3318448433070743,0.5195634946644194,0.8206276560376864
h2_0.20_budget_200_pop_500_parents_40_gen_8_loss_standard,averaged_one_step_switching_5_draws,15,72015,8,1600,-0.10367194933513162,4.758541067356637,4.8622130166917685,0.6077766270864711,0.2299310749626696,0.30388831354323553,22.808429729933046,0.4505929478939254,0.5739127316563235,0.3256484421545676,0.5739127316563235,0.07624821454755998,0.9256769642120055,0.08274693394832565,0.08939072392145465,-0.10137391123703007,1600.0,0.143164067203179,0.22479977119946853,0.25786524069101324,0.4307807947310135,1.1239988559973426
h2_0.20_budget_200_pop_500_parents_40_gen_8_loss_standard,averaged_one_step_switching_5_draws,16,72016,8,1600,-0.05269471728218502,5.9415899700593275,5.994284687341513,0.7492855859176891,0.2782904393596087,0.37464279295884456,27.826104136032995,0.4137260578826828,0.4130451324306008,0.2895382040573814,0.5442098270759907,0.08684177482450679,0.9153962943098292,0.11991732533539923,0.1310004487464218,-0.10654012918184325,1600.0,0.1338213202876172,0.21120943700745037,0.24491029570429207,0.41487968256183827,1.4784660590521526
h2_0.20_budget_200_pop_500_parents_40_gen_8_loss_standard,averaged_one_step_switching_5_draws,17,72017,8,1600,-0.07507904591617963,4.803219989421285,4.878299035337465,0.6097873794171831,0.2747831361777189,0.30489368970859154,23.695783680374074,0.4162633321384858,0.3916868242440071,0.2385800682893493,0.5423090295243251,0.11083538728043003,0.9036082341269314,0.10618880028545427,0.11751641505132383,-0.10117845036424232,1600.0,0.12011342533514835,0.1924978658304705,0.24539173168313835,0.39881194943209186,1.154987194982823
h2_0.20_budget_200_pop_500_parents_40_gen_8_loss_standard,averaged_one_step_switching_5_draws,18,72018,8,1600,-0.13444662570558444,4.692709676088774,4.827156301794359,0.6033945377242949,0.26867817312912984,0.3016972688621474,23.102601807027412,0.4443893802926846,0.11288761738294194,0.11288761738294194,0.6270851559873218,0.16306308445179932,0.9142823599554785,0.03511044566976818,0.038402190841216606,-0.1156213992098155,1600.0,0.16075646133200885,0.23472532033338211,0.27000002831253356,0.42129975945298415,0.7041759610001463
h2_0.20_budget_200_pop_500_parents_40_gen_8_loss_standard,averaged_one_step_switching_5_draws,19,72019,8,1600,-0.13963358945695784,4.275101190262345,4.414734779719303,0.5518418474649128,0.26544398484823467,0.2759209237324564,20.515902888170466,0.42353177930744923,0.43079752865136345,0.2600159884612915,0.4946543656797694,0.07402323885716518,0.9295888131798989,0.09572234667057766,0.10297278249631105,-0.10966618689827495,1600.0,0.09605243479600176,0.1649020389886573,0.2489471163149203,0.4504209250557068,0.8245101949432865
h2_0.20_budget_200_pop_500_parents_40_gen_8_loss_standard,averaged_one_step_switching_5_draws,20,72020,8,1600,-0.10737287060686866,5.0769684029703095,5.1843412735771786,0.6480426591971472,0.2652353718631567,0.32402132959857366,25.00157757947529,0.44259918241742485,0.5361038353274387,0.1867531152570985,0.5387209628344491,0.11397414368620175,0.9405240747928696,0.03903183542239656,0.04150009177701538,-0.11428604954883864,1600.0,0.10176988960010931,0.1829189981915988,0.29186910064386656,0.4285579090171903,0.914594990957994
h2_0.20_budget_200_pop_500_parents_40_gen_8_loss_strong,averaged_one_step_switching_5_draws,1,73001,8,1600,-0.08600114492235206,3.533657431337545,3.619658576259897,0.4524573220324871,0.4325394337302606,0.22622866101624353,21.24758099376595,0.40563698446806623,0.24939136422468225,0.11118974353201094,0.745248734208864,0.20451157876147885,0.9863477145936544,0.0,0.0,-0.1374864197297844,1600.0,0.1421729610010516,0.2081473002617713,0.17973503471484822,0.39919487514228214,0.8325892010470852
h2_0.20_budget_200_pop_500_parents_40_gen_8_loss_strong,averaged_one_step_switching_5_draws,2,73002,8,1600,-0.16013209508751344,3.9594097163103177,4.1195418113978315,0.5149427264247288,0.4079572132940629,0.25747136321236447,23.306962958379636,0.41697337928105915,0.29948311421356516,0.28623505265088023,0.5448039280610932,0.09392086629776866,0.8954883562537904,0.0174243419780898,0.019457921319025576,-0.11259153703995264,1600.0,0.10693582437306759,0.17451833049562993,0.23464495430239063,0.41697337928105915,1.3961466439650394
h2_0.20_budget_200_pop_500_parents_40_gen_8_loss_strong,averaged_one_step_switching_5_draws,3,73003,8,1600,-0.14461903984912072,4.246291484719541,4.390910524568662,0.5488638155710828,0.34480459197255686,0.2744319077855414,22.914655637905682,0.4270898455572213,0.2937992830078434,0.2937992830078434,0.5049168299912634,0.07619929341204595,0.9741985035672331,0.020333181692043567,0.020871702858903333,-0.12116230484997599,1600.0,0.10971640039351768,0.176257872604765,0.2413353019889451,0.4524959054358849,0.881289363023825
h2_0.20_budget_200_pop_500_parents_40_gen_8_loss_strong,averaged_one_step_switching_5_draws,4,73004,8,1600,-0.10590515619401708,3.9782767011480886,4.084181857342106,0.5105227321677632,0.4428430415215785,0.2552613660838816,23.267469148346763,0.34674549948458566,0.13151910448733795,0.13151910448733795,0.5375280139972857,0.1361740541566327,0.948904380618335,0.011457625717959044,0.012074584069780462,-0.11317248423108212,1600.0,0.11338308249833062,0.18127054325304925,0.13813454121760446,0.30308871055334663,0.725082173012197
h2_0.20_budget_200_pop_500_parents_40_gen_8_loss_strong,averaged_one_step_switching_5_draws,5,73005,8,1600,-0.17487793285719153,5.492510019448359,5.667387952305551,0.7084234940381939,0.4409066073648262,0.3542117470190969,29.75629229004823,0.46354392400934097,0.4000189500529666,0.19416886598151115,0.6873047321376409,0.18562129883633186,0.8975365521090657,0.030369252606696193,0.03383622932718825,-0.12518498699792102,1600.0,0.11052298399736174,0.1912348348123487,0.314270757076855,0.4552965647164278,0.9561741740617435
h2_0.20_budget_200_pop_500_parents_40_gen_8_loss_strong,averaged_one_step_switching_5_draws,6,73006,8,1600,-0.15889663564609938,6.184309655317472,6.343206290963572,0.7929007863704465,0.3820507681725378,0.3964503931852232,30.91146939150581,0.49067573598748065,0.30691035308144754,0.2694692389423781,0.6441844678395837,0.14318910392756873,0.9406811330011003,0.08498021786531294,0.09033902656705409,-0.1218325953107514,1600.0,0.12810196279897354,0.2052020695991814,0.22001260195455302,0.5010791011929453,1.026010347995907
h2_0.20_budget_200_pop_500_parents_40_gen_8_loss_strong,averaged_one_step_switching_5_draws,7,73007,8,1600,-0.12424179890436486,3.2212694444983456,3.3455112434027106,0.4181889054253388,0.2944538629933969,0.20909445271266944,18.0032568330722,0.4004764875272324,0.16506118601846248,0.16506118601846248,0.5219931742491022,0.11699307918539815,0.942912158121221,0.003198714585819786,0.003392378132225291,-0.1165299148205041,1600.0,0.13212020831997506,0.20329840499713706,0.08126263620979106,0.28775353755256244,0.6098952149914112
h2_0.20_budget_200_pop_500_parents_40_gen_8_loss_strong,averaged_one_step_switching_5_draws,8,73008,8,1600,-0.04538836705315984,4.546897529890961,4.59228589694412,0.5740357371180151,0.344093653171373,0.2870178685590075,22.119962178664156,0.3737439731863813,0.467660704675793,-0.03318545544033161,0.5048116262490222,0.17318353646285964,0.9323784658876224,0.04470151094286545,0.047943525701561227,-0.09662073484525598,1600.0,0.07967942878603936,0.14716033760341815,0.32998550840478846,0.43632990557421125,0.7358016880170908
h2_0.20_budget_200_pop_500_parents_40_gen_8_loss_strong,averaged_one_step_switching_5_draws,9,73009,8,1600,-0.11578115723533716,4.125022127998745,4.240803285234082,0.5301004106542604,0.41627577678130157,0.26505020532713014,23.287509390656403,0.4368148316640915,0.41799151108545457,0.3359059012213203,0.6421716263735977,0.09648921017111925,0.956606453144572,0.023383883741634318,0.02444462261859769,-0.12865706711138142,1600.0,0.11419451398736176,0.18596483700093813,0.3362800455811203,0.506588586488429,0.5578945110028144
h2_0.20_budget_200_pop_500_parents_40_gen_8_loss_strong,averaged_one_step_switching_5_draws,10,73010,8,1600,-0.15049739071681897,5.551192434151287,5.701689824868105,0.7127112281085131,0.3583417520566806,0.3563556140542566,28.093222500599936,0.42448139144527125,0.28398543105572893,0.28398543105572893,0.6205005534632451,0.11771424427454268,0.9443949178694391,0.028528037356432202,0.030207741291949808,-0.13223279568846472,1600.0,0.149619674506539,0.2201936482451856,0.23110069457246302,0.4650787648346281,0.8807745929807425
h2_0.20_budget_200_pop_500_parents_40_gen_8_loss_strong,averaged_one_step_switching_5_draws,11,73011,8,1600,-0.12194206370074115,4.1725323413389805,4.294474405039722,0.5368093006299651,0.3832856210335914,0.2684046503149826,22.98829420723294,0.41765498530563916,0.14513970306210222,0.14513970306210222,0.714245472068115,0.1951138442359199,0.986043586125766,0.027551133318668614,0.027941090745206242,-0.12163231393811233,1600.0,0.1306547615022282,0.2106778897505137,0.1751208503451395,0.393978098751278,0.8427115590020549
h2_0.20_budget_200_pop_500_parents_40_gen_8_loss_strong,averaged_one_step_switching_5_draws,12,73012,8,1600,-0.1401268527893327,5.097493189791303,5.237620042580636,0.6547025053225795,0.37369065780517535,0.3273512526612897,26.199420138620326,0.4990464863492384,0.3695357380090713,0.3408238117323038,0.7012873695616367,0.12330734358732753,0.9040206101557012,0.20808949453934367,0.23018224607014656,-0.08617668363503034,1600.0,0.1469466354974429,0.2159352685121121,0.3627399031301931,0.5648252247312148,0.8637410740484484
h2_0.20_budget_200_pop_500_parents_40_gen_8_loss_strong,averaged_one_step_switching_5_draws,13,73013,8,1600,-0.11693695753946998,4.488086772184106,4.605023729723576,0.575627966215447,0.31996947974354767,0.2878139831077235,23.227842078045892,0.3599191453024176,0.15447675234055389,0.1449795755189375,0.6597944904340014,0.17709098148573374,0.9677482747744242,0.07395966887530293,0.07642449054486039,-0.11634255418469423,1600.0,0.11494333700587352,0.18382580365869217,0.12335219836499796,0.2683470148374605,0.5514774109760765
h2_0.20_budget_200_pop_500_parents_40_gen_8_loss_strong,averaged_one_step_switching_5_draws,14,73014,8,1600,-0.16630137986531962,5.841185222763061,6.00748660262838,0.7509358253285475,0.350492677137876,0.37546791266427376,29.61104545193637,0.5186084290441398,0.2936410508242073,0.2936410508242073,0.651757004496454,0.13861431117226392,1.001414073266058,0.067482491611687,0.06738720117203516,-0.11573087861327849,1600.0,0.12277860375616001,0.19149013749847654,0.360212474356174,0.5707779255402576,0.7659605499939062
h2_0.20_budget_200_pop_500_parents_40_gen_8_loss_strong,averaged_one_step_switching_5_draws,15,73015,8,1600,-0.14960691762785192,4.1859078955357605,4.335514813163613,0.5419393516454516,0.3509289671429316,0.2709696758227258,22.54548507679585,0.4398471023717047,-0.02111095528690168,-0.02111095528690168,0.6987796356804471,0.23366939252223562,0.9999383897692146,0.017738863720017456,0.01773995668284281,-0.12229400358443995,1600.0,0.11708939899108373,0.18630933298845775,0.4240359754262213,0.5096468183536246,0.3726186659769155
h2_0.20_budget_200_pop_500_parents_40_gen_8_loss_strong,averaged_one_step_switching_5_draws,16,73016,8,1600,-0.12939530096796767,4.371571589849957,4.500966890817924,0.5626208613522405,0.33762151190541706,0.28131043067612027,23.256384787296927,0.37461702661551083,0.09507574078075424,0.09507574078075424,0.5015068214216161,0.1302699900342759,0.9248969669630568,0.03559788260955834,0.038488484535143065,-0.12282712665810966,1600.0,0.09873179219430313,0.1734446816088166,0.1687111026608093,0.38469440619457623,0.867223408044083
h2_0.20_budget_200_pop_500_parents_40_gen_8_loss_strong,averaged_one_step_switching_5_draws,17,73017,8,1600,-0.19103747596623594,6.1953257554827035,6.386363231448939,0.7982954039311173,0.49598896193330083,0.3991477019655587,32.06970477839503,0.4500112728884513,0.031107037346182694,0.031107037346182694,0.6849809785838843,0.2152603479662786,0.9427268120957149,0.04631472616646626,0.04912847027603574,-0.1451241759726887,1600.0,0.06897441832309899,0.1383994043377849,0.41100313995165116,0.5029310183124424,0.4151982130133547
h2_0.20_budget_200_pop_500_parents_40_gen_8_loss_strong,averaged_one_step_switching_5_draws,18,73018,8,1600,-0.1444925764170638,5.490666220959934,5.635158797376998,0.7043948496721248,0.2569591994250522,0.35219742483606237,24.458860520500224,0.46852197181953437,0.6077230183761873,0.30955752260245023,0.6077230183761873,0.10601443633539745,0.978214524551875,0.06139561712262321,0.06276293755784178,-0.10187210308954103,1600.0,0.09917101376049686,0.1693750215054024,0.2745183119943075,0.5114518189303097,0.6775000860216096
h2_0.20_budget_200_pop_500_parents_40_gen_8_loss_strong,averaged_one_step_switching_5_draws,19,73019,8,1600,-0.13905975963181894,4.939548560000915,5.0786083196327345,0.6348260399540919,0.31012442042957433,0.3174130199770459,25.130044273558614,0.4619604657764397,0.5324007400486886,0.11427491358873156,0.5690548195344332,0.14734055368427543,0.9093642190423186,0.12201775108700527,0.13417918643808768,-0.09940025693772604,1600.0,0.157338159995561,0.22447218374873046,0.2979154471569786,0.4151569506208366,0.8978887349949218
h2_0.20_budget_200_pop_500_parents_40_gen_8_loss_strong,averaged_one_step_switching_5_draws,20,73020,8,1600,-0.13073593872041434,5.553966856512547,5.684702795232962,0.7105878494041201,0.5268139932974994,0.3552939247020601,29.444298234339268,0.4514734899365946,0.4580594869499646,0.17473326772098155,0.7021113842449004,0.14591856848360268,0.9296932568141624,0.07814590494188109,0.08405557894403635,-0.13211359510288817,1600.0,0.14367265100008808,0.218083193001803,0.22603923845146728,0.46649555207982457,0.872332772007212
h2_0.20_budget_75_pop_1000_parents_20_gen_8_loss_standard,averaged_one_step_switching_5_draws,1,66001,8,600,-0.13314627914244165,2.7848702022766485,2.91801648141909,0.36475206017738626,0.5364611757355501,0.486336080236515,19.449581939833948,0.18834782153878676,0.08392621087343026,0.018378142165967403,0.5363431341410577,0.16921680980546133,0.9430240904123077,0.0,0.0,-0.10568771651976214,600.0,0.3283953929931158,0.4033701260050293,0.1574993097645408,0.17716665586949448,0.8067402520100586
h2_0.20_budget_75_pop_1000_parents_20_gen_8_loss_standard,averaged_one_step_switching_5_draws,2,66002,8,600,-0.13314627914244165,4.191967105004657,4.325113384147099,0.5406391730183874,0.43164668697955527,0.7208522306911832,23.760761570436628,0.43450596280851395,0.5230529341110617,0.315718084175578,0.5391518962958544,0.09207319746346997,0.9430240904123077,3.158602223107155e-30,3.3494395903779665e-30,-0.12828685259229045,600.0,0.2670025094994344,0.34751758600759786,0.3478129846815678,0.41938550914331985,0.6950351720151957
h2_0.20_budget_75_pop_1000_parents_20_gen_8_loss_standard,averaged_one_step_switching_5_draws,3,66003,8,600,-0.13314627914244165,2.8722596921215295,3.005405971263971,0.37567574640799634,0.5297963476853729,0.5009009952106619,19.148604521550027,0.31823639067531034,0.09867703353114943,-0.07041370854633641,0.5697083512055903,0.21663821507716055,0.9430240904123077,0.0009262062540669395,0.0009821660586231524,-0.10281989016001139,600.0,0.24013688600583313,0.31694428032884997,0.23128039770224992,0.36697818330088977,0.9508328409865499
h2_0.20_budget_75_pop_1000_parents_20_gen_8_loss_standard,averaged_one_step_switching_5_draws,4,66004,8,600,-0.13314627914244165,3.6007193105083544,3.733865589650796,0.4667331987063495,0.5174915344085941,0.6223109316084661,22.03541288718735,0.24582207177746765,-0.08809410151402451,-0.08809410151402451,0.5769431606566063,0.2200275585474992,0.9430240904123077,0.017031558487904087,0.018060576247270175,-0.08883621100688399,600.0,0.1892404537939001,0.2587368457985576,0.23211823340696106,0.32767634035756804,1.2936842289927881
h2_0.20_budget_75_pop_1000_parents_20_gen_8_loss_standard,averaged_one_step_switching_5_draws,5,66005,8,600,-0.13314627914244165,3.8693190456536195,4.002465324796061,0.5003081655995076,0.4759009656137551,0.6670775541326769,23.424626759100725,0.2715234660435506,0.02498067043020993,0.02498067043020993,0.48609779661709357,0.12702727186444082,0.9430240904123077,0.04129184924425612,0.0437866324562319,-0.10907830191592596,600.0,0.23601054799898216,0.30383851499451947,0.224892659181229,0.2770389891392418,0.9115155449835584
h2_0.20_budget_75_pop_1000_parents_20_gen_8_loss_standard,averaged_one_step_switching_5_draws,6,66006,8,600,-0.13314627914244168,6.19111856644017,6.324264845582611,0.7905331056978264,0.45171064485494866,1.054044140930435,31.651589001341783,0.4298567663372933,0.36849738320828446,0.3308570714371149,0.6246832983468903,0.1022364125656391,0.9430240904123077,0.008322510007802753,0.00882534188937209,-0.11932067204112648,600.0,0.2597674740148553,0.3283057599910535,0.30795555300885474,0.38221523254468104,0.9849172799731605
h2_0.20_budget_75_pop_1000_parents_20_gen_8_loss_standard,averaged_one_step_switching_5_draws,7,66007,8,600,-0.13314627914244168,4.761801983853351,4.8949482629957926,0.611868532874474,0.49357769976257043,0.8158247104992987,27.514609976516077,0.29891385417013827,0.3944504770296707,0.010148447941096487,0.571000791071993,0.1909863629640181,0.9430240904123077,0.024762650700390132,0.026258767885307618,-0.13726238564941395,600.0,0.1353115230012918,0.21123601349972887,0.22293845709520838,0.26737138649877945,0.8449440539989155
h2_0.20_budget_75_pop_1000_parents_20_gen_8_loss_standard,averaged_one_step_switching_5_draws,8,66008,8,600,-0.13314627914244165,5.158581578161086,5.291727857303528,0.661465982162941,0.4122110308909004,0.8819546428839213,27.768462337378015,0.382817508490651,0.6527784316427756,0.20694709236843695,0.6527784316427756,0.16215853882148096,0.9430240904123077,0.009734993655612891,0.010323165393745743,-0.10838278658491453,600.0,0.2099432520044502,0.2857548523267421,0.3687036407065292,0.41990093584608273,0.8572645569802262
h2_0.20_budget_75_pop_1000_parents_20_gen_8_loss_standard,averaged_one_step_switching_5_draws,9,66009,8,600,-0.13314627914244168,4.462031181390105,4.595177460532547,0.5743971825665684,0.4634410508742731,0.7658629100887578,25.862197962155992,0.30831723967608504,0.176000898852517,0.176000898852517,0.5155548405877333,0.12941620924683406,0.9430240904123077,0.018044734093019345,0.019134966197024567,-0.11238336691192569,600.0,0.19177696774568176,0.27913787200668594,0.2129121869087339,0.30945319969626695,1.1165514880267438
h2_0.20_budget_75_pop_1000_parents_20_gen_8_loss_standard,averaged_one_step_switching_5_draws,10,66010,8,600,-0.13314627914244168,4.678414605764294,4.8115608849067355,0.6014451106133418,0.5513391996802668,0.8019268141511225,26.910111862310746,0.32157773485879937,0.44781253732440524,0.15563073422342244,0.5092464696045622,0.12115285796369313,0.9430240904123077,0.006461483973256549,0.006851875831116326,-0.13234949186022993,600.0,0.18426691025524633,0.2600652412584168,0.2426703875564421,0.363214802836349,1.0402609650336672
h2_0.20_budget_75_pop_1000_parents_20_gen_8_loss_standard,averaged_one_step_switching_5_draws,11,66011,8,600,-0.13314627914244165,2.9572864621025663,3.090432741245008,0.386304092655626,0.5197358790815035,0.5150721235408346,19.45059939311808,0.3310978601457125,0.1941239222394085,-0.09526315490945468,0.6317312053172678,0.24881009439023746,0.9430240904123077,0.0036993289954536587,0.003922836153460558,-0.0963811902033973,600.0,0.18221223549335264,0.25960639950062614,0.19711342701024948,0.2330830313768522,0.5192127990012523
h2_0.20_budget_75_pop_1000_parents_20_gen_8_loss_standard,averaged_one_step_switching_5_draws,12,66012,8,600,-0.13314627914244165,4.3949906966372465,4.528136975779688,0.566017121972461,0.4623580726115882,0.7546894959632814,24.763169411422243,0.30942037396624195,0.20183794509015812,0.1358236400064537,0.5913725384187046,0.14406611362085622,0.9430240904123077,0.0018792215307022594,0.001992760895302928,-0.11974233789086604,600.0,0.18034129619481973,0.25769452460226605,0.2836697829643319,0.3422908740151308,1.2884726230113301
h2_0.20_budget_75_pop_1000_parents_20_gen_8_loss_standard,averaged_one_step_switching_5_draws,13,66013,8,600,-0.13314627914244165,2.872496927942268,3.0056432070847094,0.37570540088558857,0.5588179774355803,0.5009405345141182,19.89457416613949,0.27865786939781184,0.0,0.0,0.7254825756990395,0.2782607110258571,0.9430240904123077,0.0,0.0,-0.12422995860653469,600.0,0.19272207899484783,0.26252143366339925,0.2634744825877864,0.3249066236644719,0.7875643009901978
h2_0.20_budget_75_pop_1000_parents_20_gen_8_loss_standard,averaged_one_step_switching_5_draws,14,66014,8,600,-0.13314627914244165,5.291939678688404,5.425085957830846,0.6781357447288557,0.48938210005499067,0.9041809929718077,28.800110268318118,0.3851021976702203,0.30330951409193785,0.22298504173624162,0.5768964315276538,0.13424779934821765,0.9430240904123077,0.058101046105269505,0.06161141236579295,-0.11292181453864432,600.0,0.2910261189972516,0.36567937899963,0.3795637525508003,0.4228808932339702,0.36567937899963
h2_0.20_budget_75_pop_1000_parents_20_gen_8_loss_standard,averaged_one_step_switching_5_draws,15,66015,8,600,-0.13314627914244165,2.8920845313837344,3.025230810526176,0.37815385131577195,0.604291908545618,0.504205135087696,19.689371489141283,0.26836537360788126,0.39326543928864577,-0.035304352345047106,0.47192640544265163,0.1992242922583698,0.9430240904123077,0.0,0.0,-0.09017482359298704,600.0,0.18086571550520603,0.26205947924609063,0.254458948513524,0.2879050144091518,1.0482379169843625
h2_0.20_budget_75_pop_1000_parents_20_gen_8_loss_standard,averaged_one_step_switching_5_draws,16,66016,8,600,-0.13314627914244165,2.7778382882746637,2.9109845674171053,0.36387307092713805,0.5450755721703503,0.4851640945695176,19.214385432534606,0.2869957034509,0.38786042885842553,-0.256326077403437,0.7648490533369986,0.30409880609507045,0.9430240904123077,0.0006262876306588725,0.0006641268627454128,-0.10645619298101172,600.0,0.19320498724846402,0.2641435640034615,0.19298911853456363,0.2437198291264821,1.056574256013846
h2_0.20_budget_75_pop_1000_parents_20_gen_8_loss_standard,averaged_one_step_switching_5_draws,17,66017,8,600,-0.13314627914244165,5.771970826710973,5.905117105853415,0.7381396382316769,0.5447789367037071,0.9841861843089025,31.600833004083814,0.26637534288880377,-0.3071752871057044,-0.3071752871057044,0.42574601990326166,0.23926203319082845,0.9430240904123077,0.0007619218802716141,0.0008079559027367876,-0.10811009621643443,600.0,0.2992124437994789,0.37604864659369924,0.20302875094738498,0.3361034324398967,1.8802432329684962
h2_0.20_budget_75_pop_1000_parents_20_gen_8_loss_standard,averaged_one_step_switching_5_draws,18,66018,8,600,-0.13314627914244165,5.06331930957769,5.196465588720131,0.6495581985900163,0.5916025197748906,0.8660775981200219,28.881785684056403,0.3115723707963499,0.2281166388174251,0.01998171337139683,0.5766933173958769,0.1882511511380532,0.9430240904123077,0.011879456815726145,0.012597193366006402,-0.11986546733792663,600.0,0.1843103242572397,0.2694942947564414,0.3345602255078035,0.4208871535849337,1.0779771790257655
h2_0.20_budget_75_pop_1000_parents_20_gen_8_loss_standard,averaged_one_step_switching_5_draws,19,66019,8,600,-0.13314627914244165,4.202283051061677,4.335429330204119,0.5419286662755147,0.4757347496698053,0.7225715550340197,24.09457552325587,0.38150887932718436,0.6322961190570865,0.1811024549677622,0.6322961190570865,0.17455434255215035,0.9430240904123077,0.018028972942423886,0.019118252784551117,-0.12032486166827842,600.0,0.3698406100011198,0.4687548794900067,0.42551815491379286,0.48157165490483156,0.9375097589800134
h2_0.20_budget_75_pop_1000_parents_20_gen_8_loss_standard,averaged_one_step_switching_5_draws,20,66020,8,600,-0.13314627914244168,5.144289828828476,5.277436107970917,0.6596795134963647,0.39856676144288994,0.8795726846618196,26.415865554328924,0.37101860103259326,0.12836077322099185,0.12836077322099185,0.5464175489447087,0.15513474785292586,0.9430240904123077,0.03429065308478756,0.036362435947733904,-0.11243383957001618,600.0,0.22582289899582975,0.301705566002056,0.4745723728844472,0.49089149831653045,0.603411132004112
h2_0.20_budget_75_pop_1000_parents_20_gen_8_loss_strong,averaged_one_step_switching_5_draws,1,67001,8,600,-0.13314627914244168,4.354558131745892,4.487704410888334,0.5609630513610417,0.5533454866926647,0.7479507351480557,26.77269501048008,0.291310157787294,0.11848679209014938,0.03171058144771415,0.645433146233682,0.2011331068038332,0.9430240904123077,0.0034137065378810508,0.0036199568734119132,-0.12512637444026675,600.0,0.12728073700175932,0.20355969733403376,0.30726762793648593,0.36551552971537715,0.6106790920021012
h2_0.20_budget_75_pop_1000_parents_20_gen_8_loss_strong,averaged_one_step_switching_5_draws,2,67002,8,600,-0.13314627914244168,3.6056017034511005,3.738747982593542,0.4673434978241927,0.3604509585282592,0.6231246637655904,20.142550732727642,0.2891375909762159,0.12184897230006099,0.018934808373369538,0.48344602187159885,0.16760160613007155,0.9430240904123077,0.01065580036550606,0.011299605676931482,-0.11666215138943511,600.0,0.1476824663404841,0.21714472733826065,0.43376830215359147,0.43364071004099713,0.651434182014782
h2_0.20_budget_75_pop_1000_parents_20_gen_8_loss_strong,averaged_one_step_switching_5_draws,3,67003,8,600,-0.13314627914244165,4.413056659367095,4.546202938509537,0.5682753673136922,0.5707768785219852,0.7577004897515895,26.19321241583848,0.30571774073034264,-0.0024499952908722785,-0.0024499952908722785,0.5556288181794233,0.18759357487659173,0.9430240904123077,0.0009791201726492564,0.0010382769460546516,-0.13224266244232513,600.0,0.18307453185635886,0.2629691668511701,0.3523418388751129,0.34974170301908764,1.8407841679581907
h2_0.20_budget_75_pop_1000_parents_20_gen_8_loss_strong,averaged_one_step_switching_5_draws,4,67004,8,600,-0.13314627914244168,5.388194812417213,5.521341091559655,0.6901676364449568,0.4771019034615833,0.9202235152599424,29.562190778399724,0.37207879008574074,0.4103836890696916,0.19955365570709754,0.6100892990929757,0.13811906256691653,0.9430240904123077,0.01796808817362839,0.01905368946171079,-0.13204867061863898,600.0,0.25029548299789894,0.3240636569826165,0.2568499226622806,0.37847883336180693,0.648127313965233
h2_0.20_budget_75_pop_1000_parents_20_gen_8_loss_strong,averaged_one_step_switching_5_draws,5,67005,8,600,-0.13314627914244165,4.936884911325222,5.070031190467663,0.6337538988084579,0.4327140182548914,0.8450051984112772,26.467411000058128,0.4117654033946674,0.5423943051906664,0.2513409060871078,0.5775579115855669,0.1206303624032264,0.9430240904123077,0.010832106164203485,0.011486563571740237,-0.11448943671785382,600.0,0.22813992620212958,0.29740141101065093,0.3948277684107978,0.4099046931693094,1.4870070550532546
h2_0.20_budget_75_pop_1000_parents_20_gen_8_loss_strong,averaged_one_step_switching_5_draws,6,67006,8,600,-0.13314627914244168,4.640820307312358,4.7739665864548,0.5967458233068502,0.525857048995473,0.7956610977424666,27.833052532729816,0.35803916689561166,0.2622747662458681,0.15911020469580564,0.5787791226661021,0.14621641114902656,0.9430240904123077,0.004038752501212249,0.004282767049404254,-0.1269204723291549,600.0,0.1603325997493812,0.2334732877498027,0.3585751387045435,0.36205465485912774,0.9338931509992108
h2_0.20_budget_75_pop_1000_parents_20_gen_8_loss_strong,averaged_one_step_switching_5_draws,7,67007,8,600,-0.13314627914244165,4.259385074956189,4.39253135409863,0.5490664192623289,0.535045592908686,0.7320885590164383,25.906620892299962,0.3471690448224047,0.3891277863276268,0.07191645956978095,0.747535097351119,0.2088823300187813,0.9430240904123077,0.005410635322416454,0.005737536694371003,-0.1273010774120691,600.0,0.24207729699555786,0.3222481078119017,0.21725529584676512,0.31375460306614217,1.6112405390595086
h2_0.20_budget_75_pop_1000_parents_20_gen_8_loss_strong,averaged_one_step_switching_5_draws,8,67008,8,600,-0.13314627914244168,3.2479451218991366,3.3810914010415782,0.42263642513019734,0.2766901001592336,0.5635152335069297,17.7354443102114,0.3194529986362913,0.23991527874388238,0.14882600379535868,0.5654329305631914,0.12970779802369098,0.9430240904123077,0.001862224014913595,0.001974736418556811,-0.12091095516656147,600.0,0.09153776201128494,0.16553606900561135,0.260844937157553,0.4026741046535369,0.3310721380112227
h2_0.20_budget_75_pop_1000_parents_20_gen_8_loss_strong,averaged_one_step_switching_5_draws,9,67009,8,600,-0.13314627914244165,3.0863395049084317,3.2194857840508733,0.4024357230063591,0.40139097123724776,0.5365809640084789,17.983029317315435,0.2168981194121116,-0.06783311518523893,-0.06783311518523893,0.44506105348533087,0.16535071202081972,0.9430240904123077,0.03559190574410677,0.0377423080767166,-0.11168652729722629,600.0,0.25820843600862037,0.34890863033554825,0.24151444487201745,0.2605726319040533,1.0467258910066448
h2_0.20_budget_75_pop_1000_parents_20_gen_8_loss_strong,averaged_one_step_switching_5_draws,10,67010,8,600,-0.13314627914244165,4.457661103501061,4.5908073826435025,0.5738509228304378,0.3618483391489599,0.7651345637739171,24.103158617270246,0.38989052028938914,0.11497581111019577,0.11497581111019577,0.6670136976261928,0.1714332812848866,0.9430240904123077,0.0004294527926640218,0.0004553995990455101,-0.11829615667786574,600.0,0.24165201099822298,0.313475621000786,0.3810584259722571,0.452450500975291,0.940426863002358
h2_0.20_budget_75_pop_1000_parents_20_gen_8_loss_strong,averaged_one_step_switching_5_draws,11,67011,8,600,-0.13314627914244165,5.72962703329746,5.862773312439901,0.7328466640549876,0.47962038810260915,0.9771288854066503,30.11098113331038,0.4395355608961762,0.42276123550314604,0.3184464805211099,0.6079198830088711,0.10156673735414527,0.9430240904123077,0.013019662633159332,0.01380628847717654,-0.12497164204931771,600.0,0.16910608418984338,0.244547978596529,0.1845791542001322,0.4463345948240125,1.222739892982645
h2_0.20_budget_75_pop_1000_parents_20_gen_8_loss_strong,averaged_one_step_switching_5_draws,12,67012,8,600,-0.13314627914244168,3.0434152289584184,3.17656150810086,0.3970701885126075,0.37897220169680995,0.52942691801681,17.34988788706679,0.3055147317639426,0.11375486060855182,0.09222962312147803,0.6793233168944846,0.18397976934505916,0.9430240904123077,0.004349273427821368,0.0046120491215868985,-0.11167005369211239,600.0,0.10968590400686178,0.18071738200766654,0.19044163953424872,0.3359576012691687,0.5421521460229997
h2_0.20_budget_75_pop_1000_parents_20_gen_8_loss_strong,averaged_one_step_switching_5_draws,13,67013,8,600,-0.13314627914244165,4.435997295175827,4.569143574318269,0.5711429467897836,0.5384895229078938,0.7615239290530448,27.06816364864785,0.32213243091696153,0.14097191197822845,0.04204516704916422,0.5542088400290578,0.2047583424250884,0.9430240904123077,0.011007260666215064,0.011672300610478024,-0.1267636243727529,600.0,0.3014619730092818,0.37223753400030546,0.20246020501078635,0.19656648977380436,0.7444750680006109
h2_0.20_budget_75_pop_1000_parents_20_gen_8_loss_strong,averaged_one_step_switching_5_draws,14,67014,8,600,-0.13314627914244168,4.914348141670698,5.047494420813139,0.6309368026016424,0.4557243284649375,0.8412490701355233,26.396744374691224,0.2770813350639596,0.07696103387887136,0.07696103387887136,0.4947566994385282,0.14858545496025655,0.9430240904123077,0.014912668006895812,0.01581366601183615,-0.12308455237410264,600.0,0.19084636150122,0.26451221766668215,0.2655573739995064,0.23580343193956332,1.587073306000093
h2_0.20_budget_75_pop_1000_parents_20_gen_8_loss_strong,averaged_one_step_switching_5_draws,15,67015,8,600,-0.13314627914244165,5.421513929039327,5.554660208181769,0.6943325260227211,0.5909825397338928,0.9257767013636281,30.1872738855539,0.40571536640922,0.4812325568748239,0.21856332377418777,0.6215801207372738,0.12257175836822166,0.9430240904123077,0.04977610288617222,0.052783490254643635,-0.1327099425034435,600.0,0.2305042897569365,0.3090172994925524,0.43254942740066593,0.4272146468465839,1.2360691979702096
h2_0.20_budget_75_pop_1000_parents_20_gen_8_loss_strong,averaged_one_step_switching_5_draws,16,67016,8,600,-0.13314627914244168,3.287256149232145,3.4204024283745866,0.42755030354682333,0.46945417705164566,0.5700670713957644,20.739196237719383,0.3445486176996737,0.0033626439574725043,0.0033626439574725043,0.6033548367365772,0.20824223177164047,0.9430240904123077,0.004277108437635099,0.0045355240455894055,-0.10576927583469711,600.0,,,,,0.0
h2_0.20_budget_75_pop_1000_parents_20_gen_8_loss_strong,averaged_one_step_switching_5_draws,17,67017,8,600,-0.13314627914244165,3.8920683849686113,4.025214664111053,0.5031518330138816,0.46504532736612136,0.6708691106851756,22.528565124530193,0.33237006131678154,0.008644459961070116,0.008644459961070116,0.5570204456142709,0.17091064864350677,0.9430240904123077,0.012123996234301103,0.012856507439804921,-0.10573972175965428,600.0,0.1903651175016421,0.26673260124516673,0.24739497717501557,0.3130359781270785,1.066930404980667
h2_0.20_budget_75_pop_1000_parents_20_gen_8_loss_strong,averaged_one_step_switching_5_draws,18,67018,8,600,-0.13314627914244165,2.5912115349836924,2.724357814126134,0.34054472676576675,0.5362385682898375,0.45405963568768903,17.901756792232582,0.3504636616933761,0.0,0.0,0.6346822422843462,0.2115878891063735,0.9430240904123077,0.0,0.0,-0.11045412020536877,600.0,0.1653859596059192,0.23971612119930796,0.28390464966703627,0.35397614898780577,1.1985806059965398
h2_0.20_budget_75_pop_1000_parents_20_gen_8_loss_strong,averaged_one_step_switching_5_draws,19,67019,8,600,-0.13314627914244168,4.583624658479617,4.716770937622059,0.5895963672027573,0.4590230362870821,0.7861284896036763,26.08401045343761,0.4028355768837707,0.3113907438405102,0.22155285526819207,0.5369254835914757,0.12486008577808587,0.9430240904123077,0.002418723328373424,0.002564858472826408,-0.11159024338737722,600.0,0.1254064800014021,0.20799548999639228,0.38561963916821185,0.41372553298227177,0.41599097999278456
h2_0.20_budget_75_pop_1000_parents_20_gen_8_loss_strong,averaged_one_step_switching_5_draws,20,67020,8,600,-0.13314627914244168,4.514382670609772,4.647528949752213,0.5809411187190267,0.4350468536594905,0.7745881582920355,25.051460585167433,0.3118493780227257,0.4388565880749943,0.014748397120879024,0.5313417219446611,0.18473384900510323,0.9430240904123077,0.010626346458845427,0.011268372215389948,-0.12634940138785597,600.0,0.12974381666087234,0.19963043268459538,0.15463338769872906,0.23241063077983934,0.5988912980537862
h2_0.20_budget_75_pop_1000_parents_40_gen_8_loss_standard,averaged_one_step_switching_5_draws,1,68001,8,600,-0.13314627914244168,4.375652529910817,4.508798809053259,0.5635998511316573,0.4091740604051479,0.7514664681755432,23.40466994255915,0.33492945123020457,0.3592082018262867,0.1442415420995966,0.4826151747428978,0.12052390895621368,0.9430240904123077,0.07221307835965077,0.07657606957641756,-0.11936366641320893,600.0,0.2592390062563936,0.3355518292519264,0.2826493988498755,0.3609887129026152,1.3422073170077056
h2_0.20_budget_75_pop_1000_parents_40_gen_8_loss_standard,averaged_one_step_switching_5_draws,2,68002,8,600,-0.13314627914244165,3.089003120146776,3.2221493992892176,0.4027686749111522,0.3884079706295248,0.5370248998815363,18.5042716470324,0.42973462088232905,0.7269415335318105,0.21001886111128998,0.7269415335318105,0.17016841224285986,0.9430240904123077,0.005945774742701849,0.0063050083270961245,-0.11098498092625683,600.0,0.18155394474888453,0.26015609651221894,0.1911522521940089,0.35637135247420065,1.0406243860488757
h2_0.20_budget_75_pop_1000_parents_40_gen_8_loss_standard,averaged_one_step_switching_5_draws,3,68003,8,600,-0.13314627914244168,4.714883297860734,4.848029577003175,0.6060036971253968,0.3571626965111664,0.8080049295005292,23.50615113721377,0.30096223559473323,0.4264105402457559,0.1186398288573429,0.4264105402457559,0.11286893883954723,0.9430240904123077,0.05501454765927847,0.058338432939952875,-0.11896060143568594,600.0,0.1324622954853112,0.19726325150986668,0.2713156134280884,0.34193444802315986,0.39452650301973335
h2_0.20_budget_75_pop_1000_parents_40_gen_8_loss_standard,averaged_one_step_switching_5_draws,4,68004,8,600,-0.13314627914244165,3.1322848367141023,3.265431115856544,0.408178889482068,0.3780555248645165,0.5442385193094239,18.856675254509707,0.3047894256116167,0.2521075997271374,0.04350816620871723,0.4933752472452326,0.1536329582622599,0.9430240904123077,0.016301411539443464,0.017286315063612195,-0.11551710000068172,600.0,0.23468430066714063,0.31304690134129487,0.22967802444617258,0.37701176165879297,0.9391407040238846
h2_0.20_budget_75_pop_1000_parents_40_gen_8_loss_standard,averaged_one_step_switching_5_draws,5,68005,8,600,-0.13314627914244168,4.433321470071437,4.566467749213879,0.5708084686517348,0.4026953969759819,0.761077958202313,23.154730936039055,0.3005170067292414,0.49784900144343003,0.047687191655238326,0.49784900144343003,0.16906023524540859,0.9430240904123077,0.04962949326127349,0.05262802272588238,-0.11453092218676621,600.0,0.215617495002031,0.28739938032716356,0.25712727744383684,0.32037278490742166,1.7243962819629814
h2_0.20_budget_75_pop_1000_parents_40_gen_8_loss_standard,averaged_one_step_switching_5_draws,6,68006,8,600,-0.13314627914244165,4.72911423405661,4.862260513199051,0.6077825641498813,0.23052663025172626,0.8103767521998418,22.819084711545884,0.28045402706350747,0.45856641510707546,0.0769621410661557,0.45856641510707546,0.11102371764030168,0.9430240904123077,0.08399550343589525,0.08907036871048633,-0.12381487356337396,600.0,0.2553698446019553,0.32443923680111764,0.22490199296148683,0.2602367249531602,1.6221961840055883
h2_0.20_budget_75_pop_1000_parents_40_gen_8_loss_standard,averaged_one_step_switching_5_draws,7,68007,8,600,-0.13314627914244168,3.7582201899611785,3.89136646910362,0.4864208086379525,0.38302756600919047,0.6485610781839367,21.181131328587732,0.30246370937796696,0.5089796026274644,0.00024225567820616834,0.5089796026274644,0.15998160124967428,0.9430240904123077,0.04691191114908145,0.049746248930470784,-0.11703888556751164,600.0,0.19292318425141275,0.27507160675304476,0.23608909063528477,0.34094137569989647,1.100286427012179
h2_0.20_budget_75_pop_1000_parents_40_gen_8_loss_standard,averaged_one_step_switching_5_draws,8,68008,8,600,-0.13314627914244165,3.7750213195935447,3.9081675987359863,0.4885209498419983,0.36910486383234675,0.6513612664559978,20.809453714213006,0.2663684221922641,0.5464703227515575,0.06892185833055339,0.5464703227515575,0.1491055907472457,0.9430240904123077,0.08341257593931914,0.08845222172728334,-0.11919128005377319,600.0,0.27727395615753875,0.3538435279964081,0.23308875443685784,0.30101047287072413,2.123061167978449
h2_0.20_budget_75_pop_1000_parents_40_gen_8_loss_standard,averaged_one_step_switching_5_draws,9,68009,8,600,-0.13314627914244165,4.64989653539459,4.783042814537032,0.597880351817129,0.2202908196882317,0.7971738024228385,21.986912387501743,0.3237502652142449,0.42836810497886396,0.17172057917226363,0.48362358919574605,0.11601619560794144,0.9430240904123077,0.07167413263679144,0.07600456167079907,-0.12560808687769942,600.0,0.34144969550834503,0.41468405749765225,0.21626217336368464,0.18883083503592363,0.8293681149953045
h2_0.20_budget_75_pop_1000_parents_40_gen_8_loss_standard,averaged_one_step_switching_5_draws,10,68010,8,600,-0.13314627914244168,3.8778365437129545,4.0109828228553965,0.5013728528569246,0.1732279381081336,0.6684971371425661,17.867165140772336,0.31747514725794856,0.39195209444404594,0.21767209514009195,0.40575538101726877,0.07751550681244189,0.9430240904123077,0.17167948406947875,0.18205206612952726,-0.10458082787127272,600.0,,,,,0.0
h2_0.20_budget_75_pop_1000_parents_40_gen_8_loss_standard,averaged_one_step_switching_5_draws,11,68011,8,600,-0.13314627914244168,4.224401997192701,4.357548276335143,0.544693534541893,0.26232391286129214,0.7262580460558572,20.216847877998696,0.34804062556916493,0.2523652504335769,0.1525822312421187,0.49751335996237195,0.13167060821556106,0.9430240904123077,0.12131327642574409,0.1286428179928083,-0.10780192715935369,600.0,0.2208591564995004,0.3004011549928691,0.30331484287794863,0.31016879641054457,0.6008023099857382
h2_0.20_budget_75_pop_1000_parents_40_gen_8_loss_standard,averaged_one_step_switching_5_draws,12,68012,8,600,-0.13314627914244168,3.9542233013255106,4.087369580467953,0.510921197558494,0.3743759154338827,0.6812282634113255,21.741670071859176,0.3035897715599014,0.19531182118544463,0.19531182118544463,0.4531690031406602,0.0820841951109895,0.9430240904123077,0.020217244356618282,0.02143873583099974,-0.12368581151901963,600.0,0.20883575099287555,0.2897730663244147,0.32790485888295995,0.33726415085802836,0.8693191989732441
h2_0.20_budget_75_pop_1000_parents_40_gen_8_loss_standard,averaged_one_step_switching_5_draws,13,68013,8,600,-0.13314627914244165,4.633133613771163,4.766279892913604,0.5957849866142005,0.4231669172031269,0.7943799821522675,25.73245302001906,0.39288385889094146,0.37942947868207233,0.28948939799818013,0.5223764643024206,0.07626919785969687,0.9430240904123077,0.04755585165834015,0.05042909522867846,-0.11279865970501338,600.0,0.2535756012017373,0.3274049767991528,0.3594344988448674,0.41301211459628107,1.637024883995764
h2_0.20_budget_75_pop_1000_parents_40_gen_8_loss_standard,averaged_one_step_switching_5_draws,14,68014,8,600,-0.13314627914244165,5.40284041623269,5.535986695375132,0.6919983369218915,0.2865796105904106,0.9226644492291887,25.777795307393095,0.35461015783941263,0.5574447417963189,0.15404879064480345,0.5574447417963189,0.15624642816533904,0.9430240904123077,0.04072928393888779,0.043190077913152984,-0.11548705083409017,600.0,0.2287189289975989,0.3028600270093496,0.2478725065890457,0.3428330372924692,1.8171601620560978
h2_0.20_budget_75_pop_1000_parents_40_gen_8_loss_standard,averaged_one_step_switching_5_draws,15,68015,8,600,-0.13314627914244165,3.5340371908344532,3.667183469976895,0.4583979337471119,0.48482633695783994,0.6111972449961491,20.69653297939494,0.30392491318776516,0.041011400945172694,0.041011400945172694,0.581109983713055,0.16128629403802797,0.9430240904123077,0.02311146134198714,0.024507816477819116,-0.12039212132826138,600.0,0.22319235859904438,0.29565779740223663,0.2134292280231537,0.22946530989406622,1.478288987011183
h2_0.20_budget_75_pop_1000_parents_40_gen_8_loss_standard,averaged_one_step_switching_5_draws,16,68016,8,600,-0.13314627914244165,4.6417733532821845,4.774919632424626,0.5968649540530783,0.3197626371477281,0.7958199387374376,24.01303047906172,0.3695944021116676,0.47167219745521716,0.17230207775248824,0.5747021465244845,0.1319752814213518,0.9430240904123077,0.029460575770844283,0.031240533588026972,-0.1193465528838355,600.0,0.2856388435102417,0.35412061124952743,0.2900337147070511,0.3536263128417642,1.4164824449981097
h2_0.20_budget_75_pop_1000_parents_40_gen_8_loss_standard,averaged_one_step_switching_5_draws,17,68017,8,600,-0.13314627914244165,4.936648261609245,5.069794540751687,0.633724317593961,0.3758356555446477,0.8449657567919479,26.40141189352927,0.3792382879474003,0.45361058095860557,0.08671988606702237,0.5197174260133435,0.1448820479788051,0.9430240904123077,0.008902151447476315,0.009440004277710582,-0.12130263435201619,600.0,0.24670058733318,0.3191122006586132,0.1656975189349776,0.3289420311550921,0.9573366019758396
h2_0.20_budget_75_pop_1000_parents_40_gen_8_loss_standard,averaged_one_step_switching_5_draws,18,68018,8,600,-0.13314627914244165,4.214955591719556,4.348101870861997,0.5435127338577498,0.41534861813799445,0.7246836451436662,20.42057863879971,0.26287211798857596,0.3899928165136519,0.07127188338505618,0.4611269691616637,0.12849889869368009,0.9430240904123077,0.1818134338534352,0.19279829190147516,-0.10060457111596141,600.0,0.3027817990029386,0.3832078736741096,0.2047837603064917,0.2597705321936441,1.1496236210223287
h2_0.20_budget_75_pop_1000_parents_40_gen_8_loss_standard,averaged_one_step_switching_5_draws,19,68019,8,600,-0.13314627914244165,4.702243124491026,4.835389403633467,0.6044236754541832,0.3521713261334668,0.8058982339389111,23.387982138312847,0.3477713722468246,0.32381113168893993,0.2209742256321226,0.5907096767560801,0.11417225506712841,0.9430240904123077,0.26646194260001843,0.28256111939146356,-0.08470714066625934,600.0,0.2860091417460353,0.35462039450067095,0.2100647714473788,0.31214695228220657,1.4184815780026838
h2_0.20_budget_75_pop_1000_parents_40_gen_8_loss_standard,averaged_one_step_switching_5_draws,20,68020,8,600,-0.13314627914244165,4.865510885825884,4.998657164968326,0.6248321456210406,0.48325759134287416,0.8331095274947209,26.7264134936042,0.39062113221183203,0.6730591590770661,0.05284881169319998,0.6730591590770661,0.1904766871225796,0.9430240904123077,0.028663031660510506,0.030394803220751755,-0.12829092038813789,600.0,0.24666156374587445,0.329427624004893,0.29385454493864877,0.4960360578050711,1.317710496019572
h2_0.20_budget_75_pop_1000_parents_40_gen_8_loss_strong,averaged_one_step_switching_5_draws,1,69001,8,600,-0.13314627914244168,3.892135043452129,4.025281322594571,0.5031601653243214,0.43506487057361043,0.6708802204324286,21.94339329277602,0.3530819663425028,0.3344005977701493,0.17221509926620265,0.5603749702441505,0.14331798399340834,0.9430240904123077,0.04027186746388509,0.042705025113703596,-0.10638403774918033,600.0,0.12559688274632208,0.20764573400083464,0.1832836531789429,0.3278588768333357,0.8305829360033385
h2_0.20_budget_75_pop_1000_parents_40_gen_8_loss_strong,averaged_one_step_switching_5_draws,2,69002,8,600,-0.13314627914244168,4.09080859908012,4.223954878222561,0.5279943597778202,0.4199483861368246,0.7039924797037602,23.371079427171267,0.2722071362700669,0.14934032580610682,-0.07527668554722772,0.5866603967791371,0.2146314156025606,0.9430240904123077,0.03876867453838387,0.04111101183155722,-0.11190923959700158,600.0,,,,,0.0
h2_0.20_budget_75_pop_1000_parents_40_gen_8_loss_strong,averaged_one_step_switching_5_draws,3,69003,8,600,-0.13314627914244165,2.637092572766526,2.770238851908968,0.346279856488621,0.46466121071324085,0.46170647531816134,17.548998261144575,0.32375695968196955,0.19883552670120422,0.18178533988290554,0.5553253659661662,0.11427790822490372,0.9430240904123077,0.0011819695779484148,0.0012533821669726759,-0.1127893902157193,600.0,0.24643228750210255,0.3192953135003336,0.2868605661098387,0.3339120673222946,0.6385906270006672
h2_0.20_budget_75_pop_1000_parents_40_gen_8_loss_strong,averaged_one_step_switching_5_draws,4,69004,8,600,-0.13314627914244168,4.105767879953151,4.238914159095593,0.5298642698869491,0.417135381145561,0.7064856931825988,21.97133307669278,0.30275879614041795,0.15543535396478728,0.15543535396478728,0.45327497639158854,0.10984157941750569,0.9430240904123077,0.1529789929198478,0.16222172315127445,-0.11284973483632627,600.0,0.09426300349878147,0.17686216501169838,0.1820242707442859,0.23661994892775173,0.35372433002339676
h2_0.20_budget_75_pop_1000_parents_40_gen_8_loss_strong,averaged_one_step_switching_5_draws,5,69005,8,600,-0.13314627914244168,4.821323504656781,4.954469783799222,0.619308722974903,0.47807791761030366,0.8257449639665371,25.390793086128596,0.3656244712220171,0.6014716278484536,0.08400924253860458,0.6014716278484536,0.19249047029464952,0.9430240904123077,0.10511018459821332,0.11146076295066565,-0.12180269101416699,600.0,0.14056287724815775,0.20738360100222053,0.18540042748043578,0.3659844978964844,0.8295344040088821
h2_0.20_budget_75_pop_1000_parents_40_gen_8_loss_strong,averaged_one_step_switching_5_draws,6,69006,8,600,-0.13314627914244168,4.745778876102253,4.878925155244694,0.6098656444055868,0.4042385299184647,0.8131541925407824,26.193968648438656,0.4009017464773594,0.30036692022190176,0.30036692022190176,0.4837975418234848,0.06815419676875706,0.9430240904123077,0.007155006134556344,0.00758729942034465,-0.13013106709429634,600.0,0.28995180850324687,0.3598053679888835,0.500469341539693,0.48160941134414736,0.719610735977767
h2_0.20_budget_75_pop_1000_parents_40_gen_8_loss_strong,averaged_one_step_switching_5_draws,7,69007,8,600,-0.13314627914244165,3.758967048906146,3.8921133280485876,0.48651416600607345,0.3104889073148459,0.6486855546747646,19.940493836340558,0.34935407469541135,0.3846577625036548,0.13634697684715588,0.5485224237639205,0.14999764964037557,0.9430240904123077,0.09362038081286436,0.09927676478755891,-0.10729387266218922,600.0,0.7166766136651859,0.7943077476714583,0.16227432834389707,0.3923233431231563,2.3829232430143747
h2_0.20_budget_75_pop_1000_parents_40_gen_8_loss_strong,averaged_one_step_switching_5_draws,8,69008,8,600,-0.13314627914244168,3.7672418305268094,3.900388109669251,0.48754851370865626,0.3490152754765981,0.6500646849448751,20.822730230289306,0.2565375211817618,0.14817538112572803,0.14817538112572803,0.4638871041350166,0.09972070814980008,0.9430240904123077,0.0662505480349378,0.0702532933235797,-0.13244759886274451,600.0,0.20309395167472152,0.26958200901087065,0.2806490117545321,0.2998410196921619,0.8087460270326119
h2_0.20_budget_75_pop_1000_parents_40_gen_8_loss_strong,averaged_one_step_switching_5_draws,9,69009,8,600,-0.13314627914244168,2.668963418226288,2.8021096973687296,0.3502637121710912,0.47607173604760195,0.46701828289478825,17.51630515442173,0.29902317507893766,0.07175831073361276,0.07175831073361276,0.5981592768923235,0.18324997423549572,0.9430240904123077,0.00026033007080173673,0.0002760587703416098,-0.11008940068601004,600.0,0.19234275398775935,0.257806196983438,-0.2066989155634683,0.07175831073361276,0.257806196983438
h2_0.20_budget_75_pop_1000_parents_40_gen_8_loss_strong,averaged_one_step_switching_5_draws,10,69010,8,600,-0.13314627914244165,4.417730017310509,4.550876296452951,0.568859537056619,0.43522754395918717,0.7584793827421584,24.903295077380857,0.4170909574142748,0.24793234779123394,0.24793234779123394,0.5392004994605571,0.10549918038398455,0.9430240904123077,0.01098825682676103,0.011652148591407414,-0.14933715569680273,600.0,0.2810222444968531,0.36939544750202913,0.3497170823158062,0.39551028716051734,0.7387908950040583
h2_0.20_budget_75_pop_1000_parents_40_gen_8_loss_strong,averaged_one_step_switching_5_draws,11,69011,8,600,-0.13314627914244168,3.288126626968516,3.4212729061109575,0.42765911326386974,0.5305864627567967,0.5702121510184929,19.993131291380337,0.3695524311322893,0.3789676075238789,0.0987701816441429,0.7333142986762031,0.19474557527771205,0.9430240904123077,0.010141390208555473,0.010754115734330253,-0.12071158969403309,600.0,0.13241527633120617,0.22853654366917908,0.17622856540361118,0.26900708125469996,0.6856096310075372
h2_0.20_budget_75_pop_1000_parents_40_gen_8_loss_strong,averaged_one_step_switching_5_draws,12,69012,8,600,-0.13314627914244168,5.008990684957132,5.142136964099573,0.6427671205124468,0.433094407042147,0.8570228273499289,25.157385078529956,0.4012159139190986,0.41416044231418586,0.3095172931438296,0.497768364862179,0.06433770952636203,0.9430240904123077,0.05589507012635552,0.05927215507497497,-0.11805950811531053,600.0,0.17622460375423543,0.26202603225101484,0.23982841554322953,0.41871496648256823,1.0481041290040594
h2_0.20_budget_75_pop_1000_parents_40_gen_8_loss_strong,averaged_one_step_switching_5_draws,13,69013,8,600,-0.13314627914244165,4.10680292682064,4.2399492059630814,0.5299936507453853,0.38660003470676196,0.7066582009938469,23.39869033113197,0.35841052290221265,0.05609235250082423,0.05609235250082423,0.5648424368598459,0.15355502905808577,0.9430240904123077,0.006336593049897552,0.006719439210855234,-0.12465703773633333,600.0,0.214186851742852,0.2869617484975606,0.3816049090634487,0.4358858168716673,1.1478469939902425
h2_0.20_budget_75_pop_1000_parents_40_gen_8_loss_strong,averaged_one_step_switching_5_draws,14,69014,8,600,-0.13314627914244165,4.580505278484579,4.713651557627021,0.5892064447033776,0.36894102452829236,0.7856085929378368,23.47370347002766,0.299762887021891,0.3851327882086599,0.035808708083011426,0.6056562596733173,0.17692292942874754,0.9430240904123077,0.05874031351357745,0.06228930322224863,-0.10327024210494813,600.0,0.2360152129913331,0.302869322746119,0.2529700404684234,0.2769311163582165,1.211477290984476
h2_0.20_budget_75_pop_1000_parents_40_gen_8_loss_strong,averaged_one_step_switching_5_draws,15,69015,8,600,-0.13314627914244165,4.502188605989804,4.635334885132246,0.5794168606415308,0.3032861255590411,0.7725558141887077,23.474129263755692,0.44869164775856096,0.7196982121142964,0.20990308729029342,0.7196982121142964,0.16051886599120999,0.9430240904123077,0.0008476384120485617,0.0008988512813898088,-0.11158214978763975,600.0,0.18836761701095384,0.26009253549273126,0.34755112373933744,0.3753440340180681,0.5201850709854625
h2_0.20_budget_75_pop_1000_parents_40_gen_8_loss_strong,averaged_one_step_switching_5_draws,16,69016,8,600,-0.13314627914244165,2.523551445696521,2.6566977248389625,0.3320872156048703,0.48797143611080895,0.4427829541398271,17.358215601627904,0.252340421628666,-0.03808203835546337,-0.03808203835546337,0.4288648181982889,0.1582160300714066,0.9430240904123077,0.009928940549644145,0.01052883022882589,-0.10332167830460465,600.0,0.17875835033676898,0.25421454866106313,0.18678014211775282,0.13663432054594984,0.7626436459831893
h2_0.20_budget_75_pop_1000_parents_40_gen_8_loss_strong,averaged_one_step_switching_5_draws,17,69017,8,600,-0.13314627914244168,2.7591275979096817,2.8922738770521232,0.3615342346315154,0.48071687137564784,0.4820456461753539,17.713508880646504,0.21306509710030047,0.15590789051872306,-0.0656438500316994,0.4766830019699925,0.17528009503048309,0.9430240904123077,0.0042180358299867314,0.004472882371586634,-0.11510895743747342,600.0,0.1363295040112765,0.20672496399492957,0.15382648216806608,0.1503925128813933,0.6201748919847887
h2_0.20_budget_75_pop_1000_parents_40_gen_8_loss_strong,averaged_one_step_switching_5_draws,18,69018,8,600,-0.13314627914244165,4.212017946029925,4.345164225172367,0.5431455281465457,0.3731047608893215,0.7241940375287278,22.93260889966192,0.3405902027070312,0.08376404168252562,0.08376404168252562,0.58250765709043,0.17502037586581748,0.9430240904123077,0.0036701810659447126,0.0038919271556891416,-0.10808858437084892,600.0,0.23163803767723343,0.3046934660039066,0.3510819753997694,0.40782968825406457,0.9140803980117198
h2_0.20_budget_75_pop_1000_parents_40_gen_8_loss_strong,averaged_one_step_switching_5_draws,19,69019,8,600,-0.13314627914244165,4.708253548681967,4.841399827824409,0.6051749784780511,0.4938899204835706,0.8068999713040682,27.338038360768216,0.36492958489037797,0.28464017581422285,0.28464017581422285,0.5138866776962698,0.09053060514414576,0.9430240904123077,0.0020659311382562827,0.0021907511793818747,-0.11673585944866101,600.0,0.3564138149959035,0.43290298167266883,0.3529481781471439,0.37103684439292534,1.2987089450180065
h2_0.20_budget_75_pop_1000_parents_40_gen_8_loss_strong,averaged_one_step_switching_5_draws,20,69020,8,600,-0.13314627914244165,3.2301955144749535,3.363341793617395,0.4204177242021743,0.4947857303659508,0.5605569656028991,19.64634544270012,0.19838150744133562,0.13617083824013007,-0.23770346574194268,0.6081015281210151,0.26684935994498704,0.9430240904123077,0.00860471144721314,0.009124593459167094,-0.12232092996120944,600.0,0.2624487055145437,0.33355150600255,0.15851136024696624,0.18121521069746518,0.6671030120051
h2_0.20_budget_75_pop_500_parents_20_gen_8_loss_standard,averaged_one_step_switching_5_draws,1,62001,8,600,-0.09485249171421978,4.113979349132461,4.208831840846681,0.5261039801058351,0.2682787931690002,0.7014719734744468,20.093623079422485,0.3922008812552636,0.43593959747356104,0.1666632341291094,0.5229652558352551,0.13475551110046996,0.926874670682802,0.027793689210808218,0.029986458892369346,-0.1163574045011882,600.0,0.10448506800457835,0.16553861802094616,0.5045926000136818,0.46450783486104474,0.16553861802094616
h2_0.20_budget_75_pop_500_parents_20_gen_8_loss_standard,averaged_one_step_switching_5_draws,2,62002,8,600,-0.13397472766975763,4.910536082646171,5.044510810315929,0.6305638512894909,0.2490657547773344,0.8407518017193215,22.468754934626684,0.39921860079791477,0.21617190538368522,0.21617190538368522,0.6842880572034554,0.1470915383015571,0.9837730058680961,0.0053130870085458205,0.005400724533864875,-0.12467929453760805,600.0,0.07511576275283005,0.12724006450298475,0.3010931105471331,0.34208173532414254,0.508960258011939
h2_0.20_budget_75_pop_500_parents_20_gen_8_loss_standard,averaged_one_step_switching_5_draws,3,62003,8,600,-0.14153422874284557,4.24297676362558,4.384510992368425,0.5480638740460533,0.33307582785669243,0.7307518320614043,22.84611965028925,0.3312998838716789,0.20762073186572894,0.1806446313317417,0.5819294157846853,0.12821665456710402,0.9710650115969183,0.024697895922226053,0.025433823304590406,-0.10807152940426716,600.0,0.11592671750258887,0.17830999374564271,0.22795195955914765,0.31704635752999155,0.7132399749825709
h2_0.20_budget_75_pop_500_parents_20_gen_8_loss_standard,averaged_one_step_switching_5_draws,4,62004,8,600,-0.12298188338351568,4.891953292544916,5.014935175928432,0.626866896991054,0.5503895431073974,0.8358225293214054,28.0153876499084,0.37824456065669176,0.356222193175073,0.184267620537264,0.597675861718352,0.14679446998396833,0.9408100062000136,0.03983150064811168,0.04233745430599046,-0.10773798236026524,600.0,0.1304619810078293,0.1982155016041361,0.3586517922148479,0.3975091881360786,0.9910775080206804
h2_0.20_budget_75_pop_500_parents_20_gen_8_loss_standard,averaged_one_step_switching_5_draws,5,62005,8,600,-0.13133610058417172,4.1094473416354145,4.240783442219586,0.5300979302774483,0.4079393506726739,0.706797240369931,21.883821338545474,0.294248409087193,0.3557070883965209,0.06897463268773799,0.4146253428704274,0.12104863868181456,0.8780462939164172,0.06345856904323874,0.07227246385858498,-0.09555436433568895,600.0,0.17287606600439176,0.2388738456647843,0.314558063317427,0.3564019519582526,0.7166215369943529
h2_0.20_budget_75_pop_500_parents_20_gen_8_loss_standard,averaged_one_step_switching_5_draws,6,62006,8,600,-0.08833663419148806,4.0183178633857395,4.106654497577227,0.5133318121971535,0.3788047944423068,0.6844424162628712,19.91315683305279,0.42971154537958317,0.5828122360872176,0.3282122180704737,0.5828122360872176,0.10391263539968928,0.9830673897226567,0.0,0.0,-0.1232525165082781,600.0,0.0683352369912124,0.12414899633343641,0.4242333136112739,0.5504855936655875,0.37244698900030926
h2_0.20_budget_75_pop_500_parents_20_gen_8_loss_standard,averaged_one_step_switching_5_draws,7,62007,8,600,-0.10952925091492341,5.0147068406059905,5.124236091520914,0.6405295114401142,0.4226182385416592,0.854039348586819,27.39527075609646,0.4744800166144223,0.2689227611692073,0.2689227611692073,0.6990221479462759,0.15123437569144715,0.9791603177340368,0.015031455770899512,0.01535137351734715,-0.12745079054621666,600.0,0.09577366949815769,0.14902009248908143,0.3534807376239656,0.5206424817231633,0.29804018497816287
h2_0.20_budget_75_pop_500_parents_20_gen_8_loss_standard,averaged_one_step_switching_5_draws,8,62008,8,600,-0.10473908077543188,3.65913610390469,3.763875184680122,0.4704843980850152,0.3507973738291647,0.6273125307800202,20.160258426024065,0.3450665151903959,0.4917547681679165,0.24541259322016265,0.4917547681679165,0.0876558221743694,0.9526714963839317,0.017312138351616498,0.01817220145383631,-0.1128880129988723,600.0,0.10426382601144724,0.1667422616640882,0.26013026733574285,0.3152753415368826,0.5002267849922646
h2_0.20_budget_75_pop_500_parents_20_gen_8_loss_standard,averaged_one_step_switching_5_draws,9,62009,8,600,-0.1422131906417318,3.6073843501262663,3.749597540767998,0.4686996925959997,0.3540674090330434,0.624932923461333,20.62172272709757,0.2944673965155428,0.0791285989273312,0.0791285989273312,0.4157982722081561,0.12176940034402824,1.047674909706987,0.025760739525868194,0.02458848569073105,-0.1119617503466376,600.0,0.0841848597410717,0.13836903200717643,0.23668946169095104,0.3578697939936368,0.5534761280287057
h2_0.20_budget_75_pop_500_parents_20_gen_8_loss_standard,averaged_one_step_switching_5_draws,10,62010,8,600,-0.13434441707646963,3.8114763736472286,3.9458207907236984,0.49322759884046236,0.3235514671172022,0.6576367984539497,19.580969911453433,0.26092959182357534,0.32681556208757584,0.07903409935312929,0.5339343888126261,0.15985265078412653,0.958768383500432,0.05533825912976629,0.057718068390749507,-0.09369397895654345,600.0,0.14032014134378792,0.19980807017418556,0.18356975813014123,0.2405957844743387,1.1988484210451134
h2_0.20_budget_75_pop_500_parents_20_gen_8_loss_standard,averaged_one_step_switching_5_draws,11,62011,8,600,-0.15772733714816636,3.7085322510860927,3.866259588234259,0.4832824485292824,0.45954297962899493,0.6443765980390431,22.023433812092467,0.3612397546822931,0.45733252191440726,-0.004895428510698008,0.53389243505583,0.17824040430608942,0.9362959921084746,0.0015139666081689235,0.001616974355256583,-0.10678900274324607,600.0,0.11137821948796045,0.1764592780091334,0.3015369791540902,0.32715389157777197,0.3529185560182668
h2_0.20_budget_75_pop_500_parents_20_gen_8_loss_standard,averaged_one_step_switching_5_draws,12,62012,8,600,-0.08241952103569604,5.195217498331202,5.277637019366898,0.6597046274208621,0.5173116410524994,0.879606169894483,28.667564928632068,0.3940866889164021,0.6058336007496197,0.1801367507235899,0.6058336007496197,0.13348803866065823,0.9622154599410707,0.0029286052090424933,0.00304360648001005,-0.12985934167344296,600.0,0.08211926432947318,0.13837824334041215,0.3156416842999156,0.47004731888583323,0.41513473002123646
h2_0.20_budget_75_pop_500_parents_20_gen_8_loss_standard,averaged_one_step_switching_5_draws,13,62013,8,600,-0.1546815881373763,4.382726700072181,4.537408288209557,0.5671760360261946,0.4780287859932408,0.7562347147015928,25.615916559265116,0.4003416041530661,0.1685343960789729,0.1685343960789729,0.6004109265420683,0.1455324180690933,0.9937435912623397,0.012090158363611046,0.012166275556306304,-0.13561066476374922,600.0,0.11766808800748549,0.1784518302010838,0.3057937020611092,0.3948694796429301,0.892259151005419
h2_0.20_budget_75_pop_500_parents_20_gen_8_loss_standard,averaged_one_step_switching_5_draws,14,62014,8,600,-0.21448295747739649,3.693904926108579,3.9083878835859753,0.48854848544824686,0.34730840734305757,0.6513979805976625,21.01290532724425,0.29887929758617643,0.25388936993658684,0.16999441425498263,0.49870626410260843,0.12822655993287874,0.9054263285152875,0.06308868672751113,0.0696784318509531,-0.10570866853626834,600.0,0.09628645574412076,0.1562624857542687,0.20193325705197282,0.31243514528281946,0.6250499430170748
h2_0.20_budget_75_pop_500_parents_20_gen_8_loss_standard,averaged_one_step_switching_5_draws,15,62015,8,600,-0.1076036947445349,4.555259493958668,4.662863188703203,0.5828578985879003,0.5892143569652806,0.7771438647838672,25.07923618368467,0.40685880221494797,0.6530028716665272,0.16923050352650726,0.6530028716665272,0.16276918303593454,0.8933639813884668,0.04453833117140984,0.049854630474566855,-0.1412511644428862,600.0,0.1138148035024642,0.1805972327492782,0.2856638618068766,0.37872208965677234,0.7223889309971128
h2_0.20_budget_75_pop_500_parents_20_gen_8_loss_standard,averaged_one_step_switching_5_draws,16,62016,8,600,-0.11951859205080245,4.0575503056836215,4.177068897734424,0.522133612216803,0.4275448831017911,0.696178149622404,23.098148484049318,0.2922698202783195,0.33326614328694915,0.11094726947660989,0.4829041040711035,0.1404916040268956,0.9208899852002088,0.005325764771991387,0.005783280150270635,-0.10938969668924797,600.0,0.13618675732868724,0.19261758999588588,0.26664495818467776,0.3185473454481088,0.5778527699876577
h2_0.20_budget_75_pop_500_parents_20_gen_8_loss_standard,averaged_one_step_switching_5_draws,17,62017,8,600,-0.10566630262831143,3.39903486896737,3.5047011715956815,0.43808764644946013,0.4740250653011919,0.5841168619326136,21.612519097579675,0.31727952538779436,0.04980424726455086,0.04980424726455086,0.5939295506489142,0.19879393231860362,0.962659279110735,0.002208542562190978,0.0022942100181396878,-0.11397195640152921,600.0,0.11249809720320628,0.17130339819123036,0.14526099391247568,0.23147337535056053,0.8565169909561519
h2_0.20_budget_75_pop_500_parents_20_gen_8_loss_standard,averaged_one_step_switching_5_draws,18,62018,8,600,-0.2084551798490089,4.434072347478904,4.642527527327913,0.5803159409159891,0.25609428245058224,0.7737545878879856,22.420782138028162,0.36354784863674994,0.34665770832947373,0.13085369034835156,0.5626171516778588,0.12743178385653567,0.9001415650454138,0.018537186688674337,0.02059363483313772,-0.10722887243965804,600.0,0.10490724380360916,0.16050886340090073,0.2740377930615091,0.361083710756476,0.8025443170045037
h2_0.20_budget_75_pop_500_parents_20_gen_8_loss_standard,averaged_one_step_switching_5_draws,19,62019,8,600,-0.13478022055572184,4.918211517005644,5.052991737561366,0.6316239671951707,0.4333274064577986,0.8421652895935611,26.920576166846836,0.41803925510320006,0.4238488258473516,0.19528949492685888,0.5597607662915459,0.1243738419224214,0.945884165151756,0.011861282467571193,0.012539889031410298,-0.11899291609635607,600.0,0.16142718800256262,0.22066382424964104,0.36189735551793645,0.4023077539516792,0.8826552969985642
h2_0.20_budget_75_pop_500_parents_20_gen_8_loss_standard,averaged_one_step_switching_5_draws,20,62020,8,600,-0.16160856632201065,4.6004850024519675,4.762093568773978,0.5952616960967472,0.4504948720268441,0.7936822614623297,24.555826531435837,0.45108393001505365,0.4164537329256936,0.15195345594784918,0.6713818088095554,0.16261819265193922,0.8978899188964713,0.03524861396236941,0.039257166408206055,-0.1194003664100722,600.0,0.07980666833464056,0.13397948499186896,0.24592285842652692,0.31897397771142366,0.4019384549756069
h2_0.20_budget_75_pop_500_parents_20_gen_8_loss_strong,averaged_one_step_switching_5_draws,1,63001,8,600,-0.16568812321029563,3.8729105043578156,4.038598627568112,0.5048248284460138,0.31672388406573343,0.6730997712613519,19.94892820540789,0.37361280934024177,0.26248808849706395,0.02186798785130322,0.5489273617684729,0.18701489064805574,0.9112392655025152,0.02677411917596265,0.02938209555884063,-0.12146495303098934,600.0,0.1465320756736522,0.20725480699911714,0.2108116588289063,0.2831641119858318,0.6217644209973514
h2_0.20_budget_75_pop_500_parents_20_gen_8_loss_strong,averaged_one_step_switching_5_draws,2,63002,8,600,-0.1400006547388994,4.164594259433813,4.3045949141727124,0.5380743642715891,0.4384766168492561,0.717432485695452,24.048004423941606,0.31108399115172936,0.12881529481504864,0.09264563025730994,0.4753779325825741,0.14098391792810988,0.8786716901452056,0.011947813563383898,0.013597585648183854,-0.11347812941531236,600.0,0.14244660966020697,0.20331819350152122,0.2668260470228671,0.31794814760473394,1.2199091610091273
h2_0.20_budget_75_pop_500_parents_20_gen_8_loss_strong,averaged_one_step_switching_5_draws,3,63003,8,600,-0.14948305280246826,4.292298190218472,4.44178124302094,0.5552226553776176,0.22724401048805304,0.7402968738368233,20.95604182854538,0.3551514668535912,0.45533480396710835,0.12445756152443868,0.4943844433142133,0.12776300829453016,0.9126227350924848,0.01974693470966843,0.02163756605040886,-0.10249591499488843,600.0,0.11017254700224537,0.17445792083162814,0.2872230289621998,0.3550473714333638,1.0467475249897689
h2_0.20_budget_75_pop_500_parents_20_gen_8_loss_strong,averaged_one_step_switching_5_draws,4,63004,8,600,-0.131167500399382,3.169850523978623,3.301018024378005,0.4126272530472506,0.43772832985464927,0.5501696707296675,20.05611919729735,0.3493945223714054,0.5205837845788424,0.11986204588394071,0.5205837845788424,0.13018761170626955,0.9198514308325318,1.9761044719965223e-31,2.148286566459983e-31,-0.11525329645563044,600.0,0.07020841766886103,0.12483724299333214,0.20807521800296966,0.3520948398656554,0.7490234579599928
h2_0.20_budget_75_pop_500_parents_20_gen_8_loss_strong,averaged_one_step_switching_5_draws,5,63005,8,600,-0.16585639535937582,3.565891644763948,3.731748040123324,0.4664685050154154,0.40808407496428334,0.6219580066872207,20.559103317040602,0.3312614719002996,0.2790203851568203,0.12944358573016115,0.5054678397551732,0.13131273785985265,0.9796525019276002,0.009905330024784964,0.010111064898313303,-0.11828949803924627,600.0,0.13386856179567985,0.1893998279934749,0.2062766811881795,0.307081911426209,0.9469991399673745
h2_0.20_budget_75_pop_500_parents_20_gen_8_loss_strong,averaged_one_step_switching_5_draws,6,63006,8,600,-0.12882389994902121,4.668672543505623,4.797496443454644,0.5996870554318305,0.3878976256155916,0.799582740575774,25.610133196869548,0.35813206577374856,-0.030713961497985696,-0.030713961497985696,0.5222958447164069,0.1817701718461454,0.9046525225817794,0.005654741746272326,0.006250733408816803,-0.11314004358368158,600.0,0.12044132142909802,0.17575282100006007,0.2853785409833807,0.33613262101977176,1.2302697470004205
h2_0.20_budget_75_pop_500_parents_20_gen_8_loss_strong,averaged_one_step_switching_5_draws,7,63007,8,600,-0.1710532349540682,4.251963600330661,4.423016835284729,0.5528771044105911,0.45782142465395936,0.7371694725474548,25.02046544935955,0.31181820987498776,0.23601140605867993,0.10925458881236091,0.5893366967170618,0.1504428959171953,0.9905801419929078,0.08071870043154701,0.08148628971014132,-0.11021740649287737,600.0,0.1496010183376105,0.20498211434460245,0.26060800021467406,0.3591677998568634,0.6149463430338074
h2_0.20_budget_75_pop_500_parents_20_gen_8_loss_strong,averaged_one_step_switching_5_draws,8,63008,8,600,-0.15046509616239165,4.305337284671666,4.455802380834058,0.5569752976042573,0.550321528204632,0.7426337301390097,26.42041871262834,0.35594741272258323,0.18304996241062418,0.15365628059643707,0.6152119684013766,0.18577009257888397,0.9879083837937064,0.0047161155691795055,0.004773838998176088,-0.1381734350124803,600.0,0.13426104833100302,0.1854057056674113,0.2735548269644992,0.28171367394542995,0.5562171170022339
h2_0.20_budget_75_pop_500_parents_20_gen_8_loss_strong,averaged_one_step_switching_5_draws,9,63009,8,600,-0.11498596918667953,2.8312284659482074,2.946214435134887,0.36827680439186083,0.43557979270174785,0.49103573918914784,17.8257132517243,0.289033657339436,0.2398348965597802,0.1416507708672403,0.46956801308182944,0.11459506996415794,0.9872975796873897,0.00019441490305213257,0.0001969162155889115,-0.12102197355425319,600.0,0.08424511449993588,0.1363624765072018,0.159974226355493,0.304111282732135,0.2727249530144036
h2_0.20_budget_75_pop_500_parents_20_gen_8_loss_strong,averaged_one_step_switching_5_draws,10,63010,8,600,-0.15627250206215856,3.606800300817438,3.7630728028795963,0.4703841003599496,0.28870036049504166,0.6271788004799327,18.950931452725765,0.37082064042456553,0.449438217605817,0.2529136903094835,0.50441302632713,0.10524547271162835,0.951071178589144,0.06894320511831478,0.07249005823159084,-0.10581009617223397,600.0,0.10951434733578935,0.16486901982959049,0.3235075526945193,0.3682064011266517,0.989214118977543
h2_0.20_budget_75_pop_500_parents_20_gen_8_loss_strong,averaged_one_step_switching_5_draws,11,63011,8,600,-0.16360992367290988,3.0535991543242265,3.2172090779971363,0.40215113474964204,0.42128211083089595,0.5362015129995227,19.529188353593767,0.29585382443065644,0.0,0.0,0.5540100111601834,0.18212626713037242,0.9839947633666926,0.0,0.0,-0.12487897913283609,600.0,0.14826484049262945,0.21692581626120955,0.17555998825461724,0.27017396876117,0.8677032650448382
h2_0.20_budget_75_pop_500_parents_20_gen_8_loss_strong,averaged_one_step_switching_5_draws,12,63012,8,600,-0.12883662681209238,5.552291783969004,5.681128410781096,0.710141051347637,0.41656297938300113,0.9468547351301827,29.51610315845674,0.4105573715706525,0.22345319088397517,0.22345319088397517,0.5663965277458167,0.12438001673126801,0.9641824089893454,0.025973072631920596,0.026937924182982693,-0.1310314706353557,600.0,0.15816192633549994,0.21498023167562982,0.04871245111154062,0.3154443175621991,0.6449406950268894
h2_0.20_budget_75_pop_500_parents_20_gen_8_loss_strong,averaged_one_step_switching_5_draws,13,63013,8,600,-0.11257862422658971,4.440117427764776,4.552696051991366,0.5690870064989209,0.2765373873441778,0.7587826753318944,21.999819705709427,0.3538989148645395,0.21497359013444176,0.2044772522494633,0.5295676452227635,0.11558921092735029,0.9681197647194767,0.004721443248090273,0.004876920625061676,-0.09875049037083393,600.0,0.18948266201186925,0.24518040499242488,0.26481009079791407,0.2925702857434551,0.49036080998484977
h2_0.20_budget_75_pop_500_parents_20_gen_8_loss_strong,averaged_one_step_switching_5_draws,14,63014,8,600,-0.11699594768866034,6.101088419147687,6.218084366836347,0.7772605458545435,0.48939064926312015,1.0363473944727246,32.18030879046586,0.47970387967827816,0.5017932339965228,0.266916577484581,0.6118554213494166,0.1101882969856794,0.9279330980551205,0.04468435733465026,0.04815471872735803,-0.13049685626208093,600.0,0.09023208874714328,0.14206629901309498,0.28365195005757016,0.4897723202528071,0.5682651960523799
h2_0.20_budget_75_pop_500_parents_20_gen_8_loss_strong,averaged_one_step_switching_5_draws,15,63015,8,600,-0.13679909654721156,4.930224529032359,5.067023625579571,0.6333779531974464,0.3228875329205452,0.8445039375965953,25.160575394228243,0.3977478380738127,0.15514092832051582,0.15514092832051582,0.6581628896690079,0.1906891448497864,0.9392941283347394,0.030422986948010496,0.032389201667795964,-0.11874285520664352,600.0,0.25849829500657506,0.3333384709840175,0.1232643598862577,0.1572350020387466,0.3333384709840175
h2_0.20_budget_75_pop_500_parents_20_gen_8_loss_strong,averaged_one_step_switching_5_draws,16,63016,8,600,-0.07300497698247554,2.5943393774183443,2.6673443544008197,0.33341804430010247,0.4961301301357675,0.44455739240013664,17.925889907233184,0.2790092516564305,0.0,0.0,0.5600812454346468,0.19486021515000684,0.989687053519314,0.0,0.0,-0.1172237642081706,600.0,0.10028116274770582,0.15695997198781697,0.3769869241988329,0.3982137338329389,0.6278398879512679
h2_0.20_budget_75_pop_500_parents_20_gen_8_loss_strong,averaged_one_step_switching_5_draws,17,63017,8,600,-0.109056672761838,4.809741245794389,4.918797918556227,0.6148497398195284,0.3178029270746127,0.8197996530927044,21.08040325033002,0.31736722208071355,0.6345265728572448,-0.010639684101368162,0.6345265728572448,0.2105316473808968,0.9323669095134478,0.04919584242744451,0.052764466354900105,-0.10809495588846137,600.0,0.07666752632940188,0.1307811866669605,0.2857416432097113,0.354290880168767,0.39234356000088155
h2_0.20_budget_75_pop_500_parents_20_gen_8_loss_strong,averaged_one_step_switching_5_draws,18,63018,8,600,-0.15494701156810106,3.8592888313065377,4.014235842874639,0.50177948035933,0.40799711096842517,0.6690393071457732,22.948812067978295,0.39329815280794767,0.5189112896188455,0.28244891731102045,0.5189112896188455,0.09088947448408784,0.9528637491724689,1.7784940247968704e-30,1.866472542733874e-30,-0.12481485345739177,600.0,0.10636743840877898,0.15764078098582104,0.23137334289671144,0.36426741991736383,0.7882039049291052
h2_0.20_budget_75_pop_500_parents_20_gen_8_loss_strong,averaged_one_step_switching_5_draws,19,63019,8,600,-0.1729622587508908,2.718256606368957,2.891218865119848,0.36140235813998106,0.531898023068186,0.481869810853308,18.593784359118803,0.2697684294514767,-0.1252865801344057,-0.1252865801344057,0.6664840840760549,0.2367653590603252,0.9332181649518948,0.0011188026507269043,0.0011988650593664516,-0.1196985859621995,600.0,0.1767534333242414,0.24550945633867136,0.45355633532566797,0.4369468821086831,0.736528369016014
h2_0.20_budget_75_pop_500_parents_20_gen_8_loss_strong,averaged_one_step_switching_5_draws,20,63020,8,600,-0.1462050698439751,5.261521203035203,5.407726272879178,0.6759657841098969,0.39628411166280947,0.9012877121465297,26.32799244999068,0.3668590081704742,0.5716036310621104,-0.07415128216209935,0.5716036310621104,0.21572762460471306,0.9296462376688723,0.014315754244001083,0.01539914180677851,-0.123214202611795,600.0,0.12616037801490165,0.18402286298805848,0.03694996138702335,0.4556603067775023,0.18402286298805848
h2_0.20_budget_75_pop_500_parents_40_gen_8_loss_standard,averaged_one_step_switching_5_draws,1,64001,8,600,-0.13018490567309698,4.782911298856796,4.913096204529893,0.6141370255662366,0.3340146811498147,0.8188493674216488,23.35356710892996,0.4375953458254592,0.4570506393389835,0.1567873840969576,0.6034186307949758,0.16638233920843237,0.9394174156896404,0.051006843532905216,0.05429625071987869,-0.15003405844909784,600.0,0.26151205401401967,0.32409529297729023,0.34484009332239557,0.3317620580526092,0.32409529297729023
h2_0.20_budget_75_pop_500_parents_40_gen_8_loss_standard,averaged_one_step_switching_5_draws,2,64002,8,600,-0.14951734781950843,3.6277788327755496,3.777296180595058,0.4721620225743822,0.25230127201284425,0.6295493634325096,17.430012543219558,0.3117191146021076,0.2626241389256073,0.2421075012559698,0.421609818091845,0.06340729680484947,0.9416842293287891,0.1765368937136322,0.1874693110656251,-0.09149278713281901,600.0,0.1357647644908866,0.19424499450542498,0.2246365812796588,0.2691615989868904,0.38848998901084997
h2_0.20_budget_75_pop_500_parents_40_gen_8_loss_standard,averaged_one_step_switching_5_draws,3,64003,8,600,-0.1764249855276987,4.015359456121674,4.191784441649372,0.5239730552061717,0.4278219162885416,0.6986307402748954,21.15652063851138,0.319881436609592,0.2950881119464991,-0.04826580059612302,0.5971901658629206,0.20001727677198977,0.9337492179333801,0.06856894963034285,0.07343401023896227,-0.12796692037080068,600.0,0.09761136066905844,0.1488012533421473,0.04199632550530245,0.1976431029306689,0.4464037600264419
h2_0.20_budget_75_pop_500_parents_40_gen_8_loss_standard,averaged_one_step_switching_5_draws,4,64004,8,600,-0.1599604734425879,3.067353620136963,3.227314093579551,0.4034142616974439,0.16934518029641396,0.5378856822632585,15.07008134554006,0.32382517846913156,0.39113876435178296,0.15050421016051332,0.48231102833427686,0.10891742235020821,0.9556821964159085,0.076700127356427,0.08025693859744926,-0.08939446720691747,600.0,0.08141731198702473,0.13606174250890035,0.29230649868677805,0.38781438847209093,0.2721234850178007
h2_0.20_budget_75_pop_500_parents_40_gen_8_loss_standard,averaged_one_step_switching_5_draws,5,64005,8,600,-0.14979966938538292,4.598323481614461,4.748123150999843,0.5935153938749804,0.22030674205261208,0.7913538584999739,22.44177086726271,0.3535712088651727,0.29619739945886137,0.20923165184276732,0.5307896253619001,0.10287013225569967,0.9180317566783466,0.10929674051600363,0.11905551166493933,-0.11091606993013839,600.0,0.12716189959901386,0.18412578220013529,0.2967961943363949,0.35636044297083574,0.9206289110006765
h2_0.20_budget_75_pop_500_parents_40_gen_8_loss_standard,averaged_one_step_switching_5_draws,6,64006,8,600,-0.14070738576257444,3.615506967158497,3.7562143529210714,0.4695267941151339,0.38670117476745536,0.6260357254868452,19.123730224335628,0.28273485822322564,0.16241877206790317,0.03368240721398088,0.6488074855293453,0.22683020035437648,0.9738780821642233,0.0562119435453219,0.057719692613272075,-0.1277146981789433,600.0,0.1248166003303292,0.18125164000472674,0.26089487824263635,0.28809086338531,0.5437549200141802
h2_0.20_budget_75_pop_500_parents_40_gen_8_loss_standard,averaged_one_step_switching_5_draws,7,64007,8,600,-0.09533545675269908,3.6733457471571573,3.7686812039098565,0.4710851504887321,0.2659760235330808,0.628113533984976,18.568839387569746,0.31070560479161957,0.17445364846877529,0.17163858552366937,0.5053208362350221,0.11082815923064387,1.0178341418784216,0.10716719588202867,0.1052894489118342,-0.11409505731199422,600.0,0.13326917060185223,0.20160705299931578,0.19131644656141286,0.3032412081359109,1.008035264996579
h2_0.20_budget_75_pop_500_parents_40_gen_8_loss_standard,averaged_one_step_switching_5_draws,8,64008,8,600,-0.10059762890328439,4.539114355360507,4.6397119842637915,0.5799639980329738,0.35297008050591294,0.7732853307106319,22.447434598125184,0.42939073231102454,0.5903155511880183,0.19781509324639887,0.5903155511880183,0.14725867649278052,0.9019951821519517,0.02151579374006418,0.023853557275918563,-0.12837251335205233,600.0,0.10958318074699491,0.17024953825603006,0.47551727396646537,0.5129768439233362,0.6809981530241203
h2_0.20_budget_75_pop_500_parents_40_gen_8_loss_standard,averaged_one_step_switching_5_draws,9,64009,8,600,-0.17701324190847711,4.412381102043177,4.589394343951654,0.5736742929939569,0.3695583196526412,0.7648990573252757,23.55407880294276,0.4358654911353478,0.21291805477973108,0.21291805477973108,0.649528249447446,0.12631533839884074,0.9803444603592606,0.008935335186185391,0.009114485313571227,-0.12816788122869077,600.0,0.13809675149968825,0.19723904074635357,0.37306379061359246,0.4022525775690388,0.7889561629854143
h2_0.20_budget_75_pop_500_parents_40_gen_8_loss_standard,averaged_one_step_switching_5_draws,10,64010,8,600,-0.10193609296560581,3.467831967973483,3.5697680609390887,0.4462210076173862,0.31913984566932735,0.5949613434898481,18.574242200782113,0.34014313072781405,0.12329548745696939,0.12329548745696939,0.5282652158824537,0.15243757790303725,0.9447663217285078,0.06281356460507997,0.06648582105483895,-0.11417328159672649,600.0,0.11680719232632934,0.18071621883427724,0.2557361432449416,0.31905840333405266,1.0842973130056635
h2_0.20_budget_75_pop_500_parents_40_gen_8_loss_standard,averaged_one_step_switching_5_draws,11,64011,8,600,-0.09051491499705462,4.148607961897467,4.2391228768945215,0.5298903596118152,0.23867591718567718,0.7065204794824202,20.145496129430988,0.3057495229412504,0.4958500119172783,0.10774925770771944,0.4958500119172783,0.1334333799202518,0.886781739673195,0.11181507231884853,0.12609086014790477,-0.09108312108333459,600.0,0.2521406809973996,0.31490176302031614,0.37729391706329773,0.47247338605765277,0.31490176302031614
h2_0.20_budget_75_pop_500_parents_40_gen_8_loss_standard,averaged_one_step_switching_5_draws,12,64012,8,600,-0.11680459184670776,5.37720964166785,5.494014233514558,0.6867517791893198,0.3528397779313252,0.915669038919093,22.492956131281517,0.39453018131777334,0.4603669128844261,0.06864939847332464,0.6291921280034117,0.179380972598282,0.9770812932456091,0.2816434877865831,0.28824980043475906,-0.09344736224122209,600.0,0.10554296366656975,0.34249617699727725,0.23724618666172445,0.3345546247736096,2.0549770619836636
h2_0.20_budget_75_pop_500_parents_40_gen_8_loss_standard,averaged_one_step_switching_5_draws,13,64013,8,600,-0.1781613279399552,5.393681217058518,5.571842544998473,0.6964803181248092,0.22461880237534934,0.9286404241664122,24.69484961341479,0.3904127203622692,0.6323455360119699,0.22691582281549955,0.6323455360119699,0.14030979880850225,0.9712860075351444,0.27363821233952,0.28172774055907407,-0.08405089889314214,600.0,0.10296486399602145,0.16597820299648447,0.28729020357846147,0.42757634417385487,0.6639128119859379
h2_0.20_budget_75_pop_500_parents_40_gen_8_loss_standard,averaged_one_step_switching_5_draws,14,64014,8,600,-0.1263013002905802,4.5212504413219525,4.647551741612533,0.5809439677015665,0.33695301870866895,0.7745919569354223,21.861715489718875,0.40085614869862496,0.5456066653875931,0.16799197228074086,0.6186038899205021,0.14925845435649368,0.9759934200797382,0.06125301581691334,0.06275966062548761,-0.10738937824778964,600.0,0.11376480400628809,0.1700030512833369,0.2836616494598901,0.36974932852407105,1.1900213589833584
h2_0.20_budget_75_pop_500_parents_40_gen_8_loss_standard,averaged_one_step_switching_5_draws,15,64015,8,600,-0.13134850773273832,3.0725047542595547,3.2038532619922933,0.40048165774903666,0.3512058972838648,0.5339755436653822,18.04967520496443,0.3575548660621246,0.4152799191571228,0.1942402925147761,0.4841038739713225,0.09680474507935297,0.9123506808147502,0.017820729567049727,0.019532762940600214,-0.1067252989606475,600.0,0.19493544750730507,0.26014355548250023,0.2416500793594322,0.40726803440449894,0.5202871109650005
h2_0.20_budget_75_pop_500_parents_40_gen_8_loss_standard,averaged_one_step_switching_5_draws,16,64016,8,600,-0.16558832979615257,4.875186007514779,5.040774337310932,0.6300967921638665,0.3115669629615164,0.8401290562184885,23.511835703487872,0.39897753239131173,0.5307064273843897,0.12919609919161523,0.5307064273843897,0.14662177148168282,0.9602494065910371,0.11093057000592199,0.11552266447082167,-0.13176935750027718,600.0,0.1429898098052945,0.2002667909953743,0.2580839159110847,0.3565466582771416,1.0013339549768716
h2_0.20_budget_75_pop_500_parents_40_gen_8_loss_standard,averaged_one_step_switching_5_draws,17,64017,8,600,-0.12743829454511854,3.9773481312150207,4.104786425760139,0.5130983032200174,0.2752559711440164,0.6841310709600231,19.984587625137195,0.37894439284813836,0.333092651852966,0.2302294977223202,0.46612123730556715,0.07466289309967027,0.9609001816535584,0.023333872778782738,0.024283347244901967,-0.1242482552838022,600.0,0.13221119450463448,0.19261433400970418,0.36826665395003866,0.45045461965918837,0.38522866801940836
h2_0.20_budget_75_pop_500_parents_40_gen_8_loss_standard,averaged_one_step_switching_5_draws,18,64018,8,600,-0.10251366201270601,3.726320134991711,3.828833797004417,0.47860422462555213,0.340054506625762,0.6381389661674028,20.247668328302076,0.3547129257673213,0.22440159838169543,0.21994305776262965,0.6925453235651075,0.17829791895449565,0.8694373514733958,0.05628551440890115,0.06473786100115972,-0.12584945159418903,600.0,0.05320989566583497,0.10551802867363828,0.33762231304617324,0.45501177781113267,0.31655408602091484
h2_0.20_budget_75_pop_500_parents_40_gen_8_loss_standard,averaged_one_step_switching_5_draws,19,64019,8,600,-0.1356359874140656,4.510435490625504,4.64607147803957,0.5807589347549462,0.2032293556404617,0.7743452463399283,19.12667100050962,0.32904838037002526,0.4878675856310032,0.20369520624034396,0.4878675856310032,0.10857396751594538,0.9039706472356197,0.08037067150377822,0.08890849691807484,-0.11638862565295366,600.0,0.13015284700668417,0.18878109448996838,0.21544229721182048,0.26173608855641234,0.37756218897993676
h2_0.20_budget_75_pop_500_parents_40_gen_8_loss_standard,averaged_one_step_switching_5_draws,20,64020,8,600,-0.12439411422049196,3.4852386779794737,3.6096327921999656,0.4512040990249956,0.4042414502638341,0.6016054653666609,20.256353038130587,0.422255290319968,0.07168603941201497,0.07168603941201497,0.6937545469314499,0.1764907149571317,0.8750062735334123,0.007498466790319297,0.008569614889775949,-0.12154566973489257,600.0,0.109244200802641,0.17272381080547347,0.3476453526483466,0.4123313303800435,0.8636190540273674
h2_0.20_budget_75_pop_500_parents_40_gen_8_loss_strong,averaged_one_step_switching_5_draws,1,65001,8,600,-0.1373020260503775,4.102809750337395,4.2401117763877725,0.5300139720484714,0.42119079608455656,0.7066852960646287,22.612782906286895,0.368377516099086,0.2580168364095195,0.13419265403711794,0.5973380864224181,0.18164528381659928,0.9740421259829453,0.08573813474609686,0.08802302534869838,-0.14590213470094282,600.0,0.14541621232638136,0.19880167299803966,0.20264561031990982,0.3525980824716875,0.596405018994119
h2_0.20_budget_75_pop_500_parents_40_gen_8_loss_strong,averaged_one_step_switching_5_draws,2,65002,8,600,-0.1176605291126771,5.471041054214616,5.5887015833272935,0.6985876979159114,0.3941869963068845,0.9314502638878822,25.637705517797812,0.43538546129233735,0.5602829931411959,0.17480270239522683,0.6765930680828129,0.16628206055579156,0.8910826253651019,0.13395766265692635,0.1503313596783913,-0.10851961170222751,600.0,0.07350738449895289,0.12800773599883541,0.3320095697490863,0.5214563551369972,0.25601547199767083
h2_0.20_budget_75_pop_500_parents_40_gen_8_loss_strong,averaged_one_step_switching_5_draws,3,65003,8,600,-0.13257991834314634,4.384407591781849,4.516987510124995,0.5646234387656244,0.25024081851768426,0.7528312516874991,20.50169440464486,0.3799933667128219,0.4867387062344569,0.24804210860592502,0.5873920592737529,0.12204722791337955,0.8833343270429692,0.18035977608038306,0.20418064888766582,-0.09651028695847629,600.0,0.11570624898886309,0.1835936499934178,0.3481335957826962,0.3522811709742171,0.9179682499670889
h2_0.20_budget_75_pop_500_parents_40_gen_8_loss_strong,averaged_one_step_switching_5_draws,4,65004,8,600,-0.15186343217437867,5.349462261619145,5.5013256937935235,0.6876657117241906,0.28824786928029345,0.916887615632254,24.97978419291983,0.4327792031440966,0.3968237102797498,0.2162670449184057,0.6301871629722883,0.15712135911722622,0.9640170916680872,0.08645983645652602,0.08968703688325715,-0.10990222261923838,600.0,0.11303803149348823,0.16618326324532973,0.22079372360921487,0.39942455405227384,0.6647330529813189
h2_0.20_budget_75_pop_500_parents_40_gen_8_loss_strong,averaged_one_step_switching_5_draws,5,65005,8,600,-0.08083245284240394,5.258580129592218,5.339412582434622,0.6674265728043278,0.34714671519961954,0.889902097072437,24.385107537268574,0.37576571186207,0.40890729588121383,0.13586473270793284,0.5798984640633835,0.1658353191218097,0.9272708925002113,0.12643924061132863,0.13635631360152914,-0.1127426478922081,600.0,0.09719579499990989,0.1563472846755758,0.2906525088485554,0.3596196364295619,0.4690418540267274
h2_0.20_budget_75_pop_500_parents_40_gen_8_loss_strong,averaged_one_step_switching_5_draws,6,65006,8,600,-0.13065131541263303,4.145941157301624,4.276592472714257,0.5345740590892822,0.29033293020601614,0.7127654121190428,21.181480055314587,0.3324532605244738,0.34493496957132225,0.1793447830195377,0.5173630073830768,0.12297390570581782,0.9543141456172592,0.1377772619055543,0.14437306890849733,-0.09591583110898996,600.0,0.1344009924941929,0.19107016299676616,0.14563871174645426,0.3826748778137917,0.3821403259935323
h2_0.20_budget_75_pop_500_parents_40_gen_8_loss_strong,averaged_one_step_switching_5_draws,7,65007,8,600,-0.14785978086268758,4.3867492181546375,4.534608999017325,0.5668261248771658,0.6166740527449902,0.7557681665028876,23.2411939241629,0.33636241512818543,0.13595755522169387,0.10320157409251486,0.6251565533301859,0.18262070121773344,0.9342400475705448,0.1341796942673624,0.1436244299484822,-0.13842427706705107,600.0,0.13725115124543663,0.20947984726080904,0.19604743203683128,0.2533944197225001,0.8379193890432362
h2_0.20_budget_75_pop_500_parents_40_gen_8_loss_strong,averaged_one_step_switching_5_draws,8,65008,8,600,-0.11040082026956957,4.583702953907687,4.694103774177257,0.5867629717721572,0.32236914619344287,0.7823506290295428,20.66552957492035,0.42050314982757653,0.5160430494728299,0.22116707832833285,0.6592788474377766,0.167909238935637,0.9553830931489494,0.09663408488222286,0.10114694887860767,-0.0999575798996781,600.0,0.11092591198394075,0.16581386701727752,0.20235147168483786,0.3372469363395245,0.33162773403455503
h2_0.20_budget_75_pop_500_parents_40_gen_8_loss_strong,averaged_one_step_switching_5_draws,9,65009,8,600,-0.10869434221688291,4.345121149354452,4.453815491571335,0.5567269364464169,0.35027524158465106,0.7423025819285558,22.872187210983558,0.3586628980816623,0.24979799019490148,0.08243323962568751,0.5546114520191018,0.15323509971248592,0.8840460133109252,0.16136850747671425,0.18253405936683953,-0.11717814643704258,600.0,0.11554150733475883,0.17344099449595282,0.3143597511743472,0.32268595869559386,1.0406459669757169
h2_0.20_budget_75_pop_500_parents_40_gen_8_loss_strong,averaged_one_step_switching_5_draws,10,65010,8,600,-0.17336868567140806,3.9882017657539977,4.161570451425406,0.5201963064281758,0.30708600903901667,0.6935950752375676,21.129216600079683,0.33234621187287605,0.47682481231875284,0.1152921656378462,0.5653813602950916,0.1685942472563751,0.9871104969973848,0.018887262707765536,0.019133889027841605,-0.12293125595183402,600.0,0.10119912766579849,0.1711473270067169,0.3588712394791349,0.32914188666399485,0.5134419810201507
h2_0.20_budget_75_pop_500_parents_40_gen_8_loss_strong,averaged_one_step_switching_5_draws,11,65011,8,600,-0.16995870170456134,3.871631181768822,4.041589883473383,0.5051987354341729,0.40833934136061917,0.6735983139122306,21.598309648063506,0.31772043850245396,0.23175043730775824,0.03623072509644973,0.5255508240103594,0.1788987560113092,0.925097051069466,0.056525421482926365,0.06110215292285246,-0.09269519504238966,600.0,0.10170522500993684,0.15398727799765766,0.37252551493047825,0.3672407805734996,0.3079745559953153
h2_0.20_budget_75_pop_500_parents_40_gen_8_loss_strong,averaged_one_step_switching_5_draws,12,65012,8,600,-0.09945286233281186,3.4798187095470756,3.5792715718798873,0.4474089464849859,0.3708459800997327,0.5965452619799813,19.99548650546388,0.3564877318280397,0.4579180523068701,0.08783044409076597,0.588335156316332,0.15355864222013044,0.9315336368655822,0.007949404947753255,0.0085336746126542,-0.11580254443316215,600.0,0.17195178174733883,0.23044118200050434,0.2798176407982833,0.36821292369634034,0.9217647280020174
h2_0.20_budget_75_pop_500_parents_40_gen_8_loss_strong,averaged_one_step_switching_5_draws,13,65013,8,600,-0.11199452124497998,3.7502773479463825,3.8622718691913622,0.48278398364892033,0.34851713499020015,0.6437119781985604,20.934346046810607,0.38486196877048845,0.3389140083533044,0.22909780569181315,0.5201465342857173,0.09738233663772974,0.9549090290264222,0.023073636734878958,0.024163177887639928,-0.11741389379239207,600.0,0.18929220699646976,0.25152827199781314,0.36325495007129455,0.43086730690146097,0.5030565439956263
h2_0.20_budget_75_pop_500_parents_40_gen_8_loss_strong,averaged_one_step_switching_5_draws,14,65014,8,600,-0.07859978941089385,4.726956489614377,4.805556279025271,0.6006945348781589,0.4150036717877493,0.8009260465042118,24.363417455186337,0.37786415470722223,0.13520405917485587,0.13520405917485587,0.4956354485369256,0.14182747865707948,0.9155226487848813,0.007627212849563469,0.008330993077764503,-0.13713168840156495,600.0,0.1200925377488602,0.17645285699836677,0.34222410045400803,0.363751579989879,0.7058114279934671
h2_0.20_budget_75_pop_500_parents_40_gen_8_loss_strong,averaged_one_step_switching_5_draws,15,65015,8,600,-0.12248573609727434,4.586004207816154,4.708489943913428,0.5885612429891784,0.37953757670669436,0.7847483239855713,23.089189012535805,0.3272149846950003,0.30151135785873384,0.039850634736601144,0.5071899774513832,0.1490730264810819,0.9633869056381971,0.052986754013776415,0.055000492225577076,-0.1232879453792198,600.0,0.16769205500895623,0.22291830299946014,0.22040958404843422,0.30326849713171916,0.4458366059989203
h2_0.20_budget_75_pop_500_parents_40_gen_8_loss_strong,averaged_one_step_switching_5_draws,16,65016,8,600,-0.11572082498544668,4.565127322973024,4.6808481479584705,0.5851060184948087,0.37773854391771816,0.7801413579930784,22.716921609538694,0.37630972173199173,0.3558381819723784,0.0921441084057465,0.5849769547506926,0.14792325941949616,0.9868298767075737,0.005299278356892749,0.005370001944583483,-0.14455544383851485,600.0,0.17734171300544405,0.23046239660470746,0.35229422705988994,0.41579589715813176,1.1523119830235373
h2_0.20_budget_75_pop_500_parents_40_gen_8_loss_strong,averaged_one_step_switching_5_draws,17,65017,8,600,-0.1772559229485812,4.384992502062396,4.562248425010977,0.5702810531263721,0.35968367092222525,0.7603747375018295,22.377845574863656,0.32163987506524594,0.04266415784310142,0.04266415784310142,0.612748971297683,0.18252861006549498,0.9264854124217278,0.04531410839112806,0.048909683610324876,-0.12052316019469575,600.0,0.12041920167393982,0.17681030300445855,0.2082030140743709,0.2815835974131799,0.5304309090133756
h2_0.20_budget_75_pop_500_parents_40_gen_8_loss_strong,averaged_one_step_switching_5_draws,18,65018,8,600,-0.07761256247511066,4.854147446828028,4.931760009303138,0.6164700011628923,0.3351745785918355,0.8219600015505232,23.601795134840508,0.3447727342778294,0.1262323173611187,0.1262323173611187,0.4911942353622231,0.12094472838620242,0.9838518462796648,0.11715665147477347,0.11907956662152881,-0.12300904607749288,600.0,0.15182794199790806,0.20964707767901322,0.29567410621067297,0.3405743007856652,0.6289412330370396
h2_0.20_budget_75_pop_500_parents_40_gen_8_loss_strong,averaged_one_step_switching_5_draws,19,65019,8,600,-0.1634025110551807,5.244359133511082,5.407761644566263,0.6759702055707829,0.3778489010890149,0.9012936074277106,26.952963293499966,0.3679955900394851,0.26853508294450584,0.22298118682573834,0.6175293909215511,0.13680288385000336,0.9105023746909635,0.17025562778858008,0.18699086627463996,-0.1310500350141988,600.0,0.15946372799226083,0.22020998634009933,0.2666838610461207,0.32133073920108085,0.660629959020298
h2_0.20_budget_75_pop_500_parents_40_gen_8_loss_strong,averaged_one_step_switching_5_draws,20,65020,8,600,-0.0894710096104882,4.913951841922254,5.003422851532742,0.6254278564415927,0.4922754379947496,0.8339038085887903,26.16048883864533,0.43078442077972756,0.4173676885896781,0.30198665012895975,0.581239724624724,0.09678178417312204,0.9060688686795998,0.0717644615603445,0.07920420184497205,-0.13770793724001826,600.0,0.14456635050009936,0.19987432249763515,0.4353317115782664,0.497702174786503,0.3997486449952703
